step,price,volume
0,299.745910,9
1,299.635210,11
2,300.284730,13
3,299.742420,9
4,299.668030,9
5,299.536880,14
6,299.678950,9
7,299.036430,14
8,299.321180,11
9,299.786860,8
10,299.698940,15
11,299.833240,14
12,300.950470,16
13,299.662370,13
14,300.443590,15
15,300.119520,11
16,300.271590,13
17,300.719900,9
18,299.497790,15
19,300.524160,11
20,300.296410,10
21,299.906860,11
22,300.151450,12
23,299.764600,15
24,300.274880,9
25,300.379630,12
26,299.391770,13
27,300.085110,11
28,300.685020,15
29,299.740640,14
30,299.476380,13
31,299.566750,14
32,299.348520,11
33,300.060650,8
34,299.401620,12
35,300.358320,14
36,299.995760,11
37,299.429870,12
38,300.665710,11
39,299.488250,11
40,299.650100,10
41,299.787620,13
42,299.881210,11
43,300.180580,13
44,299.792270,13
45,300.194040,11
46,299.413350,12
47,299.821030,12
48,299.500640,8
49,300.353400,12
50,299.569500,16
51,299.825580,12
52,299.936410,13
53,300.128200,14
54,300.969390,15
55,301.118640,14
56,300.768680,16
57,300.418990,14
58,300.659100,13
59,299.834260,12
60,300.131700,15
61,299.927260,11
62,299.599220,10
63,299.823570,12
64,299.551380,15
65,300.336860,13
66,299.837580,8
67,300.402220,13
68,299.703450,13
69,299.500900,10
70,299.681140,13
71,299.894950,12
72,300.035600,14
73,299.472750,15
74,299.670140,13
75,300.912460,14
76,300.384200,10
77,299.886500,14
78,299.658890,10
79,299.872520,13
80,300.267380,13
81,300.018010,14
82,299.979250,9
83,300.480070,12
84,300.332450,10
85,300.620610,8
86,300.248200,10
87,300.291700,12
88,300.407920,13
89,300.757600,13
90,299.874420,11
91,301.464790,14
92,300.484490,13
93,299.796160,13
94,300.007470,14
95,299.926360,12
96,300.189720,12
97,300.093300,12
98,299.948760,11
99,300.766820,15
100,300.767950,12
101,300.765690,15
102,300.180820,13
103,300.660530,13
104,300.434140,14
105,301.207230,14
106,300.007460,18
107,300.401250,12
108,300.412690,15
109,300.236450,17
110,300.646380,9
111,300.377290,10
112,301.085870,12
113,300.164000,9
114,300.406080,12
115,300.835050,5
116,300.797080,10
117,300.904420,8
118,301.060370,7
119,300.661420,8
120,300.921490,13
121,300.395730,14
122,300.254870,11
123,299.630180,15
124,300.385840,14
125,300.924250,14
126,300.180410,13
127,300.565600,15
128,300.634050,13
129,300.088470,15
130,300.622870,13
131,299.460460,12
132,300.410060,16
133,299.684090,11
134,300.717470,15
135,300.277690,12
136,299.939770,14
137,300.120860,11
138,300.093470,15
139,300.429280,13
140,299.302390,11
141,299.939510,11
142,299.680020,13
143,299.115790,16
144,300.757330,14
145,299.814380,11
146,300.023370,15
147,299.431240,17
148,299.197980,14
149,300.010740,19
150,299.949340,13
151,299.814660,13
152,300.710620,13
153,299.866290,13
154,300.452320,12
155,300.447880,13
156,299.509550,18
157,299.743480,12
158,300.340700,13
159,299.586990,14
160,300.098260,13
161,300.075110,11
162,300.459290,16
163,299.523280,15
164,300.504930,15
165,300.231170,14
166,300.209130,15
167,299.982280,15
168,300.373800,13
169,299.773950,16
170,299.793150,11
171,299.969260,9
172,300.003140,10
173,299.775900,14
174,299.464180,9
175,299.936720,7
176,299.619100,15
177,299.348930,9
178,299.961280,11
179,299.906430,11
180,299.702800,14
181,299.209120,18
182,299.383270,17
183,300.946610,17
184,299.734690,17
185,301.113490,15
186,299.191510,14
187,300.638360,12
188,300.485860,17
189,300.714520,16
190,299.639670,12
191,300.835590,13
192,299.975100,9
193,299.970470,11
194,300.329560,12
195,300.121150,10
196,300.848910,13
197,299.782750,12
198,300.529230,9
199,300.305070,11
200,299.874470,10
201,300.015230,10
202,300.182790,10
203,299.995800,10
204,300.078800,8
205,299.893370,9
206,299.340230,11
207,299.752350,5
208,300.328370,11
209,299.963920,9
210,299.795660,11
211,300.147070,9
212,300.334390,11
213,299.894850,11
214,300.264260,8
215,299.781590,9
216,300.599840,13
217,300.233740,11
218,299.526320,13
219,300.789650,9
220,300.878660,12
221,300.419400,13
222,300.809790,14
223,299.825850,11
224,301.007810,11
225,300.494230,17
226,299.541720,14
227,300.187240,13
228,300.229360,16
229,300.816280,13
230,300.577230,18
231,300.515370,14
232,300.319340,15
233,300.831510,13
234,300.593810,11
235,299.999330,11
236,300.838090,12
237,300.833160,13
238,300.752580,14
239,300.780120,14
240,300.068840,11
241,301.000460,14
242,300.222460,15
243,301.286020,9
244,301.128840,13
245,300.825660,12
246,300.080280,13
247,299.829980,13
248,299.452540,18
249,300.799280,14
250,300.900480,14
251,300.845200,15
252,301.529800,15
253,300.579840,14
254,301.694660,16
255,300.571850,12
256,300.075600,13
257,300.273050,11
258,301.085320,14
259,301.156430,14
260,300.849770,15
261,300.553070,13
262,301.135000,17
263,300.209560,14
264,300.538440,12
265,300.148320,16
266,300.799390,17
267,300.924720,12
268,301.281330,14
269,300.268670,14
270,300.637770,9
271,301.448080,11
272,300.703560,12
273,300.437780,13
274,300.636130,11
275,302.042340,11
276,300.566820,11
277,301.301170,10
278,301.498560,12
279,300.889720,13
280,301.588030,11
281,301.986350,9
282,301.761250,9
283,301.895900,9
284,301.575730,9
285,301.762780,9
286,301.799100,7
287,301.282490,11
288,302.081130,10
289,301.942870,10
290,301.129690,15
291,301.791010,12
292,302.078920,10
293,302.412530,14
294,301.305290,15
295,302.211510,12
296,302.377200,15
297,301.478130,16
298,301.553500,13
299,302.270060,10
300,301.765610,12
301,302.494660,9
302,302.716570,11
303,302.760410,13
304,301.621520,12
305,302.068250,14
306,302.904850,10
307,301.932540,8
308,301.632330,10
309,301.884220,9
310,301.948240,11
311,302.321650,11
312,302.370470,13
313,302.539370,7
314,302.445290,8
315,302.591400,10
316,302.228710,12
317,302.300200,11
318,303.114330,12
319,301.852060,10
320,302.278890,15
321,302.608380,17
322,303.125540,14
323,302.151470,17
324,302.651760,17
325,302.639440,13
326,301.904000,18
327,302.266050,12
328,301.448810,21
329,302.190780,17
330,302.393930,14
331,301.726540,11
332,302.251780,12
333,301.631110,15
334,302.547960,10
335,302.691640,15
336,302.306330,13
337,302.381130,12
338,302.793340,12
339,302.329900,12
340,302.251570,14
341,302.091970,14
342,302.216930,12
343,302.388730,12
344,302.022080,13
345,302.891550,15
346,302.788300,13
347,302.145270,13
348,302.102950,12
349,301.936650,13
350,302.206180,12
351,302.334900,16
352,302.087890,16
353,302.198810,10
354,301.948680,14
355,302.270390,10
356,302.298730,16
357,301.972990,11
358,302.370860,12
359,301.450910,18
360,301.803320,12
361,302.083110,14
362,301.877490,13
363,301.816320,15
364,302.035330,10
365,301.164490,14
366,301.926320,13
367,302.366540,15
368,301.693130,13
369,301.504000,16
370,301.991220,11
371,302.276620,10
372,301.645780,14
373,301.631760,10
374,301.530470,12
375,302.092210,10
376,301.896290,10
377,302.184580,10
378,301.759440,12
379,302.130150,8
380,302.345490,14
381,302.515690,15
382,301.694230,14
383,301.612590,13
384,301.916590,15
385,302.087110,13
386,302.596170,15
387,302.021540,11
388,302.049080,12
389,302.237410,15
390,301.742340,11
391,302.508660,11
392,301.702720,12
393,301.726650,12
394,302.061540,11
395,301.466600,11
396,302.100510,13
397,302.521110,10
398,301.895330,14
399,302.103590,11
400,302.733270,9
401,302.776140,11
402,301.904300,11
403,302.293260,8
404,302.358030,13
405,301.834960,13
406,303.039550,10
407,302.602080,13
408,302.852380,9
409,301.888490,12
410,302.221370,14
411,302.253590,13
412,301.510000,10
413,301.618790,13
414,301.981730,17
415,301.641710,12
416,302.228480,13
417,301.654300,11
418,301.716090,11
419,301.437770,11
420,301.684180,12
421,302.413260,13
422,302.649420,15
423,302.107040,12
424,302.773820,14
425,302.744900,14
426,301.764030,12
427,302.178160,12
428,302.336970,13
429,302.929510,14
430,301.704610,16
431,301.640150,12
432,302.199010,12
433,302.580580,14
434,302.961920,13
435,302.491330,11
436,302.576380,13
437,301.914080,14
438,302.663070,11
439,302.381900,11
440,302.228210,14
441,303.334880,17
442,303.041260,14
443,302.462620,17
444,302.718580,15
445,302.089510,13
446,302.662030,16
447,303.097000,13
448,302.378730,17
449,302.765730,16
450,303.026080,8
451,302.934670,10
452,303.090120,8
453,303.016340,17
454,303.126340,12
455,302.662910,10
456,302.313200,9
457,302.466890,16
458,302.508640,13
459,301.994460,11
460,302.436000,10
461,302.289840,11
462,302.282380,12
463,301.954560,12
464,302.253820,12
465,302.999570,12
466,302.285050,17
467,301.979130,10
468,302.222540,14
469,302.263480,14
470,301.826180,12
471,301.993560,14
472,302.062200,17
473,301.883680,12
474,302.065580,13
475,302.242870,17
476,301.760100,10
477,301.215800,16
478,301.853950,13
479,301.879150,15
480,302.670640,15
481,301.333030,9
482,301.608300,14
483,302.535080,13
484,302.133380,14
485,302.430720,14
486,301.967750,12
487,301.509650,13
488,302.133590,18
489,302.068620,15
490,301.365690,16
491,301.185550,13
492,301.927880,14
493,301.805230,12
494,302.468240,13
495,302.371760,14
496,301.738880,14
497,301.133440,16
498,301.485320,11
499,302.094110,14
500,302.981820,16
501,302.409880,15
502,302.616400,14
503,302.533070,10
504,302.395940,14
505,302.609690,13
506,301.853170,13
507,302.489320,13
508,302.753200,17
509,302.433060,16
510,302.638370,16
511,302.132290,13
512,302.709470,14
513,302.619070,15
514,301.517340,16
515,302.414330,16
516,302.007180,14
517,301.549310,14
518,302.325020,17
519,301.963240,11
520,301.842670,11
521,301.634020,12
522,302.281420,11
523,302.239580,13
524,301.991750,10
525,301.927930,14
526,302.521150,11
527,302.294530,11
528,302.108740,9
529,302.393210,14
530,302.186490,15
531,302.504950,17
532,302.230560,14
533,302.004300,13
534,301.752880,16
535,302.293750,15
536,301.717660,13
537,301.821800,13
538,302.465880,13
539,302.020550,15
540,302.322180,15
541,301.523010,10
542,301.261910,13
543,302.419830,11
544,301.945910,12
545,301.959210,12
546,301.541110,9
547,302.849220,12
548,301.536460,11
549,301.938230,11
550,301.853760,18
551,301.712160,13
552,301.085170,16
553,301.482300,11
554,301.926730,12
555,301.804020,15
556,301.032170,13
557,302.306040,16
558,301.267310,15
559,301.933560,15
560,301.529130,12
561,300.998390,14
562,301.094690,15
563,301.155260,9
564,301.512810,13
565,301.535250,14
566,301.549070,10
567,301.582170,11
568,301.306610,11
569,300.886820,10
570,300.466500,9
571,300.554430,10
572,300.504910,12
573,300.632050,10
574,300.648270,11
575,300.181030,12
576,300.782990,11
577,299.965520,12
578,300.434750,10
579,300.097540,7
580,301.278190,16
581,301.012940,17
582,301.275020,14
583,300.671660,16
584,300.585290,16
585,300.672780,15
586,300.227090,16
587,301.731540,15
588,300.810240,10
589,301.343280,19
590,300.783150,12
591,301.599690,14
592,301.201560,15
593,300.809980,14
594,300.723930,20
595,300.879950,13
596,300.742800,13
597,300.579390,14
598,300.991920,18
599,301.486340,15
600,300.983170,16
601,301.652980,12
602,301.739040,11
603,301.014680,13
604,301.225420,11
605,301.394740,11
606,301.777400,16
607,301.587220,11
608,300.690780,13
609,300.582230,17
610,300.812050,16
611,301.241590,13
612,300.334150,16
613,300.843950,14
614,301.470160,18
615,301.334970,15
616,300.547740,19
617,300.277300,15
618,300.757920,18
619,300.943510,15
620,300.564650,12
621,301.411550,15
622,300.877460,13
623,300.550870,9
624,300.579930,11
625,300.935570,10
626,300.459940,12
627,301.202480,14
628,300.679330,12
629,300.206640,13
630,299.834840,13
631,299.648240,14
632,299.828330,15
633,300.189480,11
634,300.656060,10
635,300.889490,16
636,299.966100,14
637,300.222700,13
638,300.072130,10
639,300.061260,10
640,300.184580,15
641,299.995020,16
642,300.472090,15
643,300.177660,15
644,299.736650,13
645,300.014050,10
646,300.263940,14
647,300.213750,12
648,301.146120,12
649,300.323500,14
650,300.599240,13
651,300.665700,15
652,300.317160,11
653,300.576660,12
654,300.236820,11
655,300.449600,9
656,300.169810,16
657,300.488480,9
658,300.402740,12
659,300.724630,13
660,301.013640,12
661,300.871950,19
662,300.125320,18
663,300.619810,18
664,301.482210,15
665,300.190140,15
666,301.293170,14
667,300.825080,16
668,300.151240,14
669,301.396050,16
670,300.322560,13
671,300.540970,9
672,300.758550,9
673,300.473990,8
674,300.194260,10
675,300.207100,9
676,300.608230,11
677,299.790780,10
678,300.201080,8
679,300.417640,8
680,300.374460,9
681,300.186670,11
682,300.411610,11
683,299.861510,17
684,300.611290,11
685,300.577170,12
686,300.798000,12
687,300.013940,13
688,300.642830,11
689,299.914760,10
690,299.570220,13
691,300.486830,12
692,299.732820,14
693,299.923550,12
694,300.427000,12
695,300.192640,15
696,300.104660,9
697,300.251730,12
698,300.216350,10
699,300.504470,10
700,300.588400,9
701,300.342440,6
702,300.348590,8
703,300.428690,8
704,300.295900,12
705,299.893300,12
706,300.891280,10
707,300.909470,14
708,300.472410,8
709,300.718770,14
710,300.896400,11
711,300.939790,10
712,300.853050,12
713,300.088470,14
714,300.510310,9
715,301.170970,12
716,301.027950,11
717,300.707810,14
718,300.239190,11
719,300.444540,14
720,300.675230,16
721,300.187070,15
722,299.502160,14
723,300.905560,17
724,300.659240,16
725,300.871420,15
726,299.307240,14
727,300.617430,15
728,299.017230,18
729,300.018060,15
730,300.513600,11
731,299.867990,14
732,300.151650,10
733,300.733880,14
734,300.589460,14
735,299.746230,12
736,300.849560,16
737,299.931880,14
738,299.919880,16
739,300.789800,15
740,300.055460,13
741,300.743370,9
742,300.866350,14
743,301.379150,14
744,300.641750,11
745,300.465250,11
746,300.327120,16
747,300.398560,12
748,301.416140,13
749,301.261550,15
750,301.051770,15
751,301.158630,14
752,302.324500,14
753,302.363520,11
754,301.305360,14
755,301.163300,13
756,301.272640,13
757,301.492920,12
758,301.951150,14
759,302.123730,16
760,301.481860,12
761,301.856420,10
762,301.476350,11
763,301.379520,15
764,301.633180,9
765,301.974050,14
766,301.407900,12
767,301.873860,15
768,301.869200,8
769,301.492060,10
770,301.256860,10
771,302.243490,15
772,301.095200,13
773,301.502240,16
774,301.483620,9
775,302.357990,11
776,302.513910,15
777,301.596430,14
778,301.198610,17
779,302.215140,14
780,302.122400,14
781,302.077190,17
782,302.558660,13
783,302.420920,15
784,302.830980,14
785,301.514740,12
786,302.531860,15
787,301.386290,15
788,301.857230,14
789,302.507930,16
790,302.681400,13
791,302.257930,14
792,302.400120,14
793,302.777260,11
794,302.568830,14
795,302.448480,8
796,302.134900,14
797,301.865870,14
798,302.330540,12
799,301.754490,15
800,302.256870,14
801,302.281730,16
802,302.531460,14
803,303.054790,14
804,302.491760,12
805,302.454310,13
806,302.779340,14
807,302.284820,16
808,302.100840,14
809,301.889970,12
810,302.426900,14
811,302.702740,16
812,302.250000,16
813,301.897450,13
814,302.457800,15
815,302.663050,16
816,302.319290,15
817,301.670120,16
818,302.596040,16
819,301.785700,17
820,301.724380,7
821,301.751070,9
822,301.518480,11
823,302.572470,10
824,301.999650,13
825,302.479690,12
826,302.205310,11
827,301.821480,15
828,302.612010,10
829,302.409400,15
830,301.539810,11
831,302.464960,13
832,302.263130,12
833,301.831710,12
834,302.217530,9
835,301.548650,11
836,302.643270,14
837,301.598950,14
838,302.029050,10
839,302.738160,13
840,301.809700,13
841,302.779740,13
842,302.689700,16
843,302.675830,13
844,302.428610,12
845,302.541640,14
846,302.644800,12
847,302.130760,14
848,301.628530,14
849,303.111910,11
850,301.283280,16
851,301.747420,11
852,302.579080,12
853,301.465090,15
854,301.564980,15
855,301.801220,13
856,301.615910,13
857,301.684980,8
858,301.549540,11
859,301.467470,12
860,300.875450,11
861,300.928690,13
862,301.691970,9
863,301.837580,6
864,301.108420,9
865,301.402000,11
866,301.291030,12
867,301.034460,11
868,301.251660,11
869,301.692340,9
870,301.089130,15
871,301.000630,12
872,301.936290,10
873,301.805500,13
874,301.288650,14
875,301.355790,14
876,301.738110,13
877,301.195350,9
878,301.571590,14
879,301.752550,10
880,301.555780,14
881,302.345830,11
882,301.953560,14
883,301.744530,12
884,302.029220,12
885,302.028000,12
886,301.508910,13
887,302.274850,5
888,301.820740,9
889,302.084410,7
890,302.518010,12
891,302.500510,10
892,301.888110,12
893,302.547340,11
894,302.194040,9
895,302.487950,11
896,302.257420,9
897,302.814220,12
898,302.633920,11
899,302.107510,11
900,302.960550,14
901,303.114650,11
902,302.716040,14
903,302.668610,15
904,302.300790,11
905,302.750180,12
906,302.591560,14
907,302.338040,11
908,302.369130,9
909,302.261460,14
910,302.804650,11
911,302.610220,8
912,302.591930,13
913,301.901880,12
914,301.996360,13
915,301.705680,11
916,302.792590,9
917,302.654360,17
918,302.362880,11
919,302.840660,13
920,301.799980,12
921,302.384320,12
922,302.127760,11
923,302.508630,10
924,302.183700,12
925,302.495370,13
926,301.504360,16
927,302.344000,14
928,302.248060,11
929,301.458120,16
930,302.060730,15
931,301.831730,14
932,302.119290,15
933,302.299310,9
934,302.352450,11
935,302.372740,15
936,302.703540,14
937,302.130550,14
938,301.852140,15
939,302.365950,15
940,302.507820,14
941,302.401730,11
942,303.005100,13
943,302.002510,15
944,301.836620,13
945,302.125580,14
946,302.459350,12
947,301.846610,15
948,302.022110,11
949,302.073920,11
950,301.414160,13
951,302.321410,15
952,301.689270,12
953,302.466890,15
954,302.255150,7
955,302.468350,12
956,301.908360,9
957,301.635080,9
958,301.945690,12
959,302.144460,11
960,302.547960,12
961,301.888820,12
962,302.163260,14
963,302.665410,11
964,301.732450,15
965,302.238340,10
966,302.412140,11
967,301.963140,12
968,302.085910,13
969,302.262560,13
970,303.133120,12
971,302.102480,11
972,301.698870,13
973,301.830730,9
974,301.702290,14
975,302.430550,11
976,303.004550,16
977,302.867360,13
978,302.045520,11
979,302.007560,13
980,301.021150,11
981,301.991340,12
982,301.146320,12
983,301.622970,13
984,301.527080,14
985,301.004790,10
986,301.087350,13
987,300.898150,12
988,300.467000,12
989,300.939750,14
990,301.558830,15
991,300.069300,14
992,301.667240,14
993,301.797380,14
994,301.275050,13
995,301.772130,14
996,301.284810,13
997,302.275360,16
998,301.190370,12
999,301.189480,10
1000,300.967520,10
1001,301.182080,13
1002,300.964120,11
1003,301.355560,10
1004,301.089810,10
1005,300.743370,8
1006,300.619050,12
1007,301.090550,9
1008,301.414070,6
1009,301.724290,9
1010,301.538310,11
1011,301.265270,10
1012,301.399400,9
1013,302.235530,13
1014,302.102780,10
1015,301.615470,13
1016,301.257000,12
1017,301.891820,9
1018,302.036120,12
1019,301.834770,12
1020,302.804830,15
1021,301.378470,14
1022,301.884490,11
1023,302.091750,10
1024,302.150870,12
1025,301.746790,11
1026,301.742500,10
1027,301.649640,12
1028,301.690990,11
1029,302.351450,12
1030,302.297360,10
1031,302.231860,11
1032,301.996830,12
1033,302.295870,9
1034,301.775200,14
1035,301.804080,11
1036,302.709300,10
1037,302.357190,11
1038,302.529370,13
1039,302.345970,12
1040,301.597490,15
1041,302.066550,10
1042,302.046740,14
1043,302.237760,12
1044,302.636650,10
1045,301.869630,15
1046,302.552790,13
1047,301.737430,13
1048,301.808270,14
1049,302.043780,8
1050,301.917950,13
1051,302.594310,10
1052,302.116310,11
1053,302.404730,9
1054,302.220450,9
1055,302.360490,11
1056,302.771130,11
1057,301.930250,13
1058,302.597180,11
1059,302.221420,10
1060,301.306450,15
1061,301.533590,12
1062,301.834190,12
1063,302.558830,11
1064,302.181220,12
1065,302.182150,13
1066,301.352040,14
1067,302.294330,14
1068,302.410560,12
1069,301.628920,12
1070,302.958770,11
1071,302.454250,7
1072,302.106390,10
1073,302.332370,11
1074,302.538380,12
1075,302.250260,10
1076,302.719520,11
1077,302.152540,8
1078,302.559420,10
1079,302.182870,15
1080,302.030620,11
1081,302.688510,15
1082,302.157610,11
1083,303.238430,11
1084,301.788270,11
1085,301.921780,10
1086,302.854960,11
1087,302.387890,14
1088,301.874060,15
1089,301.936690,13
1090,302.514810,17
1091,302.402830,15
1092,301.807810,17
1093,301.222800,15
1094,302.092970,13
1095,302.459550,14
1096,301.958570,14
1097,301.899570,13
1098,301.608030,15
1099,302.196340,12
1100,301.805770,10
1101,301.822000,9
1102,302.021420,8
1103,301.972940,8
1104,301.471110,5
1105,301.248690,10
1106,302.225790,11
1107,301.278410,9
1108,301.655230,9
1109,301.396660,10
1110,301.637580,10
1111,301.804270,15
1112,301.560500,11
1113,301.379450,11
1114,301.781890,12
1115,301.745990,10
1116,302.130400,11
1117,301.977040,8
1118,301.645810,15
1119,301.762770,14
1120,301.223730,11
1121,301.600300,14
1122,301.306440,11
1123,302.352930,15
1124,301.755800,10
1125,301.362690,16
1126,301.129010,13
1127,301.288320,12
1128,301.666330,14
1129,301.313870,11
1130,301.092890,15
1131,301.360410,16
1132,301.229110,16
1133,301.001890,16
1134,302.042120,16
1135,301.931320,13
1136,301.551650,12
1137,301.341440,12
1138,301.716380,12
1139,301.846870,10
1140,302.549070,12
1141,302.151890,13
1142,302.350440,12
1143,301.267800,17
1144,301.121740,16
1145,301.432670,16
1146,301.587220,13
1147,301.534590,15
1148,301.544930,14
1149,301.874020,15
1150,302.199440,13
1151,302.458500,13
1152,302.039050,17
1153,302.008990,12
1154,302.539850,13
1155,301.731300,15
1156,302.573420,12
1157,302.453500,12
1158,302.394700,10
1159,302.086990,17
1160,302.765160,12
1161,302.551720,16
1162,302.680570,12
1163,303.017350,12
1164,302.282060,11
1165,302.484190,13
1166,302.257760,12
1167,303.215310,11
1168,302.812890,15
1169,302.409820,10
1170,303.182490,14
1171,303.546680,12
1172,302.644100,10
1173,303.007670,11
1174,303.142020,13
1175,302.670670,12
1176,302.744220,11
1177,303.176510,13
1178,302.719040,10
1179,302.846510,11
1180,302.139620,13
1181,303.033070,12
1182,303.173890,15
1183,303.650100,15
1184,303.711850,16
1185,302.795040,14
1186,303.986450,18
1187,302.405280,17
1188,303.697550,13
1189,302.232340,15
1190,303.014740,12
1191,303.058800,15
1192,303.679890,11
1193,302.714520,15
1194,302.676460,10
1195,303.482480,12
1196,303.323300,10
1197,302.734160,13
1198,302.878710,13
1199,303.598740,13
1200,303.514900,12
1201,303.458110,10
1202,303.574810,13
1203,304.111870,11
1204,303.607530,13
1205,304.186340,14
1206,303.744310,12
1207,303.921110,13
1208,304.430420,14
1209,303.393600,9
1210,303.315000,13
1211,303.079900,14
1212,304.038660,13
1213,302.685480,14
1214,303.092590,12
1215,303.539650,12
1216,303.753590,14
1217,304.213320,11
1218,303.157690,10
1219,303.361460,10
1220,303.207980,16
1221,303.687320,15
1222,302.504550,16
1223,303.879730,13
1224,303.076610,11
1225,303.633590,14
1226,303.195350,14
1227,303.341200,13
1228,303.135580,12
1229,303.684750,12
1230,303.233350,13
1231,302.613280,13
1232,302.558350,15
1233,303.680290,16
1234,303.712560,11
1235,303.608480,13
1236,303.224270,10
1237,303.277260,13
1238,303.285610,14
1239,302.486930,14
1240,303.452210,10
1241,303.543140,12
1242,303.286360,13
1243,303.663450,13
1244,303.264240,12
1245,303.304890,12
1246,303.545990,12
1247,303.412770,10
1248,303.706010,12
1249,303.122610,11
1250,303.180790,10
1251,303.933960,8
1252,304.054620,12
1253,303.506360,11
1254,303.752270,7
1255,303.305790,13
1256,303.463700,8
1257,304.102940,9
1258,304.432250,12
1259,303.787480,11
1260,303.098930,16
1261,304.633960,13
1262,304.327030,16
1263,303.714030,12
1264,304.395200,15
1265,303.712820,10
1266,304.266100,13
1267,304.697110,12
1268,303.192910,14
1269,304.293430,17
1270,304.862260,16
1271,304.110960,18
1272,303.418230,18
1273,305.286760,16
1274,304.208690,15
1275,304.593330,18
1276,304.618370,16
1277,303.686040,19
1278,304.130470,16
1279,303.454880,15
1280,304.355950,10
1281,303.850950,10
1282,304.274160,10
1283,304.262400,11
1284,303.813780,9
1285,304.375400,14
1286,304.238860,11
1287,304.511400,12
1288,304.105790,11
1289,303.955350,11
1290,304.029090,13
1291,303.905640,11
1292,304.759710,16
1293,304.004910,13
1294,303.981370,11
1295,303.540420,8
1296,304.650610,15
1297,303.505320,16
1298,304.253950,10
1299,303.341150,15
1300,303.578180,12
1301,303.061180,13
1302,303.131260,10
1303,303.071710,11
1304,303.631200,15
1305,303.235330,14
1306,303.636350,12
1307,303.244600,11
1308,303.934780,14
1309,303.976540,13
1310,303.626850,11
1311,303.405690,10
1312,303.724640,10
1313,303.908150,10
1314,303.152720,10
1315,303.367580,14
1316,303.478010,12
1317,303.443860,11
1318,303.626550,6
1319,303.856560,10
1320,303.740490,12
1321,304.040180,11
1322,303.346820,13
1323,303.666440,13
1324,303.851910,11
1325,303.344900,10
1326,303.891310,11
1327,303.692190,9
1328,303.205630,13
1329,303.692430,15
1330,303.986760,14
1331,303.808180,15
1332,302.866590,18
1333,303.513570,13
1334,303.692940,14
1335,303.379990,16
1336,303.635100,14
1337,304.241850,17
1338,304.636530,17
1339,303.732330,13
1340,303.657240,11
1341,303.875680,14
1342,304.371500,12
1343,303.598950,11
1344,303.830490,13
1345,303.097310,13
1346,303.448150,11
1347,303.208170,8
1348,304.089830,9
1349,303.711130,12
1350,303.287560,13
1351,303.230220,9
1352,303.140720,14
1353,303.171490,13
1354,302.471310,12
1355,302.759220,11
1356,303.750930,13
1357,303.636760,14
1358,303.648330,13
1359,303.375550,12
1360,304.287500,11
1361,303.380110,14
1362,304.113530,9
1363,303.696110,10
1364,303.333100,11
1365,303.776770,14
1366,304.049890,8
1367,303.540020,15
1368,303.198520,14
1369,303.394930,12
1370,303.305610,13
1371,304.446420,13
1372,303.509090,14
1373,303.053220,14
1374,304.496370,11
1375,303.032490,14
1376,304.133300,13
1377,303.051130,13
1378,304.857990,14
1379,303.848040,12
1380,303.460410,14
1381,303.521670,15
1382,304.507040,12
1383,303.662750,12
1384,303.709620,17
1385,304.046920,14
1386,303.431550,14
1387,303.613370,13
1388,304.588790,13
1389,303.406240,9
1390,303.790180,13
1391,303.143980,15
1392,303.887090,15
1393,302.782270,14
1394,303.212840,13
1395,303.252030,14
1396,303.285250,15
1397,303.072770,11
1398,303.207970,13
1399,302.591350,18
1400,303.193960,13
1401,302.531950,12
1402,302.580950,14
1403,303.094490,16
1404,302.499350,12
1405,303.177940,14
1406,302.749650,13
1407,302.327650,11
1408,303.578880,14
1409,302.221520,11
1410,302.738500,14
1411,302.354260,11
1412,302.637760,14
1413,302.346010,12
1414,302.638790,10
1415,303.285340,18
1416,302.258960,11
1417,302.225700,15
1418,302.285170,13
1419,302.698450,17
1420,302.634440,16
1421,302.804500,15
1422,302.703990,13
1423,302.483880,14
1424,302.167650,11
1425,302.996110,14
1426,301.872540,11
1427,302.598510,15
1428,302.181020,13
1429,301.930950,10
1430,301.525970,14
1431,302.161100,13
1432,301.976330,20
1433,302.789630,14
1434,301.675340,17
1435,302.205220,10
1436,302.040510,14
1437,301.903060,17
1438,302.558740,13
1439,301.764920,14
1440,301.551800,11
1441,301.472470,12
1442,300.891740,11
1443,302.146900,11
1444,301.736490,13
1445,301.941370,11
1446,300.989650,12
1447,301.362850,12
1448,301.089910,12
1449,301.517870,13
1450,300.782640,18
1451,301.287280,16
1452,301.733960,16
1453,301.720450,14
1454,301.066360,19
1455,301.262670,14
1456,301.961720,16
1457,300.210810,19
1458,301.633980,17
1459,300.970300,16
1460,301.451510,14
1461,300.821470,9
1462,300.717480,13
1463,300.774180,12
1464,300.980580,12
1465,300.827440,12
1466,300.982270,9
1467,301.046880,10
1468,301.396170,11
1469,300.432730,9
1470,300.128540,10
1471,300.907140,13
1472,301.047360,13
1473,300.557060,9
1474,300.804620,10
1475,300.193640,12
1476,300.770700,10
1477,300.895720,13
1478,300.084160,12
1479,301.056750,11
1480,299.760990,11
1481,299.548470,15
1482,299.857890,13
1483,299.425440,14
1484,299.506610,14
1485,300.521800,14
1486,299.984710,13
1487,299.628370,10
1488,300.268780,14
1489,299.641090,8
1490,299.424620,14
1491,299.753010,14
1492,300.254600,15
1493,299.505960,16
1494,300.155210,15
1495,299.343880,15
1496,300.079070,13
1497,300.273500,10
1498,300.349960,13
1499,299.542620,13
1500,299.789720,14
1501,299.973480,13
1502,299.438310,16
1503,299.986550,15
1504,299.900050,11
1505,299.664070,14
1506,299.366370,12
1507,299.924270,10
1508,300.509750,12
1509,300.009490,12
1510,300.173360,16
1511,299.912720,11
1512,299.709640,13
1513,299.791070,10
1514,300.128220,14
1515,300.183450,11
1516,300.442770,10
1517,299.835410,12
1518,299.766890,10
1519,299.384090,12
1520,300.174410,13
1521,299.770620,14
1522,300.148040,10
1523,300.096620,9
1524,299.625890,11
1525,299.991100,14
1526,300.876200,14
1527,300.668590,14
1528,300.605690,15
1529,300.378820,11
1530,299.844550,12
1531,299.718520,10
1532,300.111620,16
1533,299.692850,12
1534,299.582250,12
1535,299.388190,13
1536,299.819140,7
1537,300.593490,14
1538,299.311340,14
1539,299.705060,12
1540,301.201370,16
1541,301.047920,15
1542,300.594020,14
1543,300.590110,12
1544,300.027820,14
1545,300.287590,11
1546,300.756430,17
1547,300.298740,13
1548,300.478380,12
1549,300.934060,14
1550,300.188570,17
1551,300.701820,14
1552,300.675520,18
1553,300.898940,16
1554,300.875470,13
1555,300.483230,14
1556,300.583150,16
1557,299.926170,13
1558,299.922470,19
1559,300.189070,17
1560,300.745650,12
1561,301.152510,14
1562,300.760800,8
1563,300.561970,13
1564,300.258620,9
1565,300.111900,12
1566,300.788140,12
1567,300.775470,12
1568,300.663600,12
1569,300.234780,17
1570,300.609770,10
1571,300.773450,14
1572,300.333710,15
1573,301.182670,16
1574,300.798480,14
1575,300.937980,11
1576,300.526680,15
1577,300.982020,14
1578,300.688240,10
1579,301.448140,15
1580,300.577010,11
1581,300.468580,12
1582,300.857120,7
1583,300.824390,12
1584,300.739570,11
1585,300.389360,12
1586,300.617840,11
1587,301.227840,12
1588,301.164010,13
1589,300.777920,12
1590,300.609740,8
1591,301.194820,9
1592,300.750940,9
1593,300.912950,8
1594,300.632440,10
1595,301.832900,8
1596,300.404630,9
1597,301.317690,9
1598,300.788920,7
1599,301.037930,8
1600,301.522980,13
1601,301.157170,10
1602,301.961960,8
1603,301.350150,13
1604,301.718480,15
1605,301.806720,11
1606,301.634700,9
1607,301.079660,14
1608,301.611990,9
1609,301.700370,11
1610,300.618140,14
1611,301.483170,12
1612,300.716590,12
1613,300.960340,10
1614,301.515530,13
1615,300.812570,11
1616,301.574100,11
1617,301.652360,13
1618,301.511940,13
1619,301.448660,10
1620,300.774240,12
1621,301.401670,13
1622,301.950300,15
1623,301.129730,9
1624,300.798940,12
1625,301.392570,10
1626,300.627300,15
1627,300.785130,14
1628,301.271710,12
1629,301.410280,15
1630,302.011350,16
1631,301.409570,16
1632,301.478770,17
1633,301.458580,12
1634,301.818500,15
1635,301.052130,16
1636,301.950580,13
1637,301.688050,16
1638,302.349880,18
1639,301.653320,16
1640,302.064150,12
1641,302.440730,11
1642,302.430710,14
1643,301.686210,10
1644,303.016850,16
1645,301.429700,14
1646,302.607450,13
1647,302.418410,11
1648,302.266720,15
1649,302.151120,12
1650,302.438950,11
1651,302.671660,14
1652,302.988940,10
1653,302.451530,10
1654,302.652370,10
1655,302.981650,14
1656,302.405310,8
1657,302.024900,13
1658,302.073760,11
1659,302.736360,12
1660,302.969450,11
1661,303.381630,14
1662,303.358820,13
1663,303.916410,17
1664,303.071130,11
1665,302.810010,13
1666,303.807680,12
1667,302.750540,13
1668,303.154560,13
1669,302.668290,15
1670,303.913130,15
1671,302.418170,14
1672,303.195750,13
1673,303.383200,17
1674,302.547060,16
1675,303.813100,15
1676,303.581510,12
1677,302.341750,16
1678,303.050600,16
1679,304.050890,16
1680,303.458370,12
1681,304.037600,13
1682,303.278070,14
1683,303.870440,10
1684,304.440230,15
1685,304.106440,14
1686,304.265840,10
1687,303.824360,9
1688,303.913040,8
1689,303.920660,7
1690,303.294860,17
1691,302.679670,18
1692,303.511770,16
1693,303.407520,12
1694,303.406850,16
1695,302.809910,16
1696,303.838850,13
1697,303.448550,15
1698,303.559090,14
1699,303.010570,15
1700,303.127330,17
1701,303.174010,13
1702,303.390680,16
1703,302.853600,13
1704,303.292600,14
1705,302.941600,16
1706,302.976870,14
1707,302.745130,14
1708,302.803810,16
1709,302.296230,11
1710,302.953380,14
1711,302.314670,16
1712,302.220590,16
1713,302.112480,13
1714,302.678990,13
1715,303.011770,13
1716,301.714410,16
1717,302.490770,10
1718,302.551840,15
1719,302.676690,12
1720,303.081610,14
1721,303.017630,15
1722,303.042250,14
1723,303.898860,19
1724,303.245480,13
1725,303.468880,16
1726,302.149010,18
1727,302.635940,16
1728,303.535100,14
1729,302.898420,19
1730,303.354180,9
1731,303.071440,12
1732,302.748310,11
1733,303.172930,15
1734,303.083920,15
1735,303.725620,13
1736,303.694330,13
1737,303.365560,13
1738,303.623950,14
1739,303.149290,12
1740,303.824340,16
1741,302.731230,14
1742,303.045910,13
1743,303.679980,16
1744,303.652730,16
1745,303.611420,14
1746,302.089620,13
1747,303.184260,12
1748,302.803850,16
1749,302.934300,13
1750,302.949910,14
1751,304.204400,14
1752,302.985200,13
1753,303.333450,14
1754,303.326510,10
1755,303.315910,17
1756,302.475610,13
1757,303.185560,15
1758,303.157950,17
1759,302.827270,12
1760,303.400620,12
1761,302.646500,11
1762,303.253870,14
1763,302.817940,16
1764,302.933360,13
1765,302.866760,12
1766,302.882670,11
1767,302.970380,12
1768,303.340560,12
1769,303.807170,13
1770,303.834790,11
1771,304.001910,11
1772,303.944510,12
1773,303.580180,9
1774,303.880030,9
1775,304.059500,12
1776,303.816090,13
1777,304.863600,11
1778,303.988190,10
1779,303.607910,10
1780,304.312120,15
1781,303.985730,12
1782,303.806880,11
1783,303.827340,14
1784,304.242790,9
1785,304.264590,12
1786,304.392740,11
1787,303.950600,15
1788,303.651580,17
1789,304.378420,12
1790,304.833780,12
1791,304.000510,12
1792,303.593610,12
1793,304.769970,12
1794,304.227240,11
1795,305.047740,12
1796,304.639720,9
1797,304.668620,13
1798,303.817410,12
1799,304.982020,14
1800,304.221370,10
1801,304.534810,12
1802,304.330630,12
1803,304.626950,12
1804,304.136260,9
1805,304.774070,11
1806,304.283520,14
1807,304.646320,10
1808,303.740190,14
1809,304.149290,11
1810,303.916120,13
1811,303.930780,12
1812,303.975300,12
1813,303.934470,11
1814,304.568340,12
1815,303.892370,12
1816,304.560200,15
1817,304.981180,12
1818,303.749190,12
1819,304.090740,10
1820,304.392270,11
1821,303.836380,13
1822,304.487650,11
1823,303.604750,12
1824,304.771360,10
1825,303.546550,14
1826,304.762610,12
1827,304.109890,6
1828,304.008340,12
1829,304.132820,15
1830,304.686830,15
1831,304.011060,15
1832,304.562690,14
1833,304.339540,15
1834,303.842690,16
1835,303.913740,14
1836,304.628450,10
1837,303.987630,18
1838,305.086590,15
1839,303.904670,18
1840,304.624930,11
1841,305.037460,11
1842,304.818680,11
1843,305.082050,14
1844,304.406430,10
1845,304.833210,13
1846,304.923580,12
1847,304.954790,12
1848,304.367500,12
1849,304.761540,11
1850,303.935640,13
1851,305.058080,13
1852,304.923940,12
1853,304.617140,11
1854,304.893530,11
1855,304.281290,13
1856,304.429940,10
1857,304.966990,13
1858,304.024850,14
1859,304.462560,15
1860,304.382050,13
1861,304.034860,10
1862,303.923650,13
1863,303.862100,14
1864,303.883310,15
1865,304.633170,14
1866,304.027010,12
1867,303.525210,15
1868,304.462360,14
1869,303.700320,14
1870,304.351020,10
1871,303.926600,10
1872,304.729260,8
1873,304.581660,14
1874,304.583240,11
1875,304.119010,13
1876,303.483100,14
1877,303.960980,16
1878,304.743140,14
1879,305.037530,13
1880,305.039120,11
1881,305.485610,14
1882,305.738310,14
1883,304.847090,15
1884,305.492150,11
1885,304.430750,12
1886,305.373640,15
1887,304.965300,13
1888,304.220210,18
1889,304.685300,11
1890,305.095250,12
1891,304.512050,14
1892,304.685200,17
1893,305.769680,14
1894,305.238740,11
1895,305.339220,8
1896,304.697050,11
1897,305.172110,13
1898,305.676580,11
1899,304.751120,8
1900,304.710750,8
1901,305.660510,11
1902,304.729090,11
1903,304.501720,10
1904,304.387920,10
1905,304.692810,8
1906,305.187940,7
1907,304.643080,10
1908,305.229160,11
1909,304.705960,10
1910,304.653950,12
1911,305.025470,8
1912,304.666380,11
1913,305.385270,12
1914,305.113550,15
1915,304.653880,11
1916,304.296300,11
1917,304.871130,5
1918,304.891620,14
1919,304.509690,12
1920,305.193140,15
1921,304.763340,14
1922,305.274020,15
1923,304.619810,15
1924,304.475450,16
1925,304.322780,11
1926,304.757350,14
1927,304.336870,16
1928,304.517830,16
1929,304.689430,13
1930,304.486700,13
1931,304.467490,9
1932,304.458510,12
1933,304.790990,8
1934,304.774400,10
1935,304.630200,10
1936,304.915460,11
1937,305.005870,12
1938,304.632950,9
1939,304.981950,11
1940,304.091770,12
1941,304.661120,16
1942,304.418530,13
1943,304.554660,10
1944,304.371260,10
1945,304.731240,10
1946,304.333480,8
1947,304.809230,12
1948,304.207850,9
1949,304.544520,8
1950,304.995090,12
1951,303.984250,14
1952,304.312690,13
1953,304.731200,13
1954,304.544580,12
1955,304.221210,13
1956,304.787490,15
1957,304.196500,12
1958,304.553340,14
1959,304.316350,10
1960,304.759700,18
1961,304.783220,14
1962,303.390750,15
1963,304.312410,15
1964,304.097600,15
1965,305.398570,19
1966,304.716290,12
1967,304.125920,14
1968,303.433660,16
1969,303.448950,18
1970,303.551000,13
1971,303.413490,11
1972,303.838660,7
1973,304.195360,10
1974,303.843340,11
1975,303.212480,10
1976,304.040520,10
1977,304.230310,13
1978,304.071160,9
1979,303.903970,13
1980,303.998790,17
1981,302.821050,15
1982,303.016220,12
1983,302.992000,15
1984,303.273800,17
1985,303.978080,19
1986,303.112110,13
1987,303.848230,13
1988,302.619670,15
1989,303.904990,14
1990,303.543040,17
1991,302.957640,14
1992,303.326600,13
1993,303.695940,15
1994,304.369830,11
1995,304.010280,16
1996,303.352680,16
1997,303.637710,15
1998,303.590650,16
1999,303.870800,14
2000,304.052620,14
2001,304.513170,15
2002,304.048540,9
2003,304.192600,16
2004,304.171530,14
2005,304.265200,16
2006,303.767040,12
2007,303.620560,14
2008,303.339820,14
2009,304.977630,12
2010,304.958710,12
2011,304.699590,10
2012,304.617350,12
2013,304.992820,14
2014,304.465750,12
2015,304.234130,10
2016,303.841600,12
2017,304.211330,15
2018,304.376830,14
2019,304.649520,11
2020,304.100680,13
2021,304.894150,13
2022,304.204600,14
2023,303.283360,14
2024,303.547900,11
2025,304.534520,11
2026,304.324330,15
2027,304.557960,12
2028,304.103340,13
2029,304.088010,13
2030,304.800610,14
2031,304.074400,13
2032,303.727970,12
2033,303.670960,12
2034,304.198520,11
2035,304.258700,13
2036,303.934080,10
2037,303.693450,10
2038,304.126600,11
2039,303.955910,13
2040,303.800230,11
2041,303.836090,11
2042,303.910950,10
2043,304.094130,13
2044,304.747380,12
2045,304.327870,10
2046,303.620020,11
2047,303.839250,10
2048,304.425130,12
2049,304.102790,13
2050,303.638360,11
2051,304.513790,15
2052,303.881970,13
2053,304.634600,15
2054,304.304940,14
2055,304.299130,16
2056,303.695490,11
2057,303.608670,11
2058,304.475820,15
2059,303.796780,12
2060,303.823100,11
2061,303.749800,11
2062,303.742760,10
2063,303.792480,12
2064,304.446990,16
2065,304.354420,11
2066,304.186250,14
2067,303.847170,13
2068,304.299280,13
2069,304.202530,12
2070,304.328240,11
2071,303.506800,11
2072,303.963390,11
2073,304.027040,9
2074,303.444270,10
2075,303.342000,8
2076,303.503510,11
2077,304.031380,10
2078,304.080370,9
2079,303.563790,12
2080,303.802110,14
2081,304.589300,11
2082,304.464240,11
2083,304.102850,14
2084,303.944810,13
2085,303.724360,13
2086,304.642280,14
2087,304.262400,13
2088,303.855460,12
2089,304.262400,15
2090,304.608970,12
2091,304.866390,10
2092,304.586120,12
2093,304.363810,17
2094,304.810050,13
2095,303.995960,12
2096,303.845080,14
2097,304.558180,14
2098,305.360410,18
2099,304.914210,17
2100,305.322350,17
2101,305.319770,14
2102,305.262260,17
2103,306.061780,19
2104,305.079400,14
2105,305.191360,16
2106,304.740710,16
2107,304.149500,15
2108,305.363600,18
2109,304.728810,14
2110,304.855070,14
2111,305.106550,12
2112,304.571710,13
2113,305.247840,13
2114,304.306070,17
2115,304.932070,12
2116,305.242080,12
2117,304.853590,13
2118,304.932530,15
2119,305.718900,15
2120,304.586500,10
2121,304.986720,11
2122,305.110550,10
2123,305.281910,12
2124,305.637750,13
2125,305.450660,11
2126,305.206190,10
2127,304.721360,11
2128,304.702500,8
2129,305.104230,15
2130,305.521480,11
2131,305.784460,13
2132,305.648620,11
2133,305.657810,13
2134,304.980640,10
2135,305.292020,11
2136,305.892480,10
2137,305.328480,12
2138,305.881790,13
2139,305.472100,10
2140,305.822480,12
2141,305.458040,10
2142,305.340590,9
2143,305.597500,11
2144,304.882340,9
2145,305.188490,11
2146,304.614030,14
2147,305.542530,7
2148,304.960910,11
2149,304.917550,8
2150,304.803210,13
2151,305.256640,13
2152,305.352460,12
2153,305.453130,12
2154,305.492830,14
2155,304.677350,12
2156,305.276690,9
2157,304.555250,11
2158,305.381160,17
2159,304.529870,14
2160,304.957930,7
2161,305.343520,8
2162,304.757820,8
2163,305.016080,7
2164,304.795520,8
2165,305.237200,8
2166,305.315950,8
2167,305.238680,7
2168,305.284470,6
2169,304.400910,13
2170,305.017660,11
2171,305.614900,16
2172,304.830360,16
2173,305.744570,15
2174,304.465830,11
2175,304.974790,14
2176,304.478910,17
2177,305.135670,12
2178,304.853780,16
2179,304.622440,12
2180,304.421060,13
2181,305.120720,10
2182,305.458170,12
2183,305.339510,12
2184,304.837510,13
2185,305.045730,11
2186,305.856600,15
2187,305.187640,12
2188,304.834240,15
2189,304.716920,12
2190,304.949080,10
2191,305.466850,13
2192,304.753980,8
2193,304.857050,8
2194,304.499890,9
2195,304.836260,9
2196,305.057300,11
2197,305.082560,13
2198,304.659940,8
2199,304.679430,8
2200,304.351930,10
2201,304.241120,13
2202,304.010920,14
2203,303.975300,14
2204,304.321380,12
2205,304.334810,11
2206,304.010200,14
2207,304.509370,13
2208,304.977880,13
2209,304.140690,12
2210,303.864710,14
2211,304.306700,12
2212,304.845630,14
2213,304.253790,12
2214,304.872090,12
2215,304.406070,13
2216,303.775850,16
2217,304.461050,17
2218,305.350560,10
2219,303.986450,15
2220,304.071710,13
2221,303.834570,14
2222,304.255390,11
2223,303.834720,13
2224,304.148380,11
2225,303.598750,13
2226,303.756900,12
2227,303.837380,13
2228,303.863500,10
2229,304.299420,15
2230,304.539060,11
2231,304.690120,12
2232,303.753980,12
2233,304.540690,11
2234,304.640310,10
2235,303.668250,12
2236,304.349230,14
2237,303.524960,9
2238,303.644890,10
2239,304.497770,13
2240,304.831180,12
2241,305.265670,13
2242,304.373500,10
2243,304.595770,8
2244,304.628890,15
2245,304.151150,11
2246,304.546900,15
2247,305.112800,13
2248,304.438970,17
2249,304.004330,13
2250,304.260860,11
2251,304.413890,11
2252,303.985390,9
2253,304.242390,11
2254,304.242460,9
2255,304.578340,13
2256,304.422340,11
2257,304.570670,13
2258,304.576680,12
2259,304.287850,10
2260,304.592780,14
2261,304.452020,11
2262,304.434100,9
2263,304.510940,14
2264,304.574830,11
2265,304.709940,10
2266,304.474470,13
2267,303.961080,12
2268,304.782330,10
2269,303.895870,16
2270,303.935410,15
2271,303.873790,13
2272,304.895090,13
2273,303.838570,16
2274,304.390800,12
2275,303.782660,12
2276,303.606460,18
2277,304.118750,12
2278,304.608230,13
2279,303.600340,13
2280,303.965770,13
2281,302.878470,14
2282,303.668120,14
2283,304.073440,10
2284,304.078390,14
2285,303.475750,15
2286,303.860830,14
2287,303.642250,14
2288,303.780320,13
2289,304.211680,12
2290,303.423860,16
2291,302.834110,12
2292,303.633950,10
2293,303.171140,10
2294,303.366820,10
2295,303.898580,13
2296,304.112110,15
2297,303.575110,10
2298,303.958370,15
2299,304.091240,12
2300,304.106750,11
2301,303.665770,10
2302,304.292920,12
2303,303.924790,10
2304,303.776860,11
2305,303.528220,13
2306,304.274210,12
2307,304.008250,8
2308,304.172840,12
2309,303.300600,10
2310,303.979910,10
2311,303.149950,14
2312,303.777400,10
2313,303.396190,14
2314,302.848310,11
2315,303.482880,13
2316,302.917730,13
2317,303.652930,11
2318,303.606650,11
2319,303.250400,13
2320,303.072190,13
2321,302.229250,14
2322,303.718580,12
2323,303.702640,15
2324,302.790250,12
2325,303.121070,14
2326,303.482900,13
2327,303.659360,12
2328,303.666200,12
2329,303.456980,16
2330,302.853480,15
2331,303.061360,15
2332,303.370390,9
2333,303.714270,14
2334,303.289940,13
2335,303.522570,10
2336,303.377540,16
2337,303.847570,14
2338,303.659390,12
2339,303.931130,15
2340,303.401560,15
2341,303.738530,15
2342,303.835630,14
2343,303.948810,18
2344,302.960430,11
2345,303.580450,15
2346,304.331680,14
2347,303.658660,10
2348,303.565120,11
2349,303.574120,13
2350,302.867570,13
2351,303.742080,7
2352,303.290610,15
2353,303.759120,12
2354,303.091580,12
2355,303.419530,10
2356,302.894970,13
2357,303.292190,12
2358,303.737580,13
2359,303.850040,13
2360,303.821900,19
2361,302.767040,17
2362,303.350270,16
2363,303.855180,12
2364,303.914960,13
2365,303.606270,14
2366,303.774400,17
2367,303.670450,16
2368,303.817620,17
2369,303.811450,11
2370,303.140180,11
2371,303.474050,11
2372,303.198420,9
2373,303.679300,13
2374,302.561830,12
2375,303.032840,11
2376,303.082010,12
2377,303.586200,12
2378,303.705910,14
2379,303.735550,9
2380,302.898560,12
2381,303.101320,13
2382,302.630500,14
2383,303.447430,15
2384,303.886350,13
2385,303.491410,11
2386,302.691940,14
2387,302.513370,15
2388,302.698290,10
2389,302.629620,16
2390,302.396790,15
2391,302.790900,11
2392,302.734550,15
2393,301.979830,12
2394,302.340570,12
2395,302.579880,14
2396,302.961430,9
2397,302.814140,11
2398,302.348890,13
2399,302.877730,11
2400,302.237310,13
2401,302.279750,12
2402,302.847990,13
2403,303.005530,15
2404,302.779740,11
2405,302.172740,15
2406,303.227480,13
2407,302.679770,9
2408,302.728600,11
2409,302.187620,14
2410,303.156260,14
2411,302.730600,16
2412,303.773540,14
2413,303.536440,18
2414,303.307210,15
2415,303.897890,16
2416,303.135740,16
2417,303.776900,19
2418,302.222230,15
2419,302.681170,16
2420,302.150050,10
2421,302.853700,7
2422,302.621960,12
2423,302.467350,9
2424,302.606580,10
2425,303.037190,7
2426,302.575270,10
2427,302.813490,13
2428,302.915860,10
2429,302.502160,11
2430,303.208250,13
2431,302.632980,13
2432,303.495130,14
2433,303.160340,11
2434,303.794620,12
2435,303.278710,15
2436,302.874600,13
2437,302.975050,8
2438,303.393870,12
2439,303.673960,15
2440,303.805360,12
2441,303.031420,15
2442,303.339380,14
2443,303.752710,15
2444,304.495370,18
2445,302.778700,13
2446,303.010730,16
2447,303.800750,17
2448,303.027880,15
2449,303.370030,15
2450,304.496300,18
2451,303.128230,14
2452,303.619000,15
2453,303.149980,19
2454,303.732010,17
2455,304.437240,16
2456,303.591470,18
2457,303.341320,18
2458,303.834230,18
2459,304.296170,15
2460,304.453650,10
2461,304.733680,11
2462,304.351840,11
2463,303.882980,13
2464,304.723910,14
2465,304.106450,13
2466,304.287210,15
2467,304.599720,14
2468,304.515540,10
2469,303.809710,12
2470,304.813830,12
2471,304.584740,11
2472,304.340210,12
2473,304.631300,15
2474,304.439120,12
2475,303.638940,13
2476,303.813470,13
2477,304.139230,8
2478,304.306460,15
2479,304.853360,14
2480,304.476360,13
2481,305.244300,11
2482,305.365740,10
2483,304.660720,12
2484,304.349070,17
2485,304.734810,7
2486,304.856770,13
2487,305.309460,12
2488,304.797220,12
2489,304.570100,13
2490,305.232040,10
2491,304.897690,16
2492,304.591260,9
2493,305.271930,12
2494,305.007210,16
2495,303.969730,9
2496,304.328430,12
2497,304.613640,12
2498,305.455380,12
2499,303.960690,11
2500,304.660120,15
2501,304.648960,11
2502,304.412130,12
2503,304.605500,13
2504,304.345710,14
2505,304.673030,13
2506,304.273500,10
2507,304.307370,13
2508,304.543400,13
2509,304.701840,13
2510,305.154120,17
2511,304.508550,15
2512,304.701630,17
2513,303.772480,14
2514,304.363210,14
2515,304.197920,17
2516,304.337360,12
2517,305.176370,14
2518,304.517580,14
2519,304.553170,13
2520,305.175640,10
2521,305.025010,7
2522,305.179760,11
2523,304.652060,8
2524,304.984890,10
2525,304.920500,12
2526,304.744410,11
2527,304.700970,14
2528,304.731280,9
2529,304.390780,11
2530,305.622230,18
2531,304.769540,16
2532,305.315430,12
2533,304.118570,17
2534,305.275290,13
2535,305.355760,13
2536,305.195460,15
2537,304.356760,14
2538,305.271160,14
2539,305.247160,16
2540,305.413020,14
2541,305.409180,13
2542,305.235720,13
2543,304.994790,11
2544,304.702030,11
2545,305.487780,13
2546,305.332120,13
2547,304.885420,16
2548,305.473380,13
2549,304.915970,9
2550,304.674560,11
2551,304.224390,14
2552,304.775830,13
2553,304.447170,14
2554,304.215990,12
2555,304.660590,15
2556,304.832490,17
2557,304.743480,14
2558,304.634080,11
2559,304.902030,14
2560,304.767880,12
2561,304.020310,9
2562,304.831820,13
2563,304.444760,10
2564,304.166390,12
2565,304.188910,14
2566,304.565110,16
2567,304.892320,13
2568,303.967150,13
2569,303.663290,13
2570,304.955130,9
2571,305.263310,11
2572,305.454310,12
2573,305.452170,9
2574,305.379380,13
2575,304.656400,12
2576,305.096870,8
2577,305.296990,13
2578,305.493280,13
2579,305.511660,12
2580,305.776420,17
2581,305.446240,13
2582,305.259540,15
2583,304.793740,15
2584,305.334660,13
2585,305.417790,19
2586,305.653420,15
2587,304.992520,14
2588,305.133050,13
2589,305.756190,17
2590,305.815300,13
2591,305.560960,16
2592,306.043070,13
2593,304.742520,10
2594,305.317360,11
2595,305.807180,10
2596,304.784010,12
2597,305.305220,12
2598,305.420680,11
2599,305.361330,14
2600,305.324730,11
2601,305.123190,13
2602,305.455520,13
2603,306.059010,11
2604,305.612310,12
2605,305.449710,12
2606,305.571220,13
2607,305.420950,12
2608,305.499190,12
2609,305.490970,13
2610,306.110880,14
2611,305.651320,12
2612,306.293260,12
2613,305.633570,15
2614,306.063320,14
2615,305.752600,15
2616,306.307350,15
2617,305.509910,14
2618,305.980550,16
2619,306.472120,15
2620,305.594270,13
2621,306.702560,15
2622,305.453230,13
2623,305.429960,18
2624,306.363880,13
2625,306.344830,13
2626,306.183070,15
2627,306.046000,17
2628,305.240900,14
2629,306.104970,18
2630,306.607760,14
2631,306.744800,20
2632,306.975360,13
2633,306.932110,14
2634,307.089620,18
2635,307.133900,15
2636,306.799230,13
2637,306.429800,15
2638,307.181010,14
2639,307.232660,16
2640,307.072360,10
2641,307.346090,13
2642,307.922180,10
2643,306.758370,13
2644,307.414920,14
2645,307.588980,13
2646,307.208650,11
2647,308.169980,13
2648,307.722840,13
2649,307.422380,14
2650,307.716620,13
2651,307.450080,10
2652,307.823610,11
2653,307.301690,11
2654,307.974280,12
2655,308.137780,12
2656,307.728610,15
2657,306.934460,10
2658,307.951360,12
2659,306.881760,13
2660,307.400800,16
2661,306.425870,15
2662,307.759810,11
2663,307.595650,12
2664,306.884650,9
2665,306.843940,12
2666,307.304770,12
2667,307.463430,15
2668,307.840740,15
2669,306.806410,10
2670,306.243920,16
2671,306.916330,14
2672,306.710060,15
2673,306.200600,14
2674,307.083040,9
2675,307.102610,12
2676,307.276860,11
2677,306.873110,15
2678,306.402520,13
2679,307.352220,13
2680,307.778970,13
2681,306.813860,9
2682,306.824490,11
2683,306.961990,11
2684,306.686540,12
2685,306.221830,13
2686,306.501910,12
2687,306.366530,10
2688,307.421150,11
2689,306.801420,12
2690,306.568560,14
2691,306.177090,9
2692,306.783140,11
2693,305.756860,12
2694,306.402310,10
2695,306.024800,13
2696,306.309250,11
2697,306.604980,12
2698,306.470290,12
2699,306.449560,11
2700,306.374170,12
2701,306.431760,10
2702,306.232370,13
2703,306.086380,13
2704,305.743060,13
2705,305.951480,13
2706,306.433920,14
2707,306.193500,13
2708,306.347220,12
2709,305.899740,14
2710,306.553510,13
2711,306.527960,10
2712,307.018950,12
2713,306.763040,9
2714,307.446470,15
2715,307.300100,12
2716,306.890570,14
2717,306.793340,12
2718,306.804620,14
2719,306.957560,11
2720,306.590130,16
2721,306.828990,18
2722,307.108290,14
2723,307.008720,17
2724,306.697500,14
2725,307.217430,16
2726,306.917540,16
2727,306.988310,18
2728,307.524810,16
2729,306.339420,15
2730,306.925650,13
2731,307.009820,13
2732,307.230340,12
2733,306.582540,14
2734,306.952500,15
2735,306.839990,9
2736,307.299230,12
2737,306.568840,12
2738,306.946810,11
2739,306.319850,12
2740,306.847280,12
2741,307.339580,11
2742,306.881900,9
2743,306.704560,12
2744,307.012000,9
2745,307.343250,11
2746,307.196810,11
2747,306.918920,10
2748,306.803130,11
2749,307.125340,10
2750,307.646610,14
2751,307.189500,8
2752,307.083910,13
2753,306.840660,13
2754,306.940710,11
2755,306.962630,12
2756,306.807890,13
2757,307.335310,14
2758,307.068310,10
2759,307.347470,11
2760,307.381060,9
2761,307.522350,12
2762,307.501920,10
2763,306.937500,12
2764,307.569590,13
2765,306.958900,14
2766,307.069040,15
2767,307.209180,11
2768,306.918620,14
2769,307.140630,13
2770,307.361590,15
2771,307.475730,11
2772,306.589620,17
2773,306.111800,13
2774,306.049220,15
2775,306.511670,14
2776,307.188600,14
2777,306.680720,13
2778,306.814130,15
2779,306.514380,16
2780,307.245630,11
2781,306.793020,12
2782,307.449040,11
2783,307.193570,13
2784,307.265220,11
2785,307.216970,13
2786,307.347230,8
2787,307.539160,9
2788,307.061920,13
2789,307.088260,7
2790,307.066650,10
2791,306.988730,14
2792,307.958320,13
2793,307.723030,12
2794,307.389820,12
2795,306.518490,16
2796,307.580230,11
2797,307.818380,15
2798,307.395480,13
2799,307.595770,10
2800,307.588880,8
2801,307.658970,13
2802,307.047800,10
2803,307.318930,10
2804,307.896600,11
2805,307.389840,14
2806,307.158130,10
2807,307.492070,9
2808,307.564900,15
2809,307.561550,12
2810,306.882960,10
2811,307.071750,13
2812,306.904450,11
2813,307.752930,9
2814,306.943140,13
2815,307.251690,11
2816,307.157440,11
2817,307.261200,11
2818,307.002300,9
2819,307.123910,10
2820,308.011330,15
2821,307.583600,15
2822,308.013690,16
2823,306.980120,15
2824,307.741570,15
2825,307.795110,11
2826,307.931240,15
2827,307.476840,18
2828,307.693200,14
2829,307.782210,15
2830,307.090720,11
2831,307.400910,11
2832,308.215110,16
2833,306.910070,12
2834,307.014260,12
2835,307.449980,14
2836,306.977820,12
2837,307.459710,11
2838,307.747640,10
2839,306.595580,14
2840,307.806470,14
2841,307.914640,11
2842,307.431120,15
2843,307.551690,13
2844,307.263360,14
2845,307.748040,12
2846,306.792530,10
2847,306.868950,12
2848,307.913060,16
2849,308.347000,13
2850,307.223970,12
2851,307.038840,12
2852,307.679960,9
2853,307.123960,9
2854,307.205410,12
2855,306.900850,13
2856,307.543850,11
2857,307.991730,9
2858,307.377430,11
2859,307.269760,8
2860,307.695200,9
2861,308.189230,11
2862,307.582540,8
2863,307.347930,12
2864,307.409310,10
2865,307.596170,7
2866,308.032180,14
2867,307.654810,10
2868,306.910470,12
2869,308.261030,11
2870,307.398360,14
2871,307.814950,15
2872,308.085510,15
2873,307.760180,14
2874,307.769790,12
2875,307.182780,13
2876,306.994910,17
2877,307.125790,14
2878,307.946880,19
2879,307.574470,13
2880,307.526640,16
2881,307.828260,14
2882,307.661540,14
2883,306.916680,14
2884,307.909970,13
2885,306.762240,15
2886,307.739850,14
2887,307.571640,14
2888,307.041260,12
2889,307.517830,14
2890,306.914570,14
2891,306.917570,11
2892,306.262240,10
2893,306.052510,12
2894,306.465520,10
2895,306.058730,14
2896,306.310480,8
2897,306.689160,9
2898,307.050670,12
2899,307.023540,11
2900,306.834230,9
2901,306.755210,12
2902,307.257320,11
2903,306.520870,17
2904,306.890190,11
2905,307.279800,14
2906,307.160710,13
2907,306.500860,11
2908,307.233550,15
2909,307.586960,12
2910,306.682300,13
2911,306.877340,13
2912,306.117330,13
2913,306.785310,12
2914,306.212650,13
2915,306.592500,11
2916,306.733460,12
2917,307.064410,13
2918,307.431750,12
2919,306.478010,11
2920,305.595180,13
2921,306.646220,8
2922,306.124760,16
2923,306.662090,15
2924,306.515030,15
2925,306.184920,18
2926,306.235340,11
2927,306.316960,15
2928,307.094360,16
2929,306.638820,15
2930,306.761490,15
2931,305.655240,16
2932,306.526940,15
2933,306.546330,14
2934,305.781550,18
2935,306.723940,16
2936,306.876980,18
2937,306.195530,14
2938,305.790540,16
2939,306.111800,18
2940,305.913160,12
2941,305.817000,15
2942,306.445910,10
2943,306.676750,15
2944,306.413410,10
2945,306.029920,10
2946,306.213730,12
2947,306.831720,13
2948,306.780150,15
2949,305.814940,14
2950,305.735900,19
2951,306.867620,20
2952,306.364710,18
2953,306.011460,16
2954,305.777590,16
2955,306.602380,15
2956,305.433390,15
2957,306.408690,19
2958,305.534170,18
2959,306.537950,16
2960,306.458390,13
2961,306.398960,14
2962,306.906790,15
2963,306.735050,12
2964,306.635870,11
2965,306.973150,12
2966,307.068320,11
2967,306.379810,15
2968,307.125510,15
2969,307.411250,11
2970,308.065250,16
2971,306.907620,11
2972,307.395240,12
2973,307.795910,13
2974,308.102990,11
2975,307.663970,14
2976,307.130430,17
2977,307.184270,12
2978,307.183300,16
2979,307.776700,12
2980,307.260150,11
2981,307.701900,14
2982,307.605200,12
2983,307.499640,16
2984,308.260580,15
2985,307.396340,14
2986,308.230040,15
2987,307.800300,13
2988,307.106310,15
2989,307.035100,14
2990,307.199030,8
2991,307.141410,12
2992,307.105910,10
2993,306.560220,9
2994,306.784300,10
2995,306.902200,8
2996,307.174020,10
2997,307.083050,8
2998,307.018240,12
2999,306.727640,14
3000,306.594630,8
3001,307.086470,10
3002,307.215050,12
3003,306.684280,10
3004,306.888380,10
3005,306.403010,12
3006,306.094100,9
3007,306.290920,14
3008,306.701140,9
3009,306.853750,14
3010,306.544370,14
3011,305.891430,18
3012,306.669700,18
3013,306.294660,17
3014,307.823610,18
3015,306.968730,14
3016,306.421250,19
3017,306.142830,16
3018,307.513500,20
3019,306.524310,16
3020,307.421040,7
3021,307.135750,11
3022,307.155440,8
3023,307.508700,9
3024,307.590840,11
3025,308.000140,12
3026,307.218620,11
3027,307.549990,11
3028,307.221880,8
3029,307.572230,13
3030,306.933050,16
3031,307.325890,16
3032,305.966650,12
3033,307.119710,15
3034,307.262280,14
3035,306.874850,16
3036,307.750370,15
3037,307.979670,15
3038,307.425330,13
3039,307.797990,17
3040,307.618730,10
3041,307.566110,10
3042,307.460250,11
3043,307.100620,11
3044,306.878670,8
3045,307.166780,12
3046,307.432400,9
3047,307.009730,11
3048,307.143950,10
3049,306.963370,10
3050,306.969890,13
3051,306.673210,12
3052,306.761730,15
3053,306.993150,13
3054,307.012180,15
3055,306.969880,12
3056,307.222640,12
3057,307.137810,13
3058,307.210320,13
3059,307.780490,13
3060,307.200770,9
3061,307.536230,14
3062,307.445650,13
3063,306.489940,14
3064,307.394620,12
3065,306.915470,9
3066,307.285680,15
3067,307.757090,15
3068,307.418650,15
3069,306.992600,14
3070,306.967020,14
3071,306.252590,14
3072,306.175710,16
3073,306.758560,14
3074,306.557720,14
3075,306.266690,13
3076,307.235240,13
3077,307.775420,14
3078,307.086870,16
3079,306.783080,12
3080,306.333430,11
3081,307.008430,10
3082,307.267120,11
3083,307.008130,10
3084,306.384060,12
3085,307.084460,13
3086,306.434730,11
3087,307.226420,13
3088,306.240440,12
3089,307.068790,10
3090,307.498110,17
3091,306.738930,13
3092,306.482110,16
3093,306.475280,12
3094,306.744250,13
3095,306.782600,13
3096,305.676440,17
3097,307.104040,13
3098,307.198360,14
3099,306.312280,13
3100,306.857860,13
3101,306.549670,12
3102,306.845070,12
3103,306.411380,12
3104,306.248470,12
3105,306.732000,11
3106,306.913320,11
3107,306.275740,10
3108,306.187760,10
3109,307.221780,14
3110,307.161280,16
3111,307.215670,13
3112,307.125280,12
3113,306.808550,11
3114,307.527510,11
3115,307.356390,9
3116,306.668590,11
3117,307.106980,10
3118,306.827310,13
3119,306.718890,10
3120,307.098680,10
3121,307.242700,11
3122,306.605970,14
3123,306.733460,13
3124,307.069970,10
3125,306.759190,12
3126,306.784440,9
3127,307.011920,14
3128,307.381850,14
3129,306.538710,12
3130,307.039040,17
3131,307.194330,15
3132,306.288720,13
3133,307.118420,10
3134,307.096040,17
3135,307.334810,15
3136,305.778890,17
3137,306.634670,14
3138,306.337310,12
3139,305.980530,15
3140,306.890710,13
3141,306.317340,11
3142,306.691160,10
3143,305.981340,11
3144,306.211660,9
3145,306.623360,8
3146,306.083190,14
3147,306.995610,12
3148,306.398110,13
3149,306.425090,12
3150,307.178170,13
3151,305.935300,13
3152,305.737750,14
3153,306.822210,12
3154,306.631350,12
3155,306.361270,8
3156,306.297530,13
3157,306.701680,14
3158,306.150760,11
3159,306.690080,10
3160,307.472490,17
3161,305.815710,14
3162,307.203380,17
3163,306.121050,13
3164,306.987890,13
3165,306.787620,13
3166,306.059650,15
3167,306.337320,13
3168,307.130600,12
3169,306.799630,11
3170,306.817720,9
3171,305.866010,11
3172,307.458980,15
3173,306.890160,12
3174,306.659730,6
3175,306.760640,12
3176,307.079310,12
3177,307.100680,8
3178,306.556350,11
3179,305.923690,14
3180,307.067870,12
3181,306.606600,12
3182,307.513880,14
3183,306.877740,12
3184,306.461880,13
3185,307.103860,14
3186,307.419450,12
3187,307.223490,13
3188,306.871850,11
3189,307.087720,10
3190,307.330580,16
3191,307.274860,16
3192,306.815820,14
3193,307.143040,12
3194,306.818680,18
3195,306.587580,14
3196,306.758530,14
3197,306.336100,16
3198,305.979230,9
3199,306.385810,13
3200,306.782140,14
3201,306.927800,13
3202,306.637750,9
3203,306.092970,15
3204,306.769470,11
3205,306.697290,12
3206,305.907890,11
3207,306.099110,12
3208,306.824340,13
3209,305.973380,15
3210,306.068560,9
3211,305.831240,14
3212,305.374070,12
3213,305.560240,11
3214,306.276710,10
3215,306.929800,11
3216,306.072630,14
3217,305.601110,12
3218,306.568020,11
3219,306.422240,10
3220,306.998320,11
3221,306.200380,10
3222,306.568100,12
3223,306.160090,11
3224,307.754100,11
3225,307.201840,12
3226,306.053300,8
3227,306.513490,10
3228,306.459740,6
3229,306.606030,8
3230,306.029890,12
3231,306.753240,13
3232,305.909480,13
3233,306.525230,12
3234,306.146430,12
3235,305.965530,13
3236,306.029850,11
3237,305.857750,11
3238,306.826540,12
3239,307.009820,10
3240,306.347890,9
3241,306.126450,9
3242,306.192020,11
3243,305.634450,12
3244,306.195690,9
3245,306.232160,10
3246,305.892320,9
3247,305.663080,11
3248,305.266630,14
3249,305.476040,12
3250,306.572480,12
3251,305.877850,11
3252,306.005470,10
3253,306.705840,8
3254,306.474990,12
3255,306.057010,11
3256,306.304340,9
3257,306.000290,13
3258,305.723450,12
3259,305.589310,7
3260,306.814380,14
3261,305.759580,15
3262,305.845050,13
3263,306.575540,14
3264,306.521980,13
3265,305.963180,13
3266,305.761620,14
3267,306.894340,12
3268,306.307130,11
3269,306.555760,12
3270,306.490500,14
3271,306.396400,13
3272,306.193620,16
3273,307.529490,15
3274,307.208800,13
3275,306.280500,17
3276,306.926740,12
3277,306.881260,14
3278,307.455460,17
3279,307.095390,14
3280,307.096570,11
3281,306.603240,12
3282,307.033310,12
3283,307.399920,14
3284,306.857740,6
3285,307.315770,14
3286,307.251920,13
3287,307.470170,11
3288,307.695080,13
3289,306.786320,11
3290,307.001420,15
3291,307.609240,12
3292,308.095360,15
3293,307.331230,12
3294,307.018190,15
3295,307.695060,14
3296,307.620600,14
3297,307.416840,11
3298,307.841630,15
3299,307.375140,13
3300,308.395720,15
3301,306.916270,13
3302,308.066020,10
3303,308.142590,15
3304,308.325110,15
3305,307.475360,10
3306,307.379070,14
3307,307.397310,13
3308,307.933270,11
3309,307.203990,13
3310,308.099980,13
3311,307.345400,13
3312,307.268690,12
3313,306.902040,13
3314,307.243400,12
3315,307.707350,17
3316,307.469960,10
3317,307.416120,15
3318,307.208040,15
3319,307.726570,10
3320,307.235420,18
3321,307.772340,15
3322,307.681030,18
3323,306.623380,14
3324,307.678120,15
3325,307.437410,14
3326,306.564680,13
3327,306.703200,12
3328,307.690500,16
3329,307.272270,16
3330,307.154700,14
3331,307.884830,17
3332,306.542370,13
3333,307.361180,16
3334,307.989230,16
3335,306.976330,11
3336,307.155580,15
3337,308.046260,14
3338,306.855020,12
3339,307.254130,13
3340,307.688650,12
3341,307.747460,13
3342,308.101660,15
3343,307.826750,12
3344,307.073990,14
3345,308.154290,17
3346,307.008630,14
3347,307.975070,13
3348,307.655580,13
3349,307.240560,10
3350,307.205940,11
3351,307.395050,10
3352,307.870670,10
3353,307.563610,10
3354,307.377710,10
3355,307.655210,11
3356,307.153420,7
3357,307.581420,12
3358,307.519330,12
3359,307.584920,14
3360,307.424410,12
3361,307.218750,9
3362,307.534340,9
3363,307.357480,6
3364,307.609200,11
3365,308.125970,11
3366,307.808530,9
3367,307.820920,9
3368,307.752810,8
3369,307.561730,8
3370,307.254360,20
3371,308.260450,16
3372,307.243250,12
3373,307.675990,20
3374,308.040710,19
3375,307.541350,16
3376,307.150390,16
3377,307.945550,16
3378,307.263340,18
3379,307.571000,19
3380,307.572770,8
3381,307.776160,12
3382,307.843570,13
3383,307.656720,9
3384,307.279470,11
3385,307.577580,12
3386,307.907910,11
3387,307.534980,8
3388,307.173270,11
3389,307.254460,10
3390,307.639820,15
3391,308.220500,12
3392,307.618420,14
3393,308.066410,12
3394,307.092720,11
3395,307.183490,14
3396,307.663600,13
3397,307.501130,11
3398,307.353200,12
3399,307.183660,11
3400,307.601820,13
3401,306.444440,17
3402,307.589550,13
3403,306.067160,14
3404,308.032720,14
3405,307.091470,12
3406,307.352260,10
3407,307.052480,13
3408,307.905330,14
3409,306.982600,15
3410,307.387320,16
3411,306.716070,12
3412,306.675560,12
3413,306.917100,12
3414,307.796620,13
3415,307.078600,15
3416,306.995790,13
3417,306.822850,11
3418,307.321730,14
3419,307.030430,8
3420,306.347950,15
3421,306.767110,10
3422,307.143310,11
3423,307.006090,14
3424,307.086670,12
3425,307.375190,14
3426,306.690220,8
3427,306.000260,13
3428,306.621960,10
3429,306.833580,9
3430,305.602230,15
3431,305.983720,11
3432,306.345820,16
3433,306.197860,12
3434,306.442990,11
3435,306.284970,13
3436,306.434390,11
3437,306.014410,12
3438,305.534870,10
3439,305.708940,12
3440,305.722870,17
3441,306.088140,15
3442,305.530860,16
3443,306.344300,15
3444,305.823720,11
3445,305.421050,16
3446,305.362450,17
3447,306.926930,16
3448,306.101190,12
3449,306.139670,15
3450,307.625070,14
3451,307.153180,15
3452,306.533880,12
3453,306.329350,14
3454,306.417620,11
3455,306.939860,10
3456,306.664940,13
3457,307.267140,11
3458,306.818310,11
3459,306.964250,15
3460,307.170510,13
3461,305.937210,7
3462,306.768780,10
3463,306.544060,12
3464,306.967400,17
3465,306.112500,15
3466,306.410070,12
3467,306.074940,11
3468,306.829580,11
3469,307.242500,10
3470,307.257870,12
3471,306.393920,15
3472,307.207060,16
3473,307.087340,18
3474,307.557850,17
3475,307.179330,13
3476,306.809160,15
3477,306.897550,16
3478,306.709490,13
3479,307.138150,18
3480,307.233560,14
3481,307.185620,10
3482,306.098340,14
3483,306.137700,14
3484,306.203780,12
3485,306.349510,13
3486,306.769820,15
3487,306.386340,11
3488,306.351500,12
3489,306.872060,12
3490,306.414680,11
3491,305.819200,12
3492,305.371400,11
3493,306.144130,11
3494,305.821110,9
3495,306.006020,10
3496,305.538140,9
3497,305.346110,14
3498,305.314910,12
3499,305.484550,13
3500,305.595930,13
3501,305.987510,14
3502,305.980420,15
3503,305.745610,12
3504,306.499240,15
3505,306.620320,16
3506,305.184180,18
3507,305.931020,15
3508,305.890180,17
3509,306.175160,15
3510,305.425660,12
3511,306.259310,14
3512,306.441910,17
3513,306.490510,11
3514,306.141260,9
3515,305.552350,16
3516,307.001810,12
3517,305.821130,11
3518,306.254640,12
3519,306.468810,14
3520,305.280000,9
3521,305.057880,11
3522,305.945860,11
3523,305.571290,12
3524,305.347590,12
3525,305.537770,9
3526,305.736600,13
3527,305.419460,12
3528,306.083550,11
3529,305.287430,13
3530,305.515870,7
3531,306.232950,11
3532,305.602740,10
3533,305.368920,11
3534,305.640930,12
3535,306.038550,13
3536,305.831250,10
3537,305.963890,9
3538,304.674690,13
3539,305.441350,10
3540,305.673700,16
3541,305.655540,15
3542,305.497970,17
3543,304.949610,14
3544,304.724070,14
3545,306.355550,17
3546,305.466650,16
3547,305.447110,12
3548,305.914570,18
3549,305.886530,12
3550,305.991320,16
3551,305.698040,11
3552,305.559040,13
3553,305.823360,13
3554,306.105610,16
3555,305.878420,16
3556,305.697560,13
3557,306.030850,16
3558,305.751980,12
3559,305.755930,14
3560,305.832720,12
3561,305.405990,14
3562,305.905480,14
3563,305.951490,15
3564,305.705910,16
3565,306.329470,14
3566,305.707090,14
3567,305.704170,14
3568,305.882170,14
3569,305.075530,12
3570,306.124110,10
3571,305.772480,14
3572,306.292380,13
3573,305.262860,12
3574,306.554900,14
3575,306.044890,12
3576,305.539950,13
3577,305.732460,16
3578,305.358270,12
3579,305.425020,14
3580,305.798960,12
3581,306.275360,13
3582,306.349790,15
3583,305.789660,14
3584,306.302540,14
3585,306.284440,13
3586,306.505630,13
3587,306.288680,14
3588,306.300820,17
3589,306.119860,14
3590,305.130520,14
3591,304.591650,13
3592,306.309160,14
3593,305.497430,14
3594,305.507430,14
3595,306.237030,12
3596,306.199660,13
3597,305.605690,14
3598,306.090450,16
3599,305.992840,14
3600,305.052920,15
3601,305.593390,15
3602,305.168030,11
3603,305.749310,15
3604,304.997640,14
3605,304.960440,18
3606,304.759440,13
3607,305.084710,13
3608,305.904060,19
3609,304.864620,15
3610,305.707160,15
3611,304.796900,8
3612,305.246800,12
3613,305.637940,11
3614,305.386680,12
3615,304.914050,12
3616,305.610410,13
3617,305.079440,12
3618,306.177270,12
3619,305.485080,10
3620,305.669160,17
3621,305.211340,15
3622,305.262020,14
3623,305.033900,14
3624,305.707050,15
3625,305.234810,14
3626,305.503940,13
3627,305.185480,11
3628,305.280600,11
3629,304.914480,11
3630,305.872100,15
3631,305.714720,12
3632,305.511700,10
3633,305.307370,12
3634,305.739530,13
3635,305.366610,11
3636,305.307290,12
3637,305.582700,12
3638,305.494670,7
3639,305.745620,9
3640,305.524790,13
3641,305.374340,10
3642,304.877380,13
3643,305.046610,14
3644,305.037470,11
3645,305.397740,13
3646,305.976910,14
3647,305.296480,13
3648,305.272570,14
3649,305.613210,14
3650,306.207350,12
3651,305.434340,13
3652,304.916760,16
3653,305.540940,11
3654,305.456420,13
3655,305.633350,13
3656,305.061080,13
3657,305.760570,17
3658,305.231130,15
3659,305.818990,18
3660,304.756590,13
3661,305.812130,16
3662,305.079880,14
3663,305.201190,14
3664,305.110130,14
3665,305.495980,16
3666,305.336330,13
3667,305.115110,12
3668,305.022350,12
3669,305.328580,16
3670,304.744630,12
3671,304.425270,15
3672,304.949850,13
3673,304.570590,9
3674,305.521110,11
3675,304.866330,9
3676,304.616340,13
3677,305.206400,11
3678,305.639280,10
3679,305.431040,11
3680,305.192260,9
3681,304.970610,16
3682,306.493130,12
3683,305.536010,11
3684,305.737370,12
3685,305.159770,12
3686,305.384380,15
3687,305.461910,11
3688,305.240000,10
3689,305.285600,13
3690,305.414120,10
3691,305.394920,11
3692,305.250290,12
3693,305.222130,9
3694,305.538880,11
3695,305.191120,8
3696,304.977800,14
3697,304.927460,8
3698,305.158440,10
3699,305.589470,11
3700,305.596500,9
3701,305.926130,9
3702,305.598110,10
3703,305.509150,11
3704,306.393650,13
3705,304.936010,10
3706,305.497140,12
3707,305.520820,11
3708,305.653770,8
3709,305.696570,12
3710,305.869360,11
3711,304.977100,17
3712,305.901290,14
3713,304.580860,13
3714,304.838430,13
3715,305.510160,11
3716,305.539910,14
3717,305.286850,10
3718,305.254090,13
3719,305.132360,15
3720,305.209270,11
3721,306.330310,14
3722,306.413830,16
3723,305.656490,10
3724,304.861320,15
3725,305.789560,13
3726,305.254530,10
3727,305.663130,20
3728,306.170850,19
3729,305.712360,13
3730,304.588230,9
3731,305.277520,12
3732,305.427910,13
3733,305.030630,9
3734,305.336040,14
3735,304.953800,11
3736,304.797120,12
3737,304.773830,10
3738,304.584440,12
3739,305.105270,14
3740,303.949880,17
3741,304.761430,14
3742,305.608380,17
3743,304.843610,15
3744,304.277610,15
3745,304.484850,14
3746,304.265740,16
3747,305.124120,15
3748,304.904270,15
3749,304.676270,12
3750,305.025130,14
3751,305.272860,15
3752,305.199090,15
3753,304.226160,15
3754,304.197720,14
3755,304.358460,15
3756,304.090600,11
3757,304.208420,13
3758,305.295930,16
3759,304.880080,15
3760,304.639540,15
3761,304.591940,15
3762,304.821340,9
3763,304.397270,13
3764,305.420660,14
3765,304.948940,14
3766,304.945430,14
3767,305.087480,14
3768,304.282440,14
3769,304.740190,13
3770,304.373610,8
3771,304.772900,9
3772,305.394760,13
3773,304.296450,10
3774,304.530830,10
3775,304.905320,8
3776,304.600360,11
3777,305.509390,12
3778,305.184660,15
3779,304.976190,11
3780,304.579890,5
3781,305.151880,8
3782,304.966660,10
3783,304.858330,11
3784,304.970050,7
3785,304.707310,8
3786,305.150730,12
3787,304.966430,9
3788,304.794280,8
3789,305.337770,11
3790,304.644420,13
3791,304.870340,14
3792,305.554560,8
3793,304.782800,12
3794,304.464310,15
3795,304.429990,14
3796,304.636320,11
3797,305.640570,12
3798,304.189040,13
3799,304.728400,9
3800,304.500950,16
3801,304.598130,16
3802,305.092800,14
3803,304.684500,16
3804,304.360320,16
3805,304.107870,15
3806,304.868400,13
3807,304.418570,13
3808,305.113760,14
3809,304.558480,16
3810,305.125840,13
3811,304.670440,12
3812,305.093990,11
3813,304.949580,12
3814,304.504450,11
3815,304.251940,13
3816,304.950540,8
3817,304.074600,11
3818,304.298550,10
3819,304.404980,12
3820,304.769870,12
3821,305.573920,10
3822,304.324950,15
3823,304.391770,11
3824,305.669800,14
3825,305.628160,13
3826,305.518770,13
3827,304.640840,14
3828,305.456230,13
3829,305.140090,13
3830,305.175980,11
3831,305.669270,12
3832,305.899660,16
3833,304.645100,18
3834,306.077080,15
3835,305.482140,10
3836,305.145490,11
3837,305.806340,12
3838,305.787020,13
3839,305.394920,12
3840,305.123870,15
3841,305.004170,15
3842,305.163170,14
3843,305.763550,15
3844,306.038690,13
3845,306.604940,16
3846,304.847850,15
3847,306.007160,16
3848,305.422910,18
3849,305.502030,16
3850,306.424300,7
3851,306.475520,12
3852,305.880750,10
3853,307.011590,10
3854,306.439440,9
3855,306.754350,8
3856,306.242960,10
3857,306.871920,11
3858,306.423780,12
3859,306.383810,13
3860,306.346550,14
3861,306.206020,13
3862,306.551910,15
3863,306.570550,13
3864,306.453620,15
3865,305.874610,15
3866,307.290480,14
3867,307.272130,13
3868,307.223030,12
3869,307.016820,17
3870,306.612630,16
3871,306.786650,15
3872,306.287900,12
3873,306.411880,17
3874,306.743310,16
3875,306.403390,15
3876,306.729190,11
3877,307.005430,14
3878,306.749500,14
3879,306.819150,17
3880,306.465180,11
3881,306.481230,14
3882,306.655470,14
3883,306.174870,12
3884,306.069520,14
3885,307.181100,12
3886,306.869660,13
3887,305.975120,13
3888,306.517520,16
3889,306.918200,12
3890,306.938820,15
3891,307.160380,17
3892,307.179840,18
3893,306.848830,13
3894,306.810750,16
3895,305.793210,14
3896,306.873040,12
3897,307.169710,14
3898,306.082590,16
3899,306.329150,11
3900,306.482720,13
3901,306.721990,14
3902,306.355850,10
3903,307.005510,16
3904,306.350570,14
3905,307.429930,13
3906,307.478450,13
3907,307.182090,14
3908,307.780530,16
3909,306.102420,15
3910,306.893560,14
3911,306.312980,15
3912,306.213760,13
3913,305.797480,13
3914,306.387240,14
3915,307.093600,14
3916,306.287810,12
3917,306.123600,13
3918,307.877960,15
3919,306.896120,14
3920,307.263210,12
3921,306.461640,13
3922,307.188300,12
3923,307.208960,15
3924,307.484190,12
3925,307.478950,11
3926,306.291720,15
3927,307.303610,14
3928,306.982340,11
3929,306.455460,13
3930,306.724550,8
3931,306.775380,10
3932,306.740370,10
3933,306.597670,10
3934,306.330000,14
3935,306.986160,10
3936,307.078400,12
3937,306.936620,11
3938,306.686020,10
3939,306.797680,9
3940,306.311750,11
3941,306.148350,18
3942,305.266930,16
3943,305.306350,15
3944,306.964100,13
3945,306.400910,12
3946,305.669350,16
3947,305.667610,16
3948,305.694420,15
3949,306.543750,17
3950,305.821150,10
3951,306.115610,7
3952,306.436200,12
3953,306.288670,8
3954,306.561130,8
3955,306.430640,11
3956,306.671500,8
3957,306.537580,12
3958,306.243250,8
3959,305.922850,13
3960,306.110060,12
3961,305.446980,8
3962,305.648590,5
3963,305.492930,10
3964,305.595660,9
3965,305.700580,11
3966,306.020400,13
3967,306.200660,10
3968,305.215030,13
3969,305.647300,11
3970,305.644500,11
3971,305.384680,15
3972,306.436100,11
3973,305.508350,16
3974,306.415070,10
3975,304.836570,15
3976,305.211790,14
3977,305.478230,13
3978,306.097780,15
3979,304.794160,13
3980,306.196540,11
3981,305.587510,13
3982,305.832020,16
3983,305.553970,10
3984,305.371330,13
3985,305.435730,11
3986,305.477150,12
3987,306.304750,11
3988,305.167920,10
3989,306.519460,12
3990,306.501960,11
3991,306.396050,10
3992,305.526360,14
3993,305.519190,14
3994,306.287020,13
3995,305.250920,11
3996,305.495370,11
3997,306.021150,8
3998,305.678990,10
3999,306.219140,14
4000,305.767930,13
4001,306.478060,14
4002,306.201260,13
4003,306.684340,13
4004,306.022710,13
4005,306.566530,9
4006,306.804560,15
4007,306.494610,16
4008,306.044820,16
4009,306.675640,11
4010,306.688870,13
4011,306.366900,15
4012,306.716830,13
4013,306.207120,11
4014,306.752880,11
4015,306.092690,10
4016,306.492590,16
4017,306.182310,14
4018,305.666870,14
4019,305.901140,14
4020,306.048420,17
4021,306.380090,16
4022,306.244230,13
4023,305.763890,15
4024,306.269060,16
4025,306.201760,14
4026,306.498450,18
4027,305.392690,17
4028,306.094950,17
4029,305.714590,15
4030,305.682750,12
4031,305.836250,10
4032,305.973530,15
4033,305.839510,11
4034,305.404230,10
4035,305.317520,13
4036,305.656170,14
4037,306.035010,10
4038,305.735220,10
4039,306.251280,12
4040,305.480900,12
4041,306.501800,14
4042,305.728890,12
4043,306.072750,14
4044,306.763050,12
4045,306.717390,14
4046,306.153270,14
4047,306.149010,14
4048,306.953690,11
4049,305.408780,14
4050,305.665610,15
4051,305.723480,14
4052,305.092900,11
4053,305.570720,10
4054,305.114480,16
4055,305.256910,14
4056,305.535000,13
4057,305.377190,13
4058,305.045470,12
4059,304.916700,11
4060,304.717410,14
4061,304.566180,14
4062,304.670930,11
4063,303.830640,18
4064,304.785240,13
4065,304.988510,14
4066,304.404660,13
4067,304.511110,15
4068,305.076270,13
4069,304.573700,14
4070,304.090170,13
4071,304.681240,12
4072,304.792410,9
4073,304.886250,12
4074,304.487190,13
4075,305.300960,14
4076,304.726650,11
4077,304.650790,8
4078,304.428820,12
4079,304.484680,12
4080,304.764960,11
4081,304.142370,10
4082,304.476380,9
4083,303.976500,14
4084,303.457900,10
4085,303.414360,13
4086,304.167000,12
4087,304.487350,10
4088,304.148650,14
4089,304.481100,11
4090,304.396810,7
4091,304.006110,13
4092,304.514560,9
4093,304.040060,13
4094,304.155200,11
4095,303.902990,11
4096,304.546290,13
4097,304.278080,12
4098,304.722660,13
4099,305.144210,10
4100,304.556030,13
4101,305.316550,8
4102,303.807650,13
4103,304.398310,11
4104,304.382160,13
4105,304.412340,10
4106,304.305300,10
4107,303.922070,12
4108,305.157400,13
4109,304.483430,13
4110,303.962740,15
4111,304.111800,11
4112,304.550350,11
4113,303.828780,13
4114,304.372160,9
4115,304.033500,11
4116,304.313560,13
4117,304.023100,11
4118,304.426850,13
4119,304.175170,9
4120,304.073520,11
4121,303.776920,11
4122,303.344640,11
4123,303.800250,9
4124,303.340590,12
4125,303.630180,14
4126,303.277670,10
4127,304.133980,13
4128,303.272660,11
4129,303.493980,12
4130,304.382650,9
4131,303.777690,11
4132,303.720110,12
4133,304.024190,8
4134,304.916250,15
4135,304.384700,13
4136,304.468910,13
4137,304.317150,11
4138,304.313620,6
4139,304.080730,11
4140,303.739370,11
4141,303.655620,11
4142,303.685450,9
4143,304.319660,14
4144,304.408680,12
4145,304.203210,12
4146,304.269030,14
4147,304.015110,10
4148,303.383720,10
4149,303.845790,11
4150,304.525000,11
4151,304.651610,10
4152,304.036810,12
4153,304.423590,12
4154,303.914470,11
4155,304.158370,10
4156,303.278680,11
4157,304.649640,14
4158,302.629120,13
4159,305.211660,11
4160,305.748920,15
4161,304.833230,14
4162,305.516620,17
4163,305.264330,14
4164,304.198240,16
4165,305.112520,12
4166,305.786850,14
4167,305.361150,13
4168,305.653430,13
4169,305.979170,15
4170,304.774490,13
4171,304.701690,15
4172,304.574150,16
4173,304.297490,12
4174,304.768100,13
4175,305.163270,17
4176,304.352170,13
4177,304.663400,12
4178,305.244720,14
4179,304.162360,13
4180,303.550690,15
4181,303.585220,16
4182,303.958690,17
4183,304.434890,13
4184,304.105420,13
4185,303.828800,14
4186,304.211470,14
4187,303.798380,13
4188,303.520490,15
4189,304.248820,15
4190,304.728060,11
4191,304.518410,11
4192,304.497910,10
4193,303.901350,13
4194,304.739520,13
4195,304.044280,10
4196,304.424460,16
4197,303.688140,10
4198,304.480200,10
4199,303.713460,10
4200,303.151700,19
4201,304.416980,11
4202,303.434650,15
4203,303.874990,13
4204,304.065380,8
4205,303.448400,10
4206,304.160230,13
4207,303.335160,15
4208,304.099160,10
4209,304.253150,12
4210,303.101840,17
4211,304.037230,15
4212,303.094340,14
4213,303.629790,11
4214,304.486250,14
4215,303.695890,14
4216,304.337420,11
4217,303.404560,18
4218,302.854170,18
4219,303.425600,14
4220,303.359140,10
4221,303.435120,9
4222,303.423110,14
4223,303.388280,13
4224,304.090840,10
4225,304.161870,12
4226,303.437770,9
4227,303.816070,12
4228,303.789150,11
4229,303.650240,14
4230,303.563970,12
4231,303.629850,14
4232,304.101580,12
4233,303.443680,11
4234,303.805750,15
4235,303.684490,15
4236,303.777400,15
4237,304.009660,13
4238,303.369700,13
4239,304.546000,16
4240,304.218420,16
4241,304.043060,15
4242,304.693100,13
4243,305.123990,19
4244,304.040920,15
4245,304.469720,13
4246,304.290490,13
4247,304.107100,17
4248,305.480230,17
4249,304.167550,16
4250,305.242590,15
4251,304.651150,11
4252,304.283720,13
4253,304.675280,12
4254,305.484350,13
4255,304.090390,11
4256,304.438010,13
4257,304.165150,13
4258,304.009450,11
4259,304.457280,13
4260,304.633490,15
4261,304.701430,14
4262,303.815780,16
4263,304.470890,13
4264,303.641470,15
4265,304.161780,14
4266,304.270400,13
4267,305.150230,15
4268,304.620190,17
4269,304.513830,16
4270,304.174310,12
4271,303.598880,13
4272,303.978530,9
4273,304.414580,8
4274,303.497250,10
4275,304.360790,8
4276,304.533440,10
4277,303.878910,8
4278,303.815220,11
4279,304.108710,9
4280,304.237750,13
4281,304.556640,15
4282,302.718850,13
4283,304.150080,12
4284,303.277300,14
4285,303.797790,13
4286,303.564800,10
4287,304.046230,13
4288,303.366190,13
4289,303.689170,13
4290,304.309880,15
4291,302.769480,16
4292,303.308190,16
4293,303.093870,15
4294,303.251480,11
4295,302.757790,18
4296,303.558560,12
4297,303.453750,15
4298,304.417940,14
4299,304.010820,15
4300,303.212390,9
4301,302.849850,13
4302,303.439700,13
4303,303.384740,10
4304,303.190970,12
4305,302.938080,12
4306,302.807260,15
4307,302.905200,11
4308,303.137000,13
4309,302.567190,11
4310,302.958150,13
4311,302.518540,7
4312,302.738430,12
4313,302.243290,10
4314,302.428700,9
4315,301.723180,14
4316,302.155230,9
4317,302.644290,14
4318,303.074380,11
4319,302.819330,9
4320,302.990880,11
4321,303.175690,13
4322,302.407540,10
4323,302.683730,11
4324,302.844570,8
4325,302.955340,10
4326,302.749840,10
4327,302.933700,9
4328,302.998870,7
4329,302.362340,11
4330,302.592190,12
4331,302.948930,13
4332,303.219830,14
4333,303.149200,11
4334,302.762120,10
4335,303.335880,12
4336,303.264070,11
4337,302.745850,10
4338,302.508110,15
4339,303.265680,13
4340,302.199020,18
4341,303.615460,13
4342,303.125080,13
4343,302.932530,14
4344,303.452550,15
4345,302.696460,16
4346,303.489440,12
4347,303.471690,17
4348,303.217870,18
4349,302.576890,17
4350,302.049610,12
4351,301.733400,11
4352,301.920140,10
4353,302.632560,12
4354,301.730250,13
4355,302.083870,11
4356,302.419880,10
4357,303.109980,13
4358,301.982370,14
4359,302.890570,11
4360,302.218630,13
4361,302.807640,13
4362,302.627510,12
4363,302.736160,13
4364,302.352870,13
4365,302.540610,10
4366,302.730550,13
4367,302.388740,12
4368,302.050250,12
4369,302.887960,12
4370,303.500840,16
4371,303.727510,15
4372,302.544580,12
4373,302.192370,15
4374,303.017440,14
4375,303.020170,11
4376,302.343450,20
4377,303.294710,13
4378,302.567390,14
4379,303.850680,16
4380,303.273670,14
4381,303.804280,12
4382,303.438520,12
4383,303.659550,13
4384,303.880450,14
4385,302.957900,14
4386,303.501450,10
4387,303.193050,15
4388,303.239050,15
4389,303.984470,13
4390,303.830300,8
4391,303.458640,15
4392,304.587070,14
4393,304.673500,11
4394,304.077810,14
4395,304.048090,10
4396,303.888980,11
4397,304.175240,12
4398,303.766520,10
4399,303.778910,14
4400,303.238730,12
4401,303.450770,13
4402,303.387830,11
4403,304.225830,11
4404,303.660450,12
4405,304.262080,14
4406,303.644850,13
4407,303.632870,12
4408,304.136900,11
4409,303.886400,11
4410,304.879880,13
4411,304.284980,12
4412,304.822720,9
4413,303.899590,13
4414,304.601620,11
4415,304.085390,7
4416,303.630690,14
4417,303.985550,13
4418,304.299020,12
4419,304.001180,13
4420,304.844720,10
4421,304.409520,13
4422,304.548840,14
4423,305.115950,11
4424,303.745820,13
4425,304.917410,9
4426,305.106720,12
4427,304.450800,13
4428,304.621350,14
4429,305.204570,11
4430,304.664020,11
4431,304.817750,13
4432,304.644370,11
4433,304.875460,15
4434,304.852200,12
4435,305.269770,17
4436,305.137400,13
4437,305.443750,16
4438,305.094920,17
4439,305.168210,13
4440,305.692360,11
4441,304.976840,11
4442,304.455830,10
4443,304.687570,9
4444,304.405400,11
4445,305.208650,11
4446,304.475920,11
4447,304.860130,9
4448,304.069420,11
4449,304.885630,10
4450,304.206100,18
4451,304.808120,14
4452,304.658340,14
4453,304.989020,15
4454,304.566860,12
4455,304.944250,14
4456,305.049900,12
4457,304.297000,15
4458,304.609250,12
4459,304.306430,14
4460,305.360870,19
4461,304.834430,17
4462,304.835020,15
4463,304.275810,16
4464,305.687150,19
4465,305.081280,17
4466,303.694570,13
4467,304.574730,16
4468,305.321690,14
4469,305.132500,16
4470,305.517150,15
4471,304.980550,18
4472,305.409600,18
4473,306.065100,13
4474,305.166570,18
4475,305.413400,17
4476,305.336200,17
4477,305.588890,17
4478,304.735700,15
4479,305.579840,13
4480,305.103080,8
4481,305.198200,8
4482,304.976460,10
4483,305.545750,9
4484,304.845950,9
4485,305.165340,6
4486,305.515200,11
4487,305.252470,6
4488,305.376030,9
4489,304.903210,9
4490,304.849140,17
4491,305.052130,11
4492,305.170460,19
4493,304.699470,15
4494,304.529480,14
4495,305.038580,16
4496,304.848030,10
4497,304.458700,12
4498,304.729800,20
4499,305.520750,16
4500,304.950440,16
4501,304.746600,15
4502,305.286650,17
4503,305.775590,17
4504,304.713210,16
4505,305.266530,14
4506,305.309350,14
4507,305.781350,15
4508,305.217620,16
4509,305.264030,16
4510,304.820500,8
4511,304.847840,15
4512,305.494900,12
4513,305.401390,13
4514,305.548140,13
4515,304.699730,11
4516,305.734950,13
4517,305.252730,9
4518,305.049470,12
4519,304.935790,8
4520,304.853070,12
4521,304.841310,16
4522,304.848980,13
4523,304.962810,11
4524,304.863790,9
4525,305.185070,10
4526,305.163610,11
4527,305.343620,12
4528,305.169110,12
4529,304.907810,13
4530,304.854900,15
4531,304.693210,14
4532,305.089220,13
4533,304.234300,16
4534,304.566330,13
4535,304.570780,15
4536,304.549510,14
4537,304.977570,14
4538,305.562910,14
4539,305.323330,12
4540,304.697120,9
4541,304.524810,14
4542,305.053370,13
4543,304.578240,16
4544,304.900680,11
4545,304.749120,15
4546,305.110690,16
4547,305.263640,14
4548,305.804460,14
4549,304.834210,10
4550,304.275700,13
4551,304.102670,14
4552,304.389760,12
4553,304.465550,13
4554,304.340370,11
4555,303.873090,10
4556,304.915710,15
4557,304.386550,12
4558,303.958160,12
4559,304.725400,11
4560,305.638940,16
4561,305.194280,12
4562,305.061890,13
4563,304.946060,17
4564,304.996770,11
4565,305.169910,14
4566,305.477690,16
4567,304.558760,13
4568,305.444190,11
4569,305.277390,13
4570,305.179980,18
4571,305.318820,18
4572,305.523300,14
4573,304.697110,13
4574,305.290890,17
4575,304.478950,15
4576,305.929940,14
4577,304.704490,17
4578,305.311750,14
4579,305.233040,16
4580,304.621780,12
4581,304.654700,16
4582,303.968300,16
4583,305.088590,16
4584,304.293850,13
4585,304.784170,11
4586,304.934600,16
4587,303.927970,14
4588,305.109320,13
4589,305.094510,13
4590,304.214870,15
4591,304.293120,15
4592,304.150430,11
4593,305.071830,11
4594,305.382030,12
4595,305.461060,13
4596,304.907260,11
4597,305.411090,14
4598,305.176610,10
4599,305.246470,12
4600,305.587870,12
4601,305.603790,14
4602,305.505710,14
4603,306.028950,14
4604,305.480690,14
4605,305.862750,12
4606,304.822940,15
4607,305.156120,14
4608,305.226570,14
4609,305.482280,14
4610,305.695080,14
4611,305.876050,13
4612,306.168110,14
4613,305.515120,13
4614,305.863230,15
4615,304.955360,13
4616,305.316230,13
4617,305.575240,13
4618,305.635000,15
4619,305.833720,15
4620,305.004010,11
4621,305.777190,9
4622,305.285170,10
4623,304.831310,8
4624,305.633450,11
4625,305.861440,10
4626,305.088320,11
4627,305.304140,11
4628,305.329990,10
4629,305.619210,12
4630,304.853700,15
4631,304.785230,18
4632,305.739140,14
4633,305.355470,16
4634,305.110990,13
4635,305.245440,12
4636,304.763910,12
4637,304.929280,10
4638,305.244530,14
4639,305.066060,9
4640,304.621590,15
4641,305.140140,9
4642,304.716720,12
4643,304.490550,11
4644,304.791840,13
4645,304.418730,11
4646,304.665690,14
4647,304.604940,12
4648,304.737090,12
4649,305.105650,13
4650,305.071740,10
4651,305.077010,11
4652,305.493410,10
4653,304.958260,8
4654,304.601590,11
4655,305.162390,11
4656,304.961870,9
4657,305.220760,13
4658,305.220660,14
4659,305.192280,9
4660,305.100170,14
4661,304.712110,12
4662,305.704960,9
4663,304.725310,13
4664,305.064750,11
4665,304.951400,11
4666,305.464760,11
4667,305.156900,11
4668,305.433050,11
4669,305.537510,13
4670,305.891140,10
4671,305.683520,13
4672,305.526730,10
4673,305.375440,9
4674,305.822970,15
4675,305.601190,9
4676,305.598080,10
4677,306.192550,11
4678,305.260930,10
4679,305.400830,8
4680,305.058010,10
4681,305.424940,10
4682,305.902560,10
4683,305.879330,10
4684,305.313940,10
4685,305.373490,9
4686,305.440960,12
4687,305.429350,12
4688,305.177060,12
4689,305.347650,9
4690,304.936500,17
4691,305.263680,14
4692,305.022080,13
4693,304.582660,13
4694,305.634560,19
4695,305.893010,16
4696,305.043970,10
4697,305.521270,17
4698,304.659990,12
4699,305.153850,14
4700,304.436590,14
4701,304.667390,12
4702,304.788800,14
4703,304.770630,10
4704,305.077680,18
4705,304.653500,9
4706,304.474620,15
4707,304.491790,13
4708,305.025290,10
4709,304.501250,12
4710,305.253070,14
4711,305.091360,12
4712,304.372290,13
4713,305.303340,10
4714,304.907520,12
4715,305.067480,15
4716,305.232350,11
4717,305.249330,12
4718,304.661770,17
4719,305.557680,9
4720,306.116350,17
4721,305.574690,17
4722,305.231570,14
4723,305.579720,13
4724,305.956920,14
4725,306.274620,19
4726,305.733960,14
4727,306.291420,17
4728,304.749390,15
4729,305.088240,13
4730,306.786210,10
4731,306.295820,10
4732,305.613940,12
4733,306.661910,14
4734,306.179050,12
4735,305.639580,12
4736,306.741470,11
4737,305.669700,13
4738,305.828050,12
4739,306.258830,10
4740,306.249080,11
4741,306.243230,10
4742,305.839620,14
4743,305.997350,12
4744,305.808990,10
4745,304.972820,12
4746,305.834460,10
4747,305.126410,12
4748,305.561670,8
4749,306.012000,12
4750,306.482690,12
4751,306.392510,16
4752,306.291320,18
4753,306.995030,17
4754,305.513720,19
4755,306.146660,13
4756,306.285790,17
4757,305.652170,17
4758,306.660330,17
4759,306.148280,13
4760,306.557030,15
4761,307.932280,20
4762,307.297550,17
4763,306.000010,18
4764,306.755820,17
4765,307.335910,17
4766,307.185920,15
4767,306.396120,15
4768,306.238560,17
4769,306.318310,17
4770,306.770450,18
4771,306.745560,14
4772,305.502170,16
4773,306.271600,15
4774,306.733430,13
4775,306.152890,14
4776,305.794670,15
4777,306.463840,13
4778,306.099350,12
4779,306.512000,11
4780,306.632840,15
4781,306.658490,10
4782,306.537040,13
4783,307.002870,11
4784,305.860520,9
4785,306.027590,12
4786,306.767820,9
4787,306.646150,12
4788,306.359580,9
4789,306.660740,15
4790,306.910710,15
4791,306.339500,14
4792,306.142760,13
4793,306.365030,17
4794,306.765240,16
4795,306.728900,13
4796,306.775440,15
4797,305.752900,17
4798,306.774530,16
4799,306.699570,15
4800,307.586510,18
4801,306.641590,11
4802,306.701200,16
4803,306.259920,13
4804,306.515390,14
4805,306.071580,16
4806,306.868870,13
4807,306.409730,12
4808,306.370340,15
4809,307.384960,16
4810,306.871530,7
4811,306.414350,17
4812,306.734230,10
4813,306.199680,12
4814,306.629770,10
4815,306.604320,11
4816,306.724100,14
4817,306.447260,12
4818,307.016340,12
4819,306.774650,13
4820,306.467660,9
4821,306.367260,10
4822,306.923830,10
4823,306.226950,9
4824,306.693720,11
4825,306.824990,11
4826,307.237220,9
4827,306.828090,10
4828,306.810130,12
4829,307.227590,9
4830,307.536230,14
4831,306.659630,11
4832,306.821390,12
4833,307.113900,14
4834,307.020160,13
4835,307.275770,14
4836,307.207430,11
4837,307.347980,14
4838,306.532620,13
4839,307.095500,14
4840,306.468110,12
4841,307.401950,11
4842,307.383240,13
4843,307.231500,13
4844,307.431010,14
4845,307.900180,15
4846,307.090970,14
4847,306.697850,9
4848,307.125990,15
4849,306.391040,12
4850,306.952740,6
4851,306.859250,11
4852,307.630900,13
4853,306.609100,10
4854,307.725780,10
4855,306.818750,12
4856,307.267560,14
4857,306.561870,9
4858,306.678380,15
4859,307.205280,12
4860,306.801910,10
4861,307.031810,14
4862,307.328270,13
4863,306.186960,11
4864,307.257210,13
4865,307.326130,14
4866,306.789570,12
4867,307.205550,11
4868,307.423310,13
4869,307.805510,16
4870,307.645390,12
4871,307.837000,12
4872,307.710920,10
4873,307.726540,13
4874,307.085900,14
4875,307.126940,12
4876,307.695990,12
4877,306.948570,10
4878,307.340070,11
4879,308.185140,16
4880,308.320580,11
4881,307.963900,12
4882,308.694300,13
4883,308.442880,13
4884,307.745000,13
4885,308.008310,15
4886,308.043170,11
4887,308.040730,13
4888,307.342910,14
4889,308.012710,12
4890,307.940690,7
4891,308.247600,14
4892,308.209410,7
4893,308.275090,10
4894,308.156510,7
4895,308.097590,10
4896,307.136110,17
4897,307.948960,10
4898,307.568530,10
4899,308.172290,11
4900,307.654690,12
4901,307.748920,14
4902,308.602060,15
4903,308.103190,14
4904,307.893490,13
4905,307.806330,12
4906,307.889600,15
4907,307.903860,14
4908,308.318690,13
4909,308.002480,10
4910,308.228940,17
4911,307.786230,16
4912,307.897830,12
4913,307.420070,20
4914,307.598390,13
4915,307.731940,14
4916,307.468230,18
4917,307.809970,17
4918,307.662930,15
4919,308.295060,13
4920,307.845230,15
4921,307.802800,17
4922,307.589470,10
4923,308.383210,9
4924,307.429040,17
4925,308.370810,11
4926,307.978170,11
4927,308.117540,11
4928,308.337990,16
4929,308.115200,15
4930,308.241700,18
4931,307.595790,16
4932,307.538050,13
4933,308.228070,17
4934,307.599670,18
4935,307.683030,13
4936,308.487230,16
4937,308.320210,12
4938,308.412850,13
4939,308.332780,15
4940,308.320100,10
4941,308.159140,9
4942,307.787780,14
4943,308.341360,8
4944,308.123430,11
4945,308.266550,12
4946,308.688730,14
4947,308.564120,10
4948,307.832690,11
4949,308.065820,10
4950,308.393270,11
4951,309.376190,17
4952,308.694810,11
4953,308.370320,13
4954,308.686540,14
4955,309.293900,16
4956,309.026070,14
4957,309.512110,14
4958,309.056210,12
4959,308.873900,13
4960,309.032660,10
4961,309.202950,17
4962,308.544520,14
4963,308.342350,13
4964,308.990040,16
4965,308.984510,16
4966,309.756970,17
4967,308.932660,12
4968,308.534290,13
4969,308.794020,14
4970,309.366720,12
4971,309.976980,16
4972,308.982760,13
4973,309.456060,14
4974,309.262030,15
4975,308.872500,14
4976,309.098180,9
4977,308.861380,14
4978,309.188280,16
4979,308.837640,16
4980,309.562630,12
4981,309.173680,13
4982,308.868360,14
4983,308.899270,13
4984,309.240660,12
4985,309.333450,14
4986,309.363010,11
4987,309.094160,11
4988,309.023640,14
4989,309.279420,13
4990,307.945520,19
4991,308.610840,16
4992,307.908220,17
4993,308.422420,14
4994,308.580260,17
4995,307.969320,16
4996,308.432700,16
4997,308.381510,17
4998,308.160760,17
4999,308.479780,18
5000,308.068160,14
5001,308.884250,12
5002,308.727090,13
5003,309.216040,17
5004,308.482940,14
5005,308.468460,13
5006,308.133010,15
5007,309.652240,13
5008,308.803840,9
5009,308.815690,14
5010,309.194440,13
5011,309.079650,15
5012,308.866630,13
5013,308.970100,13
5014,308.981180,15
5015,308.577550,15
5016,308.789010,12
5017,308.637790,16
5018,309.393420,14
5019,308.938590,9
5020,308.740800,14
5021,309.429660,10
5022,308.601850,14
5023,309.406660,13
5024,308.303330,13
5025,309.041790,10
5026,309.182610,11
5027,308.016160,18
5028,309.488920,13
5029,309.732560,13
5030,309.356090,9
5031,309.905090,10
5032,309.350010,10
5033,309.404200,6
5034,309.260730,13
5035,309.374180,9
5036,309.972930,12
5037,309.366070,12
5038,308.761350,10
5039,309.728470,12
5040,308.682000,16
5041,309.231450,13
5042,309.040510,17
5043,308.906590,13
5044,309.430180,17
5045,308.974990,12
5046,310.026690,17
5047,309.091130,15
5048,309.167930,15
5049,308.723560,16
5050,308.983560,16
5051,309.773470,18
5052,308.344290,18
5053,309.283960,18
5054,308.773220,17
5055,309.455260,12
5056,308.667700,15
5057,308.401520,17
5058,308.921570,15
5059,308.152000,20
5060,308.732840,13
5061,309.203410,11
5062,309.346100,16
5063,308.083160,17
5064,309.118570,13
5065,308.251480,18
5066,308.770850,14
5067,309.237180,13
5068,309.074580,15
5069,309.331120,13
5070,309.524280,14
5071,309.000580,12
5072,309.225700,13
5073,309.261330,15
5074,308.537850,14
5075,309.487730,9
5076,309.244330,12
5077,309.163710,14
5078,309.413510,13
5079,308.861610,14
5080,308.107170,10
5081,308.405450,9
5082,308.276640,12
5083,308.590740,16
5084,307.932170,15
5085,308.062780,14
5086,308.336850,12
5087,308.183620,13
5088,308.416280,11
5089,308.088270,11
5090,308.909670,16
5091,308.447120,12
5092,307.801510,14
5093,308.586010,15
5094,308.659570,15
5095,309.185780,17
5096,308.122790,17
5097,308.335810,17
5098,308.530170,12
5099,308.538620,14
5100,308.942600,13
5101,309.162810,15
5102,309.155400,12
5103,309.432570,14
5104,309.397550,17
5105,308.608620,10
5106,309.140410,14
5107,309.275840,13
5108,308.904760,13
5109,308.210860,14
5110,308.816130,15
5111,308.931620,10
5112,309.197230,10
5113,309.266370,12
5114,308.947660,14
5115,308.921990,11
5116,308.839530,12
5117,309.358950,12
5118,309.194990,12
5119,308.712940,11
5120,308.274210,13
5121,308.645840,12
5122,309.119140,12
5123,309.180690,12
5124,309.193940,11
5125,309.490200,13
5126,309.678510,10
5127,308.836960,10
5128,309.500230,10
5129,308.761980,8
5130,308.994740,14
5131,308.800060,13
5132,308.426530,12
5133,308.581510,9
5134,308.759870,12
5135,308.434990,10
5136,308.548830,14
5137,308.692070,12
5138,308.451900,11
5139,308.822700,13
5140,308.529120,14
5141,307.785800,16
5142,308.076560,12
5143,308.670080,15
5144,308.349290,16
5145,307.841920,16
5146,308.994920,13
5147,309.175420,13
5148,309.333150,16
5149,308.840530,12
5150,308.519840,19
5151,308.622140,15
5152,307.684010,15
5153,308.511790,15
5154,308.114570,14
5155,308.294710,15
5156,308.499370,19
5157,307.667220,15
5158,307.719820,14
5159,307.548990,12
5160,306.942520,13
5161,307.176230,11
5162,307.374170,12
5163,308.477020,12
5164,307.892830,9
5165,307.718220,13
5166,307.346680,12
5167,307.497870,11
5168,307.352500,13
5169,307.562870,12
5170,307.941110,14
5171,306.773760,14
5172,307.922630,10
5173,307.855760,14
5174,306.865900,11
5175,307.451460,11
5176,307.437370,13
5177,307.851480,11
5178,306.892700,12
5179,307.783210,10
5180,308.023010,14
5181,307.035300,11
5182,307.753730,13
5183,307.678300,10
5184,307.345340,12
5185,308.415410,12
5186,307.656710,13
5187,307.716530,11
5188,307.740470,11
5189,307.266420,12
5190,308.063920,15
5191,308.328770,12
5192,307.472590,15
5193,307.708310,13
5194,307.684610,15
5195,307.693840,16
5196,307.456070,16
5197,308.163050,14
5198,308.331440,17
5199,307.988770,15
5200,307.988770,0
