step,price,volume
0,299.884430,12
1,299.447490,11
2,299.919070,12
3,299.695050,13
4,299.721520,17
5,300.326330,12
6,299.778240,11
7,299.492940,10
8,299.278290,18
9,299.870730,10
10,299.039760,17
11,299.744120,17
12,298.855850,19
13,300.245140,15
14,299.005210,16
15,299.895300,16
16,298.992070,19
17,300.062120,17
18,300.164380,17
19,299.242140,16
20,299.781620,11
21,299.598250,12
22,300.187480,8
23,300.187600,16
24,299.386120,9
25,300.036570,10
26,299.351550,10
27,300.035770,11
28,299.831230,13
29,300.319890,12
30,300.489860,13
31,300.362130,12
32,299.900110,15
33,299.987310,13
34,299.774320,15
35,300.555060,18
36,300.179860,12
37,299.735080,9
38,299.500790,14
39,299.629260,12
40,299.111660,13
41,299.095580,15
42,299.868670,12
43,299.931140,14
44,299.494460,18
45,299.691810,6
46,299.509430,14
47,299.511420,14
48,299.426650,11
49,299.562650,10
50,300.244980,17
51,299.167430,17
52,299.948540,15
53,299.596160,12
54,298.921030,15
55,299.521220,15
56,299.476230,12
57,299.538670,15
58,299.016580,15
59,299.794810,11
60,300.092820,10
61,299.316270,11
62,300.473510,10
63,300.342630,12
64,299.618610,9
65,300.027740,11
66,300.253300,13
67,300.446160,12
68,299.833240,11
69,299.809670,9
70,299.595730,10
71,300.257730,14
72,299.656370,13
73,300.144240,9
74,299.787050,13
75,299.953950,9
76,299.670900,13
77,300.008270,12
78,299.496520,13
79,299.682290,12
80,299.817610,15
81,299.539840,11
82,299.512770,15
83,300.566190,17
84,300.180620,11
85,299.786930,9
86,300.010800,14
87,299.646780,14
88,300.165730,8
89,300.324440,12
90,300.381290,11
91,300.749380,17
92,300.006040,13
93,300.106220,11
94,300.195010,12
95,300.841490,14
96,300.054190,13
97,299.749070,13
98,300.175340,14
99,300.295380,12
100,301.502770,13
101,301.332700,16
102,301.705100,12
103,300.880700,15
104,301.279000,13
105,301.284970,13
106,301.620580,14
107,301.044300,16
108,301.643340,14
109,301.291920,11
110,302.082230,11
111,302.216660,11
112,302.588690,12
113,301.595910,13
114,301.601440,13
115,302.024480,9
116,301.975920,11
117,301.963010,11
118,302.523290,13
119,301.367230,16
120,301.733840,8
121,302.810720,11
122,301.928230,12
123,301.781040,11
124,301.837050,10
125,301.985490,12
126,302.489250,10
127,302.628060,11
128,301.935430,10
129,302.363320,13
130,302.268730,8
131,302.271470,14
132,301.482930,16
133,301.779290,12
134,302.015010,14
135,302.472420,12
136,302.781780,11
137,302.379670,9
138,302.232960,11
139,302.115700,14
140,302.186780,15
141,302.457800,15
142,302.046270,19
143,301.473180,17
144,302.063800,13
145,301.746900,13
146,302.258980,14
147,301.549310,15
148,301.993350,13
149,301.048500,19
150,301.495360,11
151,301.127520,11
152,301.557970,10
153,301.372120,10
154,301.377790,10
155,300.635560,8
156,301.096630,10
157,301.365770,8
158,301.317460,12
159,301.274580,10
160,301.507810,10
161,301.429530,15
162,301.566150,12
163,300.660380,12
164,301.126440,11
165,300.862470,10
166,301.431320,11
167,301.049980,11
168,301.147320,12
169,300.696260,15
170,300.884950,12
171,301.106260,15
172,300.820880,10
173,300.637780,12
174,300.955710,14
175,301.244720,14
176,301.289940,15
177,301.102920,11
178,300.787420,9
179,301.752910,12
180,300.672180,17
181,300.796040,15
182,301.195140,17
183,300.490270,18
184,301.164500,15
185,301.545180,16
186,301.879120,15
187,301.418880,16
188,301.279550,14
189,300.414100,18
190,300.561270,10
191,300.984340,12
192,301.074600,11
193,301.605960,10
194,300.748780,13
195,300.633580,10
196,300.866650,10
197,301.288500,12
198,300.642880,12
199,300.774450,14
200,300.715130,15
201,301.129310,15
202,300.116580,13
203,300.236140,15
204,300.733890,11
205,300.900250,13
206,301.072160,12
207,300.321070,17
208,300.914840,14
209,300.433680,11
210,300.850240,13
211,301.148870,11
212,300.605000,13
213,301.347460,9
214,300.681460,12
215,301.212120,13
216,301.655080,11
217,301.078650,9
218,301.421820,8
219,301.026450,10
220,300.930310,14
221,301.508270,12
222,300.927360,11
223,300.928840,14
224,301.532650,16
225,302.691220,19
226,300.910670,13
227,301.129060,16
228,301.197140,10
229,300.776700,12
230,300.618910,13
231,300.524870,13
232,300.963390,14
233,300.808830,9
234,301.298910,14
235,300.524790,13
236,300.106230,14
237,300.710270,13
238,300.303340,12
239,300.707590,13
240,301.452160,14
241,301.355910,12
242,301.004440,12
243,300.837530,14
244,301.589810,10
245,301.301320,16
246,301.313310,10
247,301.388500,9
248,300.614710,10
249,300.965710,10
250,301.315010,13
251,301.392920,13
252,301.718710,15
253,301.457790,15
254,301.047370,16
255,301.011320,17
256,301.639040,15
257,301.413410,15
258,300.861820,12
259,300.659420,15
260,301.832260,16
261,301.167840,14
262,301.724340,15
263,300.354190,14
264,301.818650,13
265,301.421610,13
266,300.838230,16
267,300.536790,14
268,301.299550,13
269,301.929070,13
270,300.813650,12
271,301.209540,14
272,301.916830,13
273,300.951370,17
274,301.975320,15
275,300.601010,14
276,301.273650,12
277,301.160450,15
278,301.525480,14
279,301.514170,15
280,301.564990,14
281,301.327130,16
282,301.009210,14
283,300.756300,14
284,301.517420,12
285,300.565680,17
286,301.941740,15
287,302.054220,17
288,301.023860,13
289,301.054540,15
290,301.487840,13
291,300.671830,11
292,301.735540,15
293,300.863230,10
294,301.753940,13
295,301.359020,10
296,301.758320,16
297,301.227580,10
298,301.330720,12
299,301.097080,7
300,301.425280,13
301,300.737050,12
302,301.392120,15
303,300.784180,15
304,301.149340,13
305,300.808850,16
306,300.347370,9
307,300.922230,11
308,301.378670,11
309,300.907930,13
310,300.770260,12
311,301.656680,11
312,301.142320,12
313,300.770540,12
314,301.139710,9
315,300.746300,15
316,300.943710,11
317,301.352580,9
318,301.696820,14
319,300.649480,11
320,301.159500,13
321,300.254310,14
322,300.549120,13
323,300.766060,12
324,300.470930,10
325,300.149120,14
326,300.610870,15
327,301.363100,14
328,301.196370,15
329,301.074600,11
330,300.361940,14
331,299.995060,14
332,299.881250,20
333,299.987190,15
334,299.596080,15
335,299.874040,16
336,300.322520,13
337,300.899560,14
338,300.906960,16
339,300.724550,17
340,300.141900,11
341,300.667310,11
342,300.419100,12
343,300.173390,13
344,300.769900,10
345,300.524900,10
346,300.669550,11
347,300.637660,10
348,300.626670,11
349,300.659510,11
350,302.163310,17
351,300.761440,13
352,301.353500,12
353,300.530180,14
354,300.877740,13
355,300.972290,12
356,301.040760,18
357,301.259200,16
358,300.546190,12
359,300.243260,17
360,301.322040,8
361,301.334680,10
362,300.847830,13
363,300.964280,8
364,300.941290,12
365,300.840760,10
366,300.775660,10
367,301.121710,11
368,301.504770,10
369,301.444030,15
370,301.655940,11
371,301.137370,12
372,300.777050,16
373,301.475690,11
374,301.314080,16
375,301.068080,14
376,301.425720,14
377,301.433840,12
378,301.049870,15
379,301.750970,15
380,302.027210,11
381,302.169050,11
382,301.999810,13
383,301.428200,12
384,301.517730,12
385,301.476520,10
386,301.902220,11
387,301.846440,9
388,301.482960,11
389,301.446590,11
390,301.870680,10
391,301.177380,11
392,301.317420,15
393,302.035750,12
394,302.078770,14
395,301.999590,11
396,301.401780,12
397,301.513730,13
398,301.861580,13
399,301.249680,13
400,301.640550,12
401,301.778810,15
402,302.342530,13
403,301.351640,11
404,301.871770,13
405,301.164930,13
406,301.898250,13
407,302.287260,15
408,301.699610,10
409,302.676970,14
410,303.039410,19
411,303.136980,14
412,302.549030,13
413,303.420280,16
414,303.072310,17
415,302.401030,17
416,302.958150,14
417,303.637080,15
418,303.693320,17
419,302.991800,19
420,303.386770,9
421,303.426280,12
422,303.809860,11
423,302.734620,15
424,303.452660,13
425,303.682110,14
426,302.970100,12
427,304.179190,11
428,303.010560,15
429,303.336130,11
430,302.380370,12
431,302.443110,15
432,302.289950,13
433,302.532040,14
434,302.180770,16
435,302.973340,14
436,302.322150,11
437,302.594480,13
438,303.080060,11
439,302.841270,13
440,302.582730,11
441,302.626150,10
442,302.398660,14
443,303.147850,14
444,302.856480,13
445,303.672590,13
446,303.455890,10
447,302.806370,9
448,303.003720,7
449,302.956990,10
450,302.341330,11
451,302.903450,12
452,302.812590,11
453,302.942270,11
454,302.382970,11
455,303.491620,13
456,302.278540,12
457,303.341980,13
458,302.919170,12
459,302.792210,13
460,302.166070,16
461,303.159460,17
462,303.033740,14
463,302.586140,17
464,302.154950,15
465,302.893710,17
466,302.508480,15
467,302.346350,15
468,302.729200,16
469,302.736380,18
470,301.942640,9
471,302.752160,11
472,302.838070,11
473,302.232660,13
474,302.461090,14
475,302.279490,13
476,301.995100,12
477,302.670600,11
478,302.054360,10
479,301.778170,12
480,302.210370,15
481,301.878720,15
482,302.383060,15
483,302.396910,15
484,302.717090,12
485,302.901720,13
486,302.984760,14
487,302.478870,15
488,302.314300,12
489,302.278530,16
490,302.085610,13
491,302.078210,12
492,301.862280,14
493,302.522830,10
494,302.428820,14
495,302.772100,13
496,303.128980,10
497,302.837730,9
498,302.248290,14
499,303.017520,16
500,302.449050,13
501,302.273670,16
502,302.023860,11
503,302.803350,13
504,302.162760,11
505,302.816490,14
506,302.327520,15
507,301.715260,11
508,302.415630,14
509,301.839680,16
510,301.783200,12
511,301.404990,14
512,302.297780,11
513,302.349560,16
514,302.330400,12
515,301.976750,13
516,302.471580,16
517,301.862790,14
518,301.613850,12
519,302.005570,16
520,301.513790,8
521,301.641380,12
522,301.540020,8
523,301.234550,11
524,301.894230,11
525,301.437610,9
526,302.448950,8
527,301.421350,11
528,301.819430,10
529,302.024420,12
530,301.592780,11
531,301.952410,13
532,301.236640,9
533,301.219990,14
534,301.249230,9
535,301.315360,12
536,301.911640,14
537,300.995970,11
538,301.063250,12
539,301.596570,13
540,301.481780,14
541,301.055530,10
542,300.572330,13
543,301.944320,13
544,300.891690,11
545,301.179750,11
546,301.205490,11
547,301.038610,12
548,300.437440,14
549,300.898140,16
550,300.769000,13
551,299.969800,12
552,301.110630,15
553,300.948150,14
554,300.610030,11
555,301.502850,16
556,300.237250,16
557,300.834270,13
558,300.139840,16
559,301.151220,13
560,300.018940,8
561,300.076760,11
562,300.498840,8
563,300.747610,13
564,301.155740,13
565,300.498800,14
566,300.222840,12
567,299.683150,13
568,299.581010,10
569,300.622260,10
570,300.130120,20
571,300.947030,17
572,300.076500,17
573,301.554490,16
574,300.632930,15
575,301.040660,18
576,300.786210,17
577,299.963960,14
578,300.949330,17
579,300.436950,17
580,300.933380,11
581,300.769940,10
582,300.939850,13
583,300.954830,14
584,300.378970,10
585,300.928670,8
586,300.595750,15
587,300.613290,13
588,300.270160,12
589,300.448290,10
590,300.090600,10
591,300.112030,10
592,299.839080,14
593,300.161310,15
594,300.198420,12
595,299.830760,11
596,300.515990,13
597,300.191050,8
598,300.680960,11
599,300.486580,12
600,299.883450,16
601,299.987190,14
602,300.500670,13
603,300.535580,16
604,300.238980,14
605,299.999090,13
606,300.431060,13
607,300.455860,12
608,300.652140,12
609,300.203480,14
610,301.143920,17
611,300.536330,14
612,300.462840,13
613,299.917570,12
614,300.207540,17
615,300.680320,14
616,300.812940,15
617,300.195090,19
618,300.232940,16
619,300.557560,13
620,300.500250,15
621,301.052480,11
622,300.819870,12
623,300.740790,11
624,300.466950,12
625,300.487670,13
626,300.788110,15
627,300.850970,14
628,300.824580,10
629,300.693000,12
630,300.700230,14
631,301.066620,12
632,301.113250,11
633,300.591280,12
634,300.925090,16
635,300.640990,12
636,300.253050,15
637,300.962230,14
638,301.242780,13
639,301.090240,14
640,301.032550,11
641,300.782260,14
642,300.973090,15
643,300.701220,13
644,300.998240,12
645,301.588800,14
646,300.952110,12
647,300.652570,12
648,300.590060,16
649,301.817860,11
650,301.532120,15
651,300.872770,14
652,301.901420,13
653,301.121950,14
654,301.027670,16
655,302.048810,16
656,302.059750,15
657,301.770170,11
658,301.807870,16
659,301.636360,12
660,302.088690,13
661,302.112220,11
662,302.209380,12
663,301.665020,12
664,301.960760,11
665,302.014530,13
666,302.023930,12
667,301.722040,11
668,302.379790,14
669,301.492490,14
670,301.610160,13
671,301.711670,11
672,301.357590,13
673,301.816900,11
674,302.478270,15
675,301.261690,9
676,301.584630,10
677,301.188070,14
678,301.298880,11
679,301.420790,13
680,301.238130,11
681,302.026580,10
682,302.127950,10
683,301.682070,10
684,301.842020,11
685,301.700720,11
686,301.400990,11
687,301.726380,10
688,301.518970,9
689,301.499320,12
690,300.508910,17
691,300.517390,18
692,300.283990,17
693,301.221430,16
694,300.348960,17
695,302.227930,18
696,300.184810,15
697,301.148150,21
698,301.315260,16
699,301.699490,18
700,302.311540,12
701,301.700900,9
702,301.288820,12
703,301.726240,11
704,301.623790,12
705,302.324100,9
706,302.233600,7
707,301.464160,11
708,301.831900,10
709,301.678290,11
710,302.124490,14
711,301.876410,13
712,302.186190,8
713,301.760520,13
714,301.165700,13
715,301.671970,11
716,301.731800,12
717,301.604800,12
718,301.909920,14
719,302.183340,12
720,301.605880,11
721,301.731660,14
722,302.528300,14
723,301.677100,15
724,301.588760,12
725,302.071980,10
726,302.028040,13
727,301.369040,13
728,301.664160,12
729,301.456940,14
730,301.204830,14
731,302.082060,13
732,301.016580,10
733,301.581150,16
734,301.403540,13
735,301.697180,12
736,301.875360,14
737,302.078540,11
738,301.796430,8
739,302.330390,13
740,302.078300,12
741,302.448250,12
742,302.244890,17
743,301.252930,13
744,301.398050,11
745,302.100930,15
746,301.748340,11
747,301.321420,15
748,302.000210,12
749,301.718290,13
750,301.506910,9
751,301.383280,15
752,301.895270,11
753,301.429750,10
754,301.477420,11
755,301.427160,14
756,300.832820,13
757,301.172630,9
758,300.901180,10
759,302.890950,11
760,303.170560,13
761,302.934170,16
762,303.080310,15
763,302.984430,14
764,302.276530,16
765,302.928580,16
766,302.926880,17
767,303.088750,17
768,302.688350,18
769,302.360530,15
770,303.645880,10
771,303.026380,12
772,303.090520,10
773,303.178440,13
774,303.479430,14
775,303.041660,10
776,303.713270,13
777,303.393390,11
778,303.430360,10
779,303.246500,13
780,302.934640,11
781,303.173070,13
782,303.090800,15
783,304.085390,13
784,303.210830,14
785,304.062690,15
786,303.346910,12
787,302.910230,13
788,303.888060,12
789,303.522880,12
790,302.704200,13
791,302.325740,10
792,303.142110,9
793,302.836680,16
794,303.065710,13
795,303.335530,13
796,302.335330,9
797,302.636570,12
798,303.355980,12
799,303.289160,12
800,303.583230,15
801,303.798130,17
802,303.248270,13
803,302.278110,15
804,303.130260,18
805,303.412010,13
806,302.421600,15
807,303.448200,15
808,303.397330,12
809,302.512490,14
810,303.011560,13
811,302.812730,12
812,303.105750,9
813,302.862100,12
814,303.038760,10
815,303.303660,11
816,303.302840,15
817,302.851450,10
818,303.251470,10
819,303.064210,7
820,302.927210,15
821,303.136840,13
822,303.108310,8
823,302.624550,12
824,302.595340,16
825,302.975530,13
826,302.775300,12
827,302.945360,10
828,303.236180,11
829,302.505990,10
830,302.918920,11
831,302.362090,14
832,302.705840,13
833,303.445720,17
834,303.179930,12
835,302.573160,15
836,303.511620,16
837,302.071410,11
838,302.770480,11
839,302.832190,11
840,302.262040,15
841,302.619170,17
842,301.798550,19
843,302.360530,16
844,301.476700,17
845,301.438840,17
846,302.110250,16
847,301.760080,13
848,302.486230,16
849,302.432180,16
850,302.779970,12
851,302.066590,9
852,301.459820,12
853,302.274220,9
854,302.128080,11
855,301.735100,12
856,301.987810,10
857,302.273890,14
858,302.037060,10
859,301.865420,8
860,301.637880,10
861,301.994790,13
862,302.224660,12
863,302.063130,9
864,301.095090,9
865,301.652720,11
866,302.071530,8
867,301.711970,10
868,301.652380,14
869,301.855990,8
870,301.453250,11
871,302.006560,11
872,301.791290,13
873,301.046780,12
874,301.641810,14
875,301.693900,14
876,301.601210,12
877,301.757550,15
878,301.157000,15
879,301.842060,15
880,301.281850,12
881,301.677620,11
882,301.622600,13
883,301.769740,13
884,301.770690,12
885,301.328790,11
886,301.317270,15
887,301.701430,16
888,301.265480,16
889,301.218100,11
890,301.200150,11
891,301.046790,12
892,300.564940,14
893,301.875400,17
894,301.212470,12
895,301.148790,14
896,301.235030,13
897,301.017630,11
898,301.534140,15
899,301.286560,12
900,301.477570,11
901,301.784940,8
902,300.690710,16
903,301.794350,14
904,301.147150,11
905,301.575610,16
906,301.031560,10
907,301.088120,12
908,300.867450,10
909,301.286630,14
910,300.271610,16
911,300.753550,13
912,300.980800,16
913,300.457360,10
914,300.201360,12
915,300.692250,14
916,301.106230,14
917,301.128560,11
918,300.664980,11
919,301.005940,10
920,301.194640,14
921,300.938570,9
922,300.943850,14
923,300.788150,15
924,300.295040,12
925,299.929470,16
926,301.728570,11
927,300.729450,14
928,301.096860,14
929,300.541970,16
930,301.229270,11
931,300.613170,11
932,300.976660,11
933,300.685570,9
934,300.482660,13
935,300.095170,9
936,301.070250,10
937,300.797150,10
938,301.059760,13
939,300.143480,10
940,300.917620,14
941,300.474870,14
942,301.262100,15
943,300.181840,14
944,300.693640,13
945,300.686180,14
946,301.047400,12
947,300.841910,14
948,299.847640,15
949,301.327860,16
950,301.506320,11
951,300.447760,12
952,300.646640,16
953,300.972980,13
954,300.472730,14
955,300.469460,12
956,300.107530,14
957,300.487480,12
958,301.066960,12
959,300.874350,15
960,301.300280,17
961,301.341110,16
962,300.945100,15
963,301.718950,14
964,300.973490,14
965,300.891080,16
966,300.919830,14
967,301.270950,16
968,301.709280,16
969,301.591470,15
970,301.674860,11
971,301.526990,12
972,301.023910,15
973,301.000760,12
974,301.280000,10
975,301.669840,13
976,300.671850,14
977,300.814200,15
978,301.379470,7
979,301.515030,13
980,301.228980,14
981,301.237270,12
982,301.619170,11
983,301.862260,10
984,302.326160,12
985,302.126480,11
986,301.786700,10
987,301.432520,14
988,301.435510,9
989,301.618060,12
990,301.540380,14
991,301.218730,14
992,301.838390,11
993,301.579470,12
994,301.478810,13
995,301.056670,16
996,301.136250,14
997,301.282430,11
998,301.754190,13
999,301.805610,13
1000,301.154000,10
1001,300.899600,14
1002,301.972840,13
1003,301.326720,10
1004,301.910320,10
1005,301.061250,12
1006,301.363740,14
1007,302.121860,13
1008,301.527790,11
1009,302.108790,13
1010,301.464830,13
1011,301.319150,12
1012,301.441820,12
1013,301.317430,10
1014,302.434150,16
1015,301.854760,13
1016,301.298690,13
1017,301.875340,13
1018,300.722170,16
1019,301.372580,13
1020,300.325410,16
1021,300.744170,12
1022,300.812760,14
1023,301.482980,14
1024,300.746960,16
1025,300.574940,13
1026,300.889570,14
1027,301.640850,12
1028,301.278730,13
1029,301.157260,15
1030,300.605460,9
1031,301.372920,11
1032,301.271700,9
1033,301.095290,9
1034,300.985610,9
1035,301.056120,10
1036,300.924670,10
1037,300.977460,12
1038,300.976700,9
1039,300.660080,11
1040,300.448970,17
1041,300.835470,12
1042,300.547870,14
1043,301.628760,16
1044,300.577290,18
1045,300.975950,13
1046,301.094740,12
1047,301.596230,17
1048,301.145250,16
1049,300.849930,15
1050,301.143400,15
1051,301.317060,15
1052,301.797520,13
1053,302.619730,17
1054,301.688800,14
1055,301.750270,10
1056,301.633690,14
1057,301.465080,14
1058,301.012710,16
1059,300.566950,13
1060,300.176640,15
1061,301.327860,11
1062,300.569680,9
1063,301.212790,13
1064,301.010840,13
1065,300.991890,7
1066,300.952910,14
1067,300.983310,13
1068,301.264000,11
1069,299.808350,14
1070,299.669600,13
1071,299.487630,12
1072,299.988690,15
1073,299.700570,14
1074,299.604370,14
1075,299.724860,9
1076,299.740070,14
1077,300.090530,14
1078,299.256560,13
1079,298.574600,14
1080,299.570860,14
1081,299.434280,8
1082,299.945080,16
1083,299.314180,13
1084,299.329200,10
1085,299.631630,9
1086,300.077950,13
1087,299.304240,9
1088,299.030830,12
1089,299.026190,15
1090,299.241120,8
1091,299.063670,9
1092,299.060960,8
1093,299.436390,12
1094,299.113830,9
1095,299.406910,13
1096,299.038480,11
1097,298.898310,7
1098,299.362690,12
1099,299.058150,10
1100,298.968920,6
1101,299.452230,8
1102,299.528500,13
1103,299.640650,8
1104,298.919290,13
1105,299.816850,12
1106,298.714060,12
1107,299.194560,11
1108,299.500370,10
1109,298.739710,13
1110,298.787680,13
1111,298.408110,14
1112,299.166440,12
1113,298.596370,15
1114,298.045760,13
1115,297.715640,14
1116,298.512640,15
1117,298.484570,14
1118,298.565440,15
1119,299.381540,14
1120,298.836840,15
1121,299.874410,16
1122,298.617830,15
1123,299.273330,11
1124,298.724090,12
1125,298.834730,15
1126,300.071050,12
1127,298.824110,16
1128,298.801410,15
1129,299.923600,14
1130,299.601150,12
1131,299.903360,13
1132,300.040280,11
1133,299.746600,11
1134,299.195680,16
1135,298.942850,16
1136,299.859110,9
1137,299.628860,13
1138,299.619600,10
1139,300.277860,12
1140,299.614790,10
1141,299.966510,10
1142,299.526300,9
1143,300.146350,10
1144,299.834880,11
1145,299.337540,14
1146,299.408050,10
1147,299.736350,5
1148,299.387970,10
1149,299.696720,14
1150,299.813520,18
1151,299.218520,15
1152,299.427230,17
1153,300.466860,18
1154,299.442250,15
1155,298.749500,18
1156,298.748350,15
1157,300.052830,18
1158,299.235470,16
1159,299.738010,15
1160,299.836710,12
1161,300.773050,15
1162,300.748470,11
1163,300.187650,18
1164,299.370360,14
1165,299.904160,14
1166,300.561470,11
1167,300.674090,16
1168,300.019020,12
1169,300.465590,13
1170,299.968580,12
1171,299.551880,13
1172,300.406180,11
1173,299.948750,10
1174,300.062740,13
1175,300.124880,13
1176,300.400170,11
1177,299.733490,14
1178,300.642610,12
1179,300.529910,12
1180,300.111650,11
1181,300.234150,12
1182,300.416120,11
1183,301.164950,9
1184,301.190660,14
1185,300.537750,11
1186,301.551360,14
1187,300.858980,13
1188,300.663430,11
1189,300.826260,14
1190,300.649770,14
1191,301.511050,16
1192,301.176590,12
1193,301.632550,18
1194,300.471980,15
1195,300.168390,19
1196,300.895720,11
1197,300.839310,16
1198,300.653560,16
1199,301.136350,14
1200,301.728740,17
1201,300.279890,16
1202,300.253610,15
1203,300.670140,14
1204,300.835250,17
1205,301.162970,15
1206,301.124790,16
1207,301.077830,16
1208,302.038910,15
1209,301.640130,16
1210,301.049720,14
1211,302.221230,15
1212,301.185220,16
1213,301.938270,14
1214,301.028230,15
1215,300.822780,12
1216,301.228590,18
1217,300.956800,15
1218,301.306370,17
1219,301.723040,16
1220,301.464250,15
1221,300.729230,16
1222,301.370700,14
1223,301.416290,17
1224,301.158660,13
1225,301.777740,12
1226,301.571770,15
1227,301.318620,13
1228,301.412930,16
1229,300.959940,15
1230,301.489510,14
1231,302.365510,13
1232,301.511320,12
1233,301.580360,15
1234,302.352880,13
1235,301.243810,13
1236,301.604690,12
1237,302.254570,14
1238,301.508890,15
1239,302.047190,13
1240,301.732160,15
1241,301.848790,12
1242,302.613220,16
1243,301.258590,16
1244,301.409520,13
1245,300.873770,15
1246,301.704160,11
1247,301.873980,16
1248,301.756580,14
1249,301.571980,13
1250,302.847480,14
1251,302.792230,15
1252,303.589800,14
1253,303.379710,11
1254,302.693390,14
1255,302.553760,16
1256,302.422400,12
1257,302.944340,13
1258,302.917060,12
1259,302.497880,9
1260,303.670210,15
1261,304.345130,14
1262,303.638530,16
1263,303.853410,12
1264,303.754060,14
1265,304.050530,12
1266,304.540850,13
1267,304.100020,14
1268,303.209370,13
1269,303.968560,14
1270,304.356380,13
1271,304.980980,8
1272,304.501240,7
1273,304.121160,8
1274,304.270990,8
1275,304.079360,13
1276,304.067640,9
1277,304.095400,11
1278,304.549550,14
1279,303.725420,10
1280,304.200090,13
1281,303.744930,16
1282,304.454050,11
1283,303.757260,17
1284,303.928890,13
1285,304.085080,11
1286,304.445820,12
1287,303.896680,16
1288,304.510940,11
1289,304.612780,14
1290,305.165090,18
1291,304.633660,12
1292,303.366480,15
1293,304.687880,15
1294,304.039600,14
1295,303.822150,13
1296,304.995420,15
1297,304.805770,17
1298,303.686180,17
1299,305.112350,13
1300,304.424590,15
1301,304.076250,11
1302,304.133710,14
1303,304.319100,13
1304,303.853500,14
1305,304.060460,11
1306,304.566740,12
1307,304.415400,13
1308,304.767260,16
1309,303.908100,12
1310,304.967780,11
1311,304.438720,11
1312,304.843720,10
1313,305.571440,12
1314,304.196210,14
1315,304.971960,13
1316,304.402640,11
1317,305.090620,11
1318,304.585190,14
1319,305.071500,14
1320,304.691980,19
1321,305.891450,17
1322,305.043080,17
1323,306.084130,16
1324,304.891930,16
1325,305.689640,16
1326,305.578810,16
1327,304.690740,17
1328,306.169380,14
1329,304.667920,16
1330,304.856630,12
1331,305.754790,13
1332,305.630310,14
1333,305.538300,9
1334,305.503450,11
1335,305.307210,11
1336,304.862540,12
1337,306.212780,11
1338,305.333480,9
1339,305.941130,14
1340,305.498870,16
1341,305.429560,15
1342,305.903690,16
1343,305.463270,19
1344,305.587250,14
1345,306.052700,13
1346,305.864840,17
1347,304.728740,14
1348,305.677950,16
1349,306.174770,17
1350,304.912430,15
1351,305.520810,14
1352,305.512570,10
1353,306.107070,14
1354,305.889550,13
1355,305.196200,13
1356,305.503020,10
1357,305.697010,12
1358,305.207030,12
1359,305.340770,13
1360,304.933760,10
1361,305.816220,9
1362,305.710180,11
1363,305.511160,10
1364,304.780150,12
1365,305.147460,13
1366,305.656780,13
1367,306.185720,7
1368,305.768900,15
1369,305.233180,11
1370,305.618760,16
1371,305.532780,15
1372,304.378830,19
1373,305.607650,12
1374,305.188370,15
1375,304.532020,17
1376,305.652910,16
1377,305.621430,14
1378,304.755570,12
1379,304.290310,15
1380,304.852790,13
1381,304.669370,14
1382,304.797840,10
1383,304.962430,10
1384,305.367460,9
1385,305.024800,12
1386,304.720670,12
1387,306.193160,11
1388,305.668630,14
1389,305.257370,9
1390,304.821510,13
1391,305.349650,8
1392,305.197950,8
1393,304.695200,9
1394,304.646380,13
1395,304.463610,14
1396,304.737880,13
1397,304.751270,9
1398,304.724700,10
1399,305.269290,12
1400,305.489800,12
1401,304.433680,11
1402,305.037670,12
1403,305.084140,9
1404,305.827110,14
1405,304.744490,14
1406,305.395090,13
1407,304.987500,11
1408,304.996220,13
1409,304.816190,14
1410,304.409320,12
1411,305.346280,8
1412,304.253970,12
1413,304.552110,12
1414,304.806380,9
1415,304.808650,14
1416,305.100870,15
1417,305.624720,17
1418,305.253500,15
1419,305.072790,8
1420,305.337570,10
1421,305.148000,8
1422,304.715170,9
1423,304.642450,10
1424,304.635970,8
1425,304.470750,9
1426,304.393820,8
1427,304.352170,11
1428,304.638280,10
1429,304.377580,10
1430,304.939500,15
1431,303.850800,13
1432,304.574450,9
1433,305.092950,15
1434,304.598920,10
1435,304.222070,14
1436,304.594830,13
1437,304.768200,9
1438,305.143040,14
1439,304.574690,13
1440,304.441810,9
1441,304.479540,8
1442,304.087360,14
1443,305.543800,12
1444,304.021020,11
1445,304.533910,8
1446,304.481540,13
1447,304.324250,16
1448,304.853520,14
1449,305.063190,14
1450,304.875150,13
1451,304.012140,15
1452,304.678650,11
1453,304.570070,12
1454,304.528090,14
1455,304.793070,14
1456,304.629530,11
1457,304.690320,11
1458,304.595970,15
1459,304.573570,13
1460,304.106850,13
1461,303.701890,14
1462,303.839660,14
1463,304.274380,14
1464,303.382350,14
1465,303.874840,18
1466,304.062210,13
1467,303.920150,13
1468,304.291470,17
1469,304.648210,14
1470,304.084160,12
1471,304.659180,13
1472,303.790940,10
1473,304.501830,14
1474,303.947260,13
1475,303.764700,10
1476,304.269300,13
1477,303.852480,14
1478,303.739350,10
1479,303.993210,16
1480,304.731300,11
1481,303.920170,7
1482,304.165410,10
1483,303.890070,9
1484,304.324150,9
1485,304.228560,9
1486,303.206550,9
1487,303.931330,8
1488,303.288990,9
1489,303.644570,6
1490,303.608460,11
1491,304.009630,12
1492,304.210780,9
1493,303.438440,13
1494,303.559630,12
1495,303.849760,8
1496,304.450870,11
1497,304.070940,11
1498,303.931710,13
1499,304.413220,12
1500,304.369870,12
1501,304.136490,11
1502,303.479080,16
1503,303.301950,15
1504,303.554090,13
1505,303.648180,14
1506,304.132870,14
1507,303.709430,15
1508,304.327430,15
1509,304.084240,14
1510,304.232020,16
1511,304.816120,14
1512,304.264850,14
1513,304.398150,16
1514,304.252690,12
1515,304.396150,12
1516,304.730280,15
1517,305.281020,14
1518,305.070700,16
1519,304.931520,15
1520,305.148220,11
1521,305.002820,13
1522,305.324630,12
1523,304.569110,10
1524,304.803670,13
1525,304.983710,12
1526,305.183250,10
1527,304.760070,11
1528,305.386970,11
1529,304.533200,10
1530,304.809360,11
1531,304.612140,12
1532,305.698450,13
1533,305.171750,11
1534,305.808300,13
1535,305.054300,13
1536,305.538170,13
1537,304.785410,12
1538,305.124610,14
1539,304.765110,13
1540,305.002820,14
1541,304.465380,11
1542,305.586600,10
1543,305.518680,12
1544,305.589830,13
1545,304.925010,12
1546,304.948170,17
1547,305.638050,12
1548,305.572630,11
1549,305.573220,9
1550,305.440630,14
1551,305.087660,16
1552,305.041760,14
1553,305.056360,15
1554,305.255710,14
1555,305.925500,12
1556,304.859750,13
1557,306.113800,17
1558,306.146820,15
1559,305.947670,13
1560,306.212700,12
1561,306.117970,8
1562,305.391970,11
1563,305.769560,11
1564,305.933290,12
1565,306.088640,9
1566,305.774420,9
1567,306.136770,12
1568,305.940630,8
1569,306.256240,14
1570,304.523310,14
1571,305.191230,9
1572,305.007280,11
1573,306.008560,16
1574,305.389310,15
1575,305.850480,13
1576,305.983240,15
1577,305.890360,13
1578,304.961620,15
1579,305.621510,13
1580,305.421200,16
1581,305.434230,13
1582,305.227940,12
1583,304.617330,12
1584,304.932390,14
1585,305.238980,12
1586,305.334490,13
1587,304.811320,11
1588,305.808120,15
1589,305.655890,12
1590,305.785080,13
1591,306.160470,13
1592,305.037880,12
1593,305.527420,12
1594,306.902980,15
1595,305.318040,12
1596,306.317020,11
1597,305.640610,9
1598,304.934760,14
1599,305.693480,11
1600,305.959430,8
1601,305.822530,10
1602,305.485920,11
1603,305.509000,9
1604,305.163090,11
1605,305.755320,14
1606,305.799680,9
1607,305.704640,8
1608,304.933800,10
1609,305.352620,10
1610,305.144740,20
1611,305.096050,13
1612,305.479830,16
1613,305.997330,18
1614,306.101260,19
1615,304.831270,17
1616,306.027290,15
1617,305.867010,18
1618,305.490870,13
1619,306.159330,18
1620,305.384020,15
1621,305.794510,11
1622,305.280130,14
1623,305.243730,14
1624,305.462750,9
1625,305.415240,12
1626,305.921850,11
1627,305.750750,11
1628,305.745210,13
1629,305.889430,14
1630,306.302700,14
1631,306.157270,13
1632,306.632190,13
1633,306.069250,13
1634,305.032220,14
1635,305.785650,13
1636,305.795720,13
1637,305.607840,13
1638,305.737310,14
1639,305.597380,12
1640,306.894570,16
1641,306.647580,14
1642,305.507020,14
1643,305.675210,14
1644,306.759130,12
1645,306.352800,16
1646,305.471080,11
1647,305.598140,15
1648,307.180970,15
1649,305.986270,13
1650,306.311850,11
1651,306.673500,9
1652,306.802100,10
1653,306.893410,15
1654,306.290490,8
1655,306.326090,13
1656,306.608480,13
1657,305.989460,12
1658,306.884400,12
1659,306.189080,11
1660,305.227280,16
1661,306.146980,8
1662,306.526580,15
1663,305.861980,11
1664,305.922190,12
1665,306.023200,13
1666,306.022140,13
1667,306.225100,11
1668,305.291600,13
1669,306.055200,16
1670,306.443360,13
1671,306.697720,13
1672,306.580910,13
1673,306.560750,13
1674,306.152880,8
1675,306.579780,11
1676,305.954340,12
1677,306.086920,10
1678,306.052610,14
1679,306.747080,11
1680,307.253020,12
1681,306.793140,10
1682,306.125500,12
1683,306.489610,13
1684,306.767380,12
1685,306.854300,8
1686,306.794410,12
1687,307.042730,10
1688,306.704350,8
1689,306.308200,14
1690,306.680380,17
1691,306.494040,16
1692,307.649990,13
1693,306.829280,13
1694,306.635130,17
1695,306.085930,16
1696,306.597270,13
1697,306.770280,14
1698,306.604670,14
1699,307.069810,13
1700,306.495860,11
1701,306.286670,13
1702,306.564590,12
1703,307.160690,11
1704,306.926450,12
1705,306.567740,12
1706,307.095710,11
1707,307.392010,14
1708,307.226910,11
1709,307.610390,12
1710,306.729980,14
1711,306.850660,15
1712,306.300800,13
1713,306.827600,17
1714,305.665970,16
1715,307.184480,16
1716,306.736780,14
1717,306.231850,14
1718,306.268950,13
1719,306.658110,16
1720,307.125200,11
1721,306.321820,12
1722,306.658200,10
1723,306.958260,14
1724,306.419030,10
1725,306.373890,11
1726,307.396020,11
1727,306.242550,11
1728,307.300960,12
1729,306.159740,16
1730,307.039860,8
1731,306.631470,11
1732,306.505870,13
1733,307.495040,10
1734,307.326590,11
1735,307.385480,10
1736,306.574770,12
1737,306.784430,11
1738,306.076820,12
1739,306.776280,9
1740,306.757030,13
1741,307.037440,10
1742,306.917620,9
1743,307.152490,11
1744,306.987040,12
1745,306.199540,14
1746,306.280870,13
1747,306.840880,9
1748,306.894040,9
1749,306.458900,12
1750,307.382720,18
1751,306.465970,16
1752,308.095560,15
1753,307.212590,13
1754,305.799700,18
1755,306.183570,17
1756,306.266830,15
1757,305.825020,19
1758,306.465450,17
1759,306.379290,15
1760,306.729520,8
1761,306.259550,14
1762,306.068170,12
1763,306.816630,14
1764,305.195750,9
1765,306.304520,12
1766,306.610750,14
1767,306.631180,11
1768,306.260810,11
1769,306.918570,9
1770,306.321190,14
1771,306.042460,12
1772,306.444440,12
1773,305.928570,12
1774,307.173820,13
1775,306.289330,12
1776,306.872010,11
1777,306.246280,11
1778,306.329770,7
1779,306.667100,9
1780,306.148130,16
1781,306.605330,10
1782,307.073500,15
1783,307.541340,13
1784,306.882100,12
1785,306.827950,12
1786,307.388350,10
1787,306.556420,13
1788,307.036530,12
1789,307.840570,12
1790,307.475460,12
1791,307.502480,7
1792,307.471160,12
1793,307.567190,9
1794,307.204650,13
1795,307.133850,10
1796,307.904730,10
1797,308.246920,11
1798,307.641070,9
1799,306.837110,10
1800,307.930230,12
1801,306.386260,10
1802,307.676020,8
1803,306.921360,12
1804,307.516570,12
1805,306.733420,10
1806,308.012580,12
1807,307.400960,11
1808,306.624400,15
1809,307.319860,12
1810,307.414050,9
1811,307.525960,11
1812,306.508000,12
1813,306.881810,15
1814,306.699830,11
1815,306.710070,10
1816,306.530830,16
1817,307.181820,14
1818,306.742850,12
1819,307.424810,12
1820,307.117300,13
1821,307.600500,11
1822,308.185100,13
1823,306.632410,11
1824,306.794610,9
1825,307.320190,10
1826,308.044530,12
1827,307.409890,10
1828,307.110150,13
1829,307.793230,15
1830,308.089740,10
1831,307.484000,13
1832,307.061320,9
1833,307.532100,15
1834,307.287130,15
1835,307.655850,10
1836,307.261110,11
1837,307.524510,11
1838,307.357760,11
1839,307.748760,12
1840,306.814500,12
1841,307.299700,9
1842,307.019430,11
1843,306.875560,12
1844,306.835260,12
1845,306.629400,14
1846,307.257230,15
1847,307.511950,14
1848,307.421960,13
1849,307.641500,13
1850,307.696930,10
1851,307.617540,11
1852,307.961290,8
1853,307.715050,12
1854,307.484410,12
1855,307.641130,11
1856,307.821880,10
1857,307.901720,12
1858,307.682960,8
1859,307.994800,9
1860,308.431150,15
1861,308.075010,13
1862,307.842970,13
1863,308.227550,11
1864,307.249760,15
1865,307.820270,13
1866,307.708630,12
1867,306.966330,12
1868,307.393040,13
1869,308.237600,17
1870,307.435350,11
1871,307.955510,13
1872,308.159250,12
1873,308.443400,12
1874,307.583160,10
1875,308.654460,14
1876,307.860340,14
1877,308.036560,9
1878,307.049050,14
1879,308.889360,13
1880,308.128240,11
1881,308.283350,14
1882,308.214810,14
1883,308.052620,12
1884,307.870980,13
1885,308.108060,13
1886,308.427100,11
1887,308.702830,14
1888,307.786620,15
1889,308.011790,12
1890,308.306790,11
1891,308.101150,15
1892,308.761180,13
1893,308.485900,11
1894,308.336860,14
1895,307.914120,15
1896,309.075220,15
1897,308.053390,13
1898,309.045720,14
1899,308.010550,14
1900,308.086760,9
1901,307.798630,11
1902,308.336870,7
1903,308.292170,12
1904,308.380300,8
1905,308.473910,12
1906,307.957490,8
1907,308.281770,10
1908,308.164690,9
1909,308.188760,8
1910,308.760040,14
1911,308.393140,15
1912,308.033350,12
1913,309.005340,16
1914,309.162720,13
1915,308.431220,16
1916,308.780430,13
1917,307.905460,15
1918,308.980980,12
1919,308.337900,11
1920,308.489100,8
1921,309.062540,7
1922,308.818300,9
1923,308.808200,10
1924,308.789110,9
1925,309.310600,9
1926,308.903130,10
1927,308.521150,11
1928,308.322990,12
1929,309.100020,11
1930,309.967240,11
1931,309.706600,12
1932,309.385070,13
1933,309.071640,15
1934,308.810200,14
1935,308.824250,15
1936,309.554010,11
1937,309.059400,13
1938,309.372840,12
1939,309.734420,11
1940,309.852040,12
1941,309.628690,13
1942,309.630210,12
1943,309.798810,12
1944,309.934350,11
1945,309.548490,15
1946,310.423860,14
1947,309.776650,12
1948,310.146070,13
1949,310.067980,14
1950,309.660940,11
1951,309.418870,13
1952,309.261870,14
1953,310.031870,13
1954,309.940440,12
1955,309.578860,13
1956,308.911410,12
1957,309.061470,12
1958,309.541030,14
1959,309.324810,11
1960,309.308340,10
1961,309.289520,12
1962,309.772220,12
1963,308.615200,9
1964,308.561510,12
1965,309.449670,13
1966,309.590830,10
1967,309.767290,12
1968,310.493880,13
1969,309.376640,9
1970,309.626170,8
1971,309.455500,10
1972,309.595870,12
1973,309.505980,12
1974,309.522490,10
1975,308.925080,10
1976,308.965730,12
1977,309.096170,13
1978,309.612820,11
1979,309.031120,11
1980,309.364010,13
1981,309.591480,14
1982,309.124720,16
1983,309.259380,10
1984,309.677300,13
1985,309.476750,17
1986,309.863980,14
1987,308.815120,11
1988,308.257350,17
1989,309.654490,9
1990,309.714580,11
1991,309.059180,12
1992,309.625520,14
1993,308.658560,13
1994,309.330980,13
1995,309.537600,15
1996,309.234260,11
1997,308.335130,11
1998,309.282610,12
1999,309.667250,13
2000,308.609400,12
2001,308.567350,14
2002,309.317080,14
2003,308.695900,11
2004,308.496020,13
2005,308.588210,13
2006,308.752360,16
2007,309.057800,13
2008,308.376860,13
2009,309.244300,15
2010,310.000880,10
2011,309.263620,11
2012,309.237210,15
2013,309.695740,12
2014,308.879740,9
2015,308.976000,10
2016,309.125390,10
2017,309.225360,9
2018,308.867080,8
2019,309.072400,13
2020,308.834110,13
2021,308.902340,10
2022,308.480310,13
2023,309.904560,16
2024,309.706890,14
2025,308.962790,12
2026,309.466380,14
2027,309.561190,9
2028,309.098410,12
2029,309.054580,11
2030,309.158210,11
2031,309.322140,10
2032,308.920150,11
2033,310.413250,9
2034,308.818290,10
2035,309.613220,10
2036,309.115390,8
2037,309.182200,9
2038,309.278270,8
2039,309.922470,8
2040,309.599020,15
2041,309.024580,16
2042,309.725910,14
2043,309.096960,14
2044,309.745950,13
2045,309.140910,12
2046,309.603400,17
2047,310.330180,18
2048,309.068120,15
2049,309.328650,16
2050,310.653540,14
2051,309.938120,15
2052,309.428080,18
2053,310.204750,14
2054,309.540060,15
2055,310.541060,16
2056,309.054200,14
2057,309.751560,16
2058,310.570170,14
2059,309.353860,13
2060,309.492880,14
2061,309.028990,17
2062,309.349900,12
2063,309.579820,16
2064,309.522320,17
2065,308.628650,17
2066,309.058530,17
2067,309.727580,14
2068,309.068960,18
2069,308.789610,15
2070,308.105560,13
2071,308.738090,14
2072,308.594830,14
2073,309.807300,15
2074,308.711280,13
2075,309.645860,15
2076,309.258950,15
2077,309.006800,13
2078,308.377380,9
2079,308.808910,16
2080,308.062100,15
2081,309.525830,15
2082,309.231190,16
2083,309.126620,13
2084,308.602010,16
2085,308.855130,15
2086,309.082670,10
2087,309.172310,14
2088,308.825730,14
2089,309.424730,10
2090,308.697740,17
2091,309.441420,12
2092,309.479810,15
2093,309.128130,14
2094,308.765660,15
2095,309.398090,15
2096,309.838870,17
2097,309.330750,15
2098,308.521540,15
2099,308.868820,13
2100,309.649620,14
2101,309.389700,15
2102,308.543990,15
2103,309.674770,13
2104,309.075790,15
2105,309.013370,12
2106,309.150940,13
2107,308.654370,14
2108,308.842800,13
2109,309.025430,15
2110,309.293430,14
2111,309.040580,16
2112,309.694420,13
2113,309.005980,12
2114,308.612650,11
2115,309.341010,12
2116,309.043250,13
2117,309.638330,14
2118,309.674400,13
2119,308.814200,12
2120,309.126050,9
2121,309.792860,14
2122,310.131630,11
2123,308.852100,12
2124,309.634640,11
2125,308.911700,12
2126,309.791460,10
2127,308.807240,11
2128,309.305650,11
2129,308.885840,16
2130,309.919750,16
2131,309.407620,18
2132,311.448310,18
2133,310.613890,14
2134,310.061870,16
2135,309.526050,15
2136,310.080400,13
2137,309.931550,19
2138,310.712800,15
2139,309.471120,14
2140,309.217720,11
2141,308.759510,13
2142,309.556960,12
2143,308.448430,14
2144,309.907810,12
2145,309.160910,12
2146,309.325910,15
2147,308.949980,9
2148,308.883480,12
2149,309.053790,14
2150,308.894980,10
2151,309.472290,15
2152,309.781770,16
2153,309.746170,14
2154,309.652000,15
2155,308.799800,13
2156,309.356730,14
2157,309.179190,12
2158,309.035600,14
2159,309.555320,15
2160,309.770520,12
2161,308.930390,15
2162,309.102200,15
2163,309.417620,15
2164,308.889410,15
2165,308.880700,17
2166,308.519160,16
2167,308.268270,15
2168,309.571900,16
2169,309.419220,9
2170,309.843380,15
2171,309.373850,14
2172,308.956340,11
2173,308.767750,15
2174,310.333310,15
2175,309.325650,10
2176,309.318060,15
2177,310.100610,13
2178,309.298360,11
2179,309.445400,11
2180,310.246350,13
2181,309.616020,12
2182,309.679970,15
2183,309.468220,12
2184,310.108800,11
2185,309.331730,11
2186,309.996190,11
2187,308.988180,15
2188,309.727280,12
2189,310.051170,12
2190,309.511630,15
2191,310.009740,11
2192,309.267090,15
2193,309.328860,17
2194,309.368980,14
2195,309.312640,13
2196,309.845060,17
2197,310.125160,13
2198,309.699650,10
2199,310.159780,17
2200,309.180340,15
2201,309.583650,15
2202,309.653030,17
2203,309.251940,13
2204,311.557950,15
2205,310.515010,13
2206,309.887230,15
2207,309.826610,10
2208,310.693410,16
2209,309.917900,12
2210,311.355480,14
2211,310.796850,13
2212,310.612440,11
2213,309.848230,11
2214,310.166780,13
2215,309.900420,15
2216,311.004350,12
2217,310.537640,12
2218,310.404140,13
2219,311.213180,11
2220,310.584590,10
2221,310.746320,14
2222,311.238080,15
2223,310.367890,13
2224,310.594610,14
2225,310.913470,15
2226,310.144730,18
2227,310.525290,14
2228,311.173380,13
2229,310.746870,13
2230,310.783520,17
2231,310.967660,11
2232,310.387870,15
2233,309.987450,12
2234,310.876390,12
2235,310.321450,16
2236,310.280840,15
2237,310.134480,15
2238,311.080810,13
2239,310.071610,17
2240,310.516380,11
2241,310.627200,10
2242,311.414000,13
2243,310.926010,15
2244,310.793120,9
2245,311.418600,15
2246,311.216920,14
2247,311.194790,11
2248,310.470800,12
2249,310.298010,14
2250,310.179300,15
2251,310.681370,12
2252,310.386930,13
2253,310.389790,9
2254,310.380950,14
2255,310.754920,11
2256,310.293960,11
2257,310.695450,13
2258,311.048020,14
2259,310.560130,15
2260,311.114580,20
2261,310.649390,17
2262,309.978500,15
2263,310.029830,19
2264,309.572950,16
2265,310.035390,15
2266,310.949190,18
2267,310.012770,20
2268,310.717160,17
2269,309.739060,19
2270,309.939770,15
2271,309.471020,16
2272,309.281720,16
2273,309.268590,13
2274,309.703230,16
2275,309.537090,14
2276,309.948780,14
2277,309.628050,13
2278,310.702190,15
2279,309.994730,10
2280,310.496090,16
2281,310.794480,14
2282,311.197780,16
2283,309.857790,14
2284,310.432200,15
2285,310.277490,13
2286,311.307610,13
2287,310.682970,14
2288,310.312170,16
2289,310.853680,11
2290,310.670550,7
2291,310.614270,9
2292,310.336910,9
2293,311.296530,9
2294,310.833380,10
2295,310.672610,8
2296,311.457940,10
2297,310.827950,10
2298,311.097440,8
2299,310.871590,9
2300,311.619120,12
2301,311.654080,14
2302,311.297080,15
2303,312.227710,14
2304,312.083700,12
2305,311.258830,12
2306,311.829760,12
2307,311.365140,10
2308,311.365150,11
2309,312.092520,12
2310,311.264580,10
2311,311.595770,14
2312,311.003010,15
2313,310.800200,8
2314,311.002740,8
2315,312.187630,13
2316,310.935870,12
2317,311.522380,9
2318,310.501870,13
2319,311.056960,13
2320,311.076170,10
2321,311.588660,12
2322,311.102490,9
2323,311.194210,15
2324,310.904840,10
2325,311.784680,14
2326,310.216870,11
2327,311.394350,12
2328,311.072300,11
2329,311.706410,14
2330,311.537780,12
2331,311.825270,15
2332,311.256210,15
2333,311.206770,16
2334,312.048380,12
2335,311.595750,15
2336,311.497610,10
2337,311.476770,14
2338,310.942600,12
2339,311.584960,10
2340,311.646840,12
2341,311.013050,12
2342,310.896730,9
2343,311.962880,11
2344,311.557020,14
2345,311.454270,12
2346,311.353390,12
2347,311.176940,10
2348,311.352500,15
2349,311.352780,11
2350,311.668780,13
2351,311.866460,16
2352,312.101860,13
2353,312.528710,14
2354,311.861880,14
2355,312.470200,15
2356,310.920860,13
2357,311.570150,10
2358,311.703450,13
2359,311.257830,15
2360,311.443040,12
2361,310.916200,10
2362,311.388510,11
2363,312.010820,11
2364,311.508230,9
2365,311.944520,11
2366,311.874070,10
2367,310.734590,8
2368,311.547320,7
2369,311.309770,12
2370,311.344690,10
2371,310.697390,10
2372,311.142410,10
2373,311.489610,8
2374,311.503590,13
2375,311.004030,13
2376,311.174940,11
2377,311.284790,13
2378,311.975080,11
2379,311.362560,10
2380,310.005120,11
2381,309.666560,12
2382,310.215410,13
2383,310.873710,15
2384,310.894800,9
2385,310.764970,15
2386,310.463490,12
2387,310.016990,16
2388,310.486680,13
2389,310.397920,17
2390,310.265420,16
2391,311.253060,14
2392,311.139030,13
2393,310.585660,13
2394,310.905800,16
2395,311.168410,14
2396,310.537090,18
2397,309.885920,16
2398,310.567380,14
2399,311.116060,16
2400,310.200080,9
2401,309.700160,13
2402,310.633950,7
2403,310.194650,10
2404,309.964810,13
2405,310.378030,14
2406,310.580870,8
2407,309.961990,11
2408,310.313770,10
2409,310.548800,10
2410,310.557250,11
2411,310.344160,12
2412,311.205090,12
2413,310.959090,13
2414,310.290970,18
2415,310.527220,14
2416,311.085270,11
2417,311.131940,15
2418,310.552640,11
2419,310.800700,15
2420,310.655230,12
2421,311.180880,14
2422,311.436880,12
2423,310.722260,12
2424,310.601680,13
2425,311.501320,16
2426,311.381670,10
2427,311.596920,14
2428,311.158140,11
2429,310.570160,15
2430,310.521770,11
2431,310.634050,10
2432,310.553820,12
2433,310.541750,10
2434,311.218940,9
2435,311.298550,7
2436,310.577140,9
2437,310.754350,9
2438,311.113910,11
2439,311.230990,13
2440,311.040110,16
2441,310.919160,15
2442,310.615380,12
2443,311.074550,10
2444,310.934220,14
2445,310.880530,13
2446,310.192080,12
2447,310.540710,9
2448,310.343440,13
2449,311.078450,11
2450,311.407630,14
2451,311.480710,10
2452,311.411440,17
2453,311.397560,12
2454,311.087980,13
2455,311.270360,11
2456,311.612490,10
2457,310.996960,14
2458,311.148370,12
2459,311.448930,11
2460,310.755620,15
2461,310.959500,13
2462,312.371750,15
2463,312.491910,18
2464,311.136130,12
2465,312.132720,18
2466,311.173220,14
2467,311.788590,14
2468,312.040430,14
2469,311.726480,15
2470,310.996240,13
2471,311.415050,16
2472,312.147500,15
2473,311.564550,14
2474,311.273910,16
2475,310.833560,14
2476,311.114320,14
2477,311.299190,14
2478,311.619660,14
2479,310.467580,16
2480,310.753090,13
2481,310.982070,16
2482,310.775720,11
2483,310.362690,15
2484,310.409360,13
2485,310.186540,9
2486,310.207530,14
2487,310.893120,12
2488,311.090180,12
2489,310.645690,16
2490,310.602430,11
2491,310.402700,14
2492,311.054880,13
2493,309.939030,11
2494,310.368440,8
2495,310.696520,10
2496,311.232980,11
2497,310.644610,12
2498,310.751070,15
2499,310.911240,9
2500,310.010500,10
2501,310.316840,11
2502,310.120060,12
2503,309.750100,10
2504,310.566510,16
2505,310.816770,14
2506,310.855270,16
2507,310.921850,11
2508,309.883580,12
2509,309.947460,14
2510,310.466600,16
2511,310.400020,16
2512,309.990950,17
2513,310.681440,14
2514,311.096320,18
2515,310.393660,13
2516,310.363700,12
2517,311.020830,15
2518,309.760200,15
2519,310.305660,14
2520,310.381890,10
2521,309.831550,9
2522,310.413750,11
2523,310.790680,11
2524,310.518100,9
2525,310.110750,12
2526,309.703540,11
2527,310.252720,9
2528,310.326590,10
2529,310.802400,11
2530,310.457660,12
2531,310.632320,13
2532,310.749680,9
2533,310.326590,13
2534,310.461900,12
2535,309.989550,11
2536,310.057880,9
2537,311.013920,11
2538,310.210700,9
2539,310.336460,11
2540,310.037840,7
2541,309.520720,13
2542,310.843350,12
2543,310.223970,10
2544,309.681420,15
2545,310.415640,11
2546,310.379530,10
2547,309.909980,10
2548,310.161730,10
2549,310.147220,8
2550,309.928260,14
2551,309.244450,10
2552,309.783480,12
2553,309.930520,12
2554,309.826450,7
2555,310.401670,13
2556,309.252910,13
2557,309.860520,11
2558,309.912500,15
2559,309.694520,10
2560,309.379500,8
2561,309.141970,8
2562,309.255390,6
2563,309.803640,6
2564,309.770930,10
2565,309.911470,8
2566,309.776160,11
2567,309.803110,10
2568,310.072880,9
2569,309.461140,8
2570,309.897010,12
2571,309.867520,11
2572,310.073740,12
2573,309.792000,16
2574,309.977110,10
2575,309.418230,10
2576,309.273690,11
2577,309.863260,9
2578,310.170570,11
2579,310.542860,11
2580,309.544870,12
2581,310.056440,13
2582,310.386140,15
2583,309.071970,12
2584,309.531230,13
2585,309.529380,13
2586,309.693790,14
2587,309.413850,14
2588,311.190890,14
2589,309.273140,12
2590,310.656270,13
2591,310.339980,15
2592,309.909240,13
2593,309.998900,15
2594,309.405320,9
2595,310.475330,15
2596,309.069930,16
2597,309.352870,13
2598,309.167030,15
2599,309.292090,16
2600,311.777620,16
2601,310.862270,15
2602,310.598940,15
2603,311.539380,15
2604,310.090740,18
2605,310.395290,16
2606,310.505010,15
2607,311.174930,14
2608,311.315380,15
2609,310.847160,12
2610,310.602250,14
2611,310.285370,11
2612,310.733820,14
2613,310.813940,15
2614,310.625180,12
2615,310.927130,11
2616,311.462760,13
2617,310.546280,11
2618,310.413170,15
2619,310.004710,13
2620,311.008950,14
2621,311.252040,17
2622,310.645550,13
2623,310.627280,13
2624,310.777310,17
2625,310.642820,12
2626,310.007690,12
2627,311.126030,15
2628,311.108790,15
2629,310.664530,13
2630,311.169260,14
2631,310.676910,11
2632,310.670540,11
2633,310.659760,11
2634,309.925130,14
2635,310.413900,14
2636,310.256680,14
2637,310.031590,12
2638,310.999350,15
2639,310.810490,15
2640,310.338200,13
2641,310.985040,15
2642,311.393260,12
2643,311.164740,12
2644,310.709570,12
2645,311.877260,14
2646,311.621810,15
2647,310.812320,13
2648,310.229220,13
2649,310.469820,15
2650,311.091820,11
2651,310.792950,13
2652,310.073490,8
2653,310.996740,12
2654,310.743310,11
2655,310.390010,9
2656,310.287580,7
2657,309.812900,9
2658,310.714730,8
2659,310.322460,9
2660,309.583600,13
2661,310.282140,14
2662,310.451270,12
2663,310.641750,11
2664,309.751510,11
2665,310.548690,11
2666,310.660330,11
2667,309.581300,16
2668,310.173750,12
2669,309.861290,12
2670,310.797460,8
2671,311.140540,8
2672,311.193920,13
2673,310.832600,13
2674,310.703860,12
2675,311.182520,10
2676,311.024020,11
2677,310.210050,14
2678,311.606670,9
2679,310.937570,11
2680,311.382910,12
2681,311.414070,14
2682,311.225510,11
2683,310.790600,13
2684,310.826210,14
2685,310.597260,13
2686,311.278800,14
2687,310.684680,9
2688,311.611830,12
2689,311.220290,13
2690,311.180320,15
2691,312.720800,16
2692,311.733050,15
2693,311.078760,15
2694,310.872640,14
2695,311.247010,13
2696,312.021770,13
2697,311.976620,15
2698,311.593570,16
2699,312.031400,14
2700,310.820120,12
2701,311.092390,11
2702,310.897490,14
2703,311.387430,12
2704,311.076660,13
2705,311.055520,15
2706,311.426510,15
2707,311.322610,11
2708,310.760520,17
2709,311.001010,10
2710,310.649200,14
2711,311.335480,13
2712,310.893440,18
2713,311.450560,14
2714,310.973120,13
2715,310.368570,14
2716,311.448340,14
2717,311.023280,17
2718,311.481790,12
2719,311.266220,13
2720,311.798870,14
2721,311.602250,14
2722,312.353580,17
2723,312.144800,12
2724,311.507570,11
2725,311.760530,16
2726,311.914060,13
2727,311.611750,13
2728,312.020820,11
2729,310.978740,12
2730,311.514280,13
2731,311.989270,14
2732,310.951420,13
2733,311.907150,12
2734,312.027770,15
2735,311.784980,16
2736,311.472390,17
2737,311.151400,15
2738,312.234990,15
2739,312.113230,15
2740,311.992160,13
2741,311.612630,7
2742,311.597980,13
2743,311.728450,13
2744,312.489000,11
2745,311.830230,11
2746,311.660740,11
2747,311.935370,10
2748,312.040250,13
2749,312.123080,11
2750,310.859630,12
2751,311.153250,13
2752,312.021540,13
2753,311.873510,13
2754,311.877600,14
2755,312.216730,14
2756,310.931670,12
2757,311.410030,14
2758,311.939600,12
2759,310.825850,12
2760,311.462870,13
2761,311.415280,10
2762,311.491950,16
2763,311.912190,15
2764,310.808210,14
2765,310.908210,14
2766,311.361490,14
2767,311.997580,16
2768,311.548180,14
2769,310.816160,13
2770,311.535960,11
2771,312.081820,12
2772,311.169770,12
2773,311.397780,9
2774,311.886990,12
2775,311.887810,10
2776,311.820770,14
2777,312.262240,15
2778,311.120660,9
2779,311.572840,15
2780,310.954260,14
2781,311.559330,13
2782,312.037200,12
2783,311.964270,12
2784,312.568650,15
2785,311.524270,14
2786,311.705180,16
2787,311.146020,14
2788,311.300880,14
2789,311.125160,13
2790,312.149830,15
2791,310.373340,14
2792,312.250700,13
2793,311.591120,16
2794,311.205120,13
2795,311.189650,16
2796,310.745070,15
2797,310.347430,17
2798,311.459720,15
2799,311.491350,15
2800,311.051730,14
2801,311.553000,9
2802,311.123350,11
2803,310.967610,11
2804,310.996090,12
2805,311.070760,12
2806,311.384940,12
2807,311.767490,11
2808,311.388500,13
2809,311.661150,11
2810,311.463970,12
2811,312.160130,12
2812,311.763640,13
2813,311.886900,14
2814,312.187920,13
2815,312.737260,12
2816,311.988760,10
2817,312.081560,11
2818,311.712910,9
2819,312.099520,11
2820,311.249740,15
2821,312.197660,15
2822,311.604490,15
2823,311.613660,12
2824,311.613170,13
2825,312.441790,15
2826,310.920810,16
2827,312.292400,11
2828,311.979310,15
2829,311.156800,14
2830,311.569940,11
2831,310.841130,11
2832,311.285530,13
2833,311.524710,13
2834,311.703960,14
2835,310.892180,12
2836,310.783000,14
2837,311.650320,12
2838,311.395880,13
2839,310.667630,11
2840,311.503490,11
2841,310.773340,14
2842,311.513580,13
2843,311.336340,14
2844,310.687560,11
2845,310.437610,13
2846,311.768820,14
2847,311.457800,14
2848,312.090500,16
2849,310.428470,14
2850,311.088430,14
2851,311.191110,12
2852,311.035000,14
2853,312.084820,14
2854,311.715140,14
2855,311.140150,14
2856,310.462240,14
2857,311.214270,16
2858,311.306100,14
2859,311.145290,16
2860,310.835800,11
2861,311.197440,8
2862,310.809410,12
2863,310.971820,10
2864,311.564440,12
2865,309.947720,11
2866,311.066810,10
2867,311.231860,9
2868,311.211130,9
2869,310.814980,8
2870,310.312950,17
2871,310.332860,13
2872,310.108750,13
2873,310.786080,15
2874,310.294710,11
2875,310.449110,17
2876,310.771860,14
2877,309.889330,17
2878,310.068560,11
2879,310.094470,14
2880,310.329380,15
2881,310.327180,14
2882,310.459350,15
2883,310.337290,12
2884,311.018620,10
2885,310.580580,14
2886,311.075910,15
2887,310.834150,14
2888,311.149110,17
2889,310.287460,14
2890,310.007310,13
2891,310.769790,14
2892,310.455650,13
2893,311.010060,13
2894,310.872980,12
2895,310.665400,13
2896,311.487790,16
2897,310.885470,14
2898,310.428040,12
2899,310.307980,11
2900,309.565200,18
2901,310.179250,12
2902,310.825750,15
2903,309.895540,15
2904,310.322030,12
2905,309.612610,16
2906,310.468140,14
2907,310.389540,11
2908,309.838120,10
2909,310.225540,13
2910,310.650320,15
2911,310.189990,12
2912,310.579950,14
2913,310.515620,13
2914,309.876900,12
2915,310.600680,14
2916,310.479200,14
2917,310.178550,10
2918,309.881630,14
2919,310.215680,10
2920,310.222610,11
2921,310.647150,15
2922,310.302850,13
2923,310.387660,19
2924,310.577190,14
2925,310.018410,15
2926,310.538000,16
2927,310.259140,15
2928,309.745960,16
2929,310.509790,13
2930,309.317040,8
2931,309.885170,11
2932,310.159850,14
2933,310.145130,10
2934,309.880190,12
2935,309.535810,11
2936,309.605230,12
2937,310.287890,10
2938,309.887430,10
2939,310.472000,11
2940,309.547380,11
2941,309.365090,15
2942,309.004790,11
2943,309.774840,12
2944,309.675930,11
2945,309.217800,13
2946,309.699190,7
2947,309.558460,14
2948,308.865200,13
2949,309.029990,12
2950,309.477120,9
2951,308.956590,9
2952,308.838280,11
2953,309.198950,10
2954,308.764900,8
2955,309.240030,7
2956,309.187460,12
2957,309.538470,9
2958,310.149610,11
2959,309.927180,10
2960,309.167920,16
2961,309.453020,11
2962,309.375070,12
2963,309.252700,14
2964,309.351140,14
2965,309.634650,11
2966,309.977800,12
2967,310.737620,15
2968,310.152850,12
2969,310.156880,13
2970,310.334150,13
2971,310.431630,14
2972,309.866260,13
2973,310.404940,17
2974,310.045300,13
2975,310.590140,15
2976,309.457020,16
2977,310.211340,13
2978,310.839240,15
2979,310.317900,14
2980,310.105190,13
2981,309.616230,12
2982,309.586560,15
2983,310.320430,13
2984,310.224540,10
2985,310.707640,16
2986,309.849380,10
2987,310.832580,13
2988,310.378580,15
2989,310.971930,17
2990,310.569810,13
2991,309.291250,10
2992,309.324990,13
2993,309.482330,12
2994,309.749290,10
2995,309.549760,10
2996,309.737650,15
2997,309.794040,12
2998,310.003740,13
2999,309.294210,13
3000,309.125850,16
3001,309.403430,16
3002,310.425750,13
3003,310.621390,17
3004,310.148110,15
3005,308.764900,17
3006,309.689120,15
3007,309.774940,14
3008,308.687150,18
3009,309.687010,13
3010,308.227720,14
3011,309.049910,8
3012,308.267520,11
3013,307.916950,11
3014,308.839560,10
3015,308.619320,9
3016,308.581080,9
3017,309.047360,10
3018,308.929850,9
3019,308.524040,9
3020,308.412020,15
3021,308.816510,17
3022,308.242780,15
3023,308.974130,14
3024,308.866450,17
3025,308.383510,12
3026,308.026460,15
3027,308.557130,18
3028,309.126170,15
3029,309.569700,18
3030,308.937440,9
3031,308.309490,12
3032,309.086060,13
3033,307.866380,12
3034,309.092090,8
3035,308.829170,8
3036,309.044740,10
3037,308.434450,13
3038,308.583900,14
3039,308.291550,10
3040,308.329410,15
3041,308.336350,12
3042,308.567330,14
3043,308.489900,16
3044,309.090010,19
3045,307.961110,14
3046,308.874220,15
3047,308.762270,12
3048,308.676690,18
3049,308.285600,12
3050,308.536800,18
3051,309.308040,12
3052,309.075740,12
3053,309.254180,17
3054,309.165190,17
3055,309.268400,19
3056,309.157840,14
3057,308.418540,15
3058,309.225330,14
3059,309.020610,17
3060,308.865970,8
3061,309.048170,10
3062,308.463850,14
3063,309.696950,15
3064,308.606260,11
3065,308.852240,12
3066,308.677570,15
3067,309.250130,13
3068,309.130470,14
3069,308.680430,9
3070,308.260690,12
3071,308.922640,12
3072,308.250790,13
3073,309.151820,11
3074,308.075200,13
3075,308.371940,15
3076,308.521240,15
3077,309.191460,11
3078,309.174320,14
3079,308.681470,15
3080,308.514290,13
3081,308.874240,12
3082,308.216100,17
3083,308.493070,15
3084,308.375180,12
3085,307.963310,16
3086,308.244930,9
3087,308.565280,13
3088,308.238340,12
3089,308.617960,14
3090,308.526060,9
3091,308.524760,9
3092,308.974740,11
3093,308.998990,13
3094,309.520180,14
3095,309.000060,12
3096,308.511590,11
3097,308.900390,13
3098,308.578950,9
3099,308.851770,14
3100,307.909900,13
3101,309.389170,14
3102,309.060570,13
3103,307.531290,18
3104,308.971900,17
3105,308.439910,14
3106,308.931390,16
3107,309.471090,17
3108,309.650610,13
3109,309.542140,14
3110,308.507580,15
3111,309.130470,16
3112,309.136980,16
3113,307.984910,15
3114,308.073250,17
3115,308.253600,16
3116,308.470530,18
3117,308.510040,13
3118,308.914360,17
3119,308.925700,11
3120,308.375860,16
3121,308.631610,14
3122,308.805180,13
3123,309.181320,14
3124,308.476560,12
3125,308.791960,18
3126,308.531260,14
3127,308.983910,15
3128,307.808730,13
3129,308.596730,14
3130,308.891690,8
3131,308.879100,9
3132,308.787230,9
3133,308.302840,13
3134,308.840840,9
3135,308.401300,8
3136,308.887590,10
3137,308.605680,13
3138,308.691140,8
3139,308.428580,14
3140,308.183230,15
3141,308.911920,14
3142,308.489770,16
3143,308.277860,16
3144,308.528090,17
3145,308.132660,14
3146,308.438010,20
3147,307.913160,16
3148,309.264400,17
3149,308.361600,14
3150,308.937140,15
3151,308.613100,14
3152,309.120930,14
3153,308.926700,14
3154,308.394140,17
3155,309.056820,13
3156,308.620030,9
3157,309.266880,16
3158,309.256350,12
3159,307.985620,14
3160,308.280010,14
3161,308.018630,12
3162,307.473950,13
3163,307.989500,13
3164,307.562150,12
3165,307.548490,13
3166,308.507500,16
3167,307.347770,9
3168,308.171420,11
3169,307.828940,9
3170,307.239290,13
3171,307.216310,11
3172,307.687210,12
3173,306.909500,10
3174,307.385250,12
3175,306.966660,12
3176,307.857610,11
3177,307.186070,11
3178,307.121540,14
3179,307.922370,11
3180,308.013230,11
3181,307.735880,11
3182,307.821150,11
3183,307.271940,11
3184,308.169570,12
3185,307.663850,13
3186,308.198330,15
3187,307.889800,13
3188,308.011650,10
3189,308.426850,11
3190,308.083720,13
3191,308.637300,15
3192,308.132540,13
3193,307.950580,12
3194,308.107430,10
3195,308.615610,12
3196,307.505050,18
3197,309.001980,14
3198,307.750010,13
3199,307.782370,14
3200,308.285840,16
3201,308.264240,14
3202,308.046390,16
3203,307.734920,10
3204,308.697690,14
3205,307.913660,13
3206,308.174980,11
3207,308.086430,11
3208,308.390100,11
3209,307.664230,11
3210,307.556180,8
3211,308.218140,13
3212,307.734700,10
3213,307.657520,10
3214,307.573020,11
3215,308.317920,12
3216,307.818030,9
3217,308.569740,12
3218,307.864080,9
3219,308.567110,15
3220,308.259950,12
3221,308.118000,11
3222,308.063500,10
3223,307.755120,11
3224,308.117520,13
3225,307.992980,13
3226,307.893830,13
3227,308.321080,13
3228,307.593770,12
3229,307.833840,16
3230,307.273120,14
3231,307.167140,15
3232,306.998150,16
3233,308.267470,17
3234,308.278340,14
3235,307.788120,15
3236,307.963520,15
3237,307.565040,13
3238,308.167750,15
3239,308.522660,17
3240,308.428860,11
3241,307.712460,9
3242,308.169960,9
3243,308.497310,14
3244,307.593930,12
3245,308.575070,10
3246,308.442550,7
3247,308.113890,8
3248,308.232000,12
3249,307.752570,11
3250,308.798440,13
3251,308.028210,13
3252,307.620670,16
3253,308.407130,14
3254,309.176550,15
3255,308.541250,15
3256,308.067880,15
3257,307.601830,13
3258,307.775420,15
3259,308.243430,12
3260,308.260120,7
3261,308.167680,8
3262,307.385370,11
3263,307.404260,9
3264,308.119040,9
3265,307.701350,8
3266,307.789230,8
3267,308.256260,11
3268,307.927150,10
3269,307.677160,6
3270,307.773790,11
3271,307.413770,9
3272,307.863490,10
3273,307.268410,10
3274,307.646080,12
3275,307.550920,9
3276,307.031800,10
3277,307.896950,13
3278,307.396430,10
3279,307.184490,12
3280,307.416970,11
3281,306.878530,11
3282,307.722730,15
3283,307.205880,13
3284,307.972650,12
3285,307.468070,11
3286,307.295370,13
3287,307.209970,12
3288,306.884590,15
3289,306.638930,14
3290,306.142670,12
3291,307.378420,12
3292,306.784820,15
3293,306.774560,12
3294,306.492070,13
3295,307.445520,10
3296,306.131140,14
3297,306.839570,11
3298,307.204720,12
3299,306.805390,9
3300,307.372430,11
3301,307.353470,17
3302,306.996730,13
3303,307.140690,15
3304,306.819400,11
3305,306.846770,16
3306,308.120380,17
3307,307.896330,16
3308,307.077910,18
3309,307.130700,11
3310,307.397850,10
3311,306.601280,15
3312,307.393540,12
3313,307.387200,12
3314,307.264660,10
3315,307.383100,10
3316,306.984210,13
3317,307.745630,14
3318,307.130110,10
3319,307.475050,11
3320,306.777760,14
3321,306.851790,11
3322,306.451590,15
3323,306.703640,15
3324,305.955400,13
3325,306.293630,13
3326,307.267730,14
3327,306.679740,17
3328,306.663260,11
3329,306.952870,12
3330,306.839570,7
3331,306.313890,10
3332,306.395110,10
3333,306.447920,11
3334,307.286900,13
3335,306.069900,12
3336,306.212670,11
3337,306.250410,10
3338,306.463460,12
3339,306.827620,9
3340,306.617310,15
3341,307.475780,14
3342,307.013570,16
3343,307.296130,11
3344,306.939400,15
3345,306.619510,9
3346,306.863710,18
3347,306.595800,14
3348,306.183610,15
3349,306.561670,15
3350,306.747320,7
3351,306.551990,8
3352,307.031880,10
3353,306.995810,10
3354,307.012230,8
3355,306.774070,7
3356,306.658280,9
3357,307.015060,11
3358,306.305580,9
3359,306.522710,8
3360,306.944070,13
3361,306.659840,14
3362,307.196410,12
3363,307.345030,14
3364,307.302000,16
3365,306.585470,15
3366,306.249290,12
3367,307.251440,16
3368,306.473320,14
3369,306.566320,13
3370,307.384590,10
3371,307.160260,13
3372,306.919590,17
3373,307.057330,15
3374,307.279310,16
3375,306.186910,13
3376,306.479640,12
3377,306.120550,14
3378,306.947520,13
3379,305.963190,14
3380,306.549120,13
3381,306.828710,12
3382,307.106450,16
3383,306.676270,12
3384,306.604840,10
3385,305.970080,14
3386,306.712280,17
3387,306.921540,13
3388,306.577160,12
3389,306.709730,12
3390,305.934200,12
3391,306.111520,13
3392,306.773620,11
3393,307.361750,11
3394,305.884160,14
3395,306.363510,13
3396,306.591630,12
3397,307.440920,15
3398,306.297550,13
3399,307.057770,14
3400,306.431430,11
3401,306.710650,9
3402,306.521770,16
3403,305.662730,14
3404,306.664610,9
3405,306.884690,12
3406,307.048180,14
3407,307.137570,8
3408,306.521460,11
3409,306.211510,15
3410,307.340030,13
3411,306.146720,7
3412,306.205890,10
3413,306.364450,11
3414,305.666370,14
3415,307.243500,13
3416,306.199280,15
3417,306.505510,11
3418,305.945090,10
3419,306.221490,12
3420,306.537220,11
3421,305.717270,14
3422,305.986550,14
3423,306.200540,9
3424,305.885780,12
3425,305.487970,10
3426,306.336950,10
3427,306.079220,7
3428,305.923020,10
3429,305.931240,12
3430,305.956490,8
3431,305.816920,11
3432,305.650370,13
3433,305.761030,10
3434,305.574020,11
3435,305.445990,11
3436,306.215250,14
3437,306.104340,10
3438,306.077550,8
3439,305.640660,10
3440,305.604050,11
3441,306.598970,13
3442,306.126630,9
3443,306.554260,13
3444,305.731480,12
3445,306.160440,14
3446,306.431550,12
3447,305.256450,9
3448,305.456410,12
3449,306.193330,13
3450,306.647030,11
3451,305.314880,13
3452,306.349030,12
3453,306.211450,8
3454,306.011600,13
3455,306.457950,8
3456,306.005410,12
3457,306.476310,10
3458,306.094090,10
3459,305.463170,11
3460,306.219710,11
3461,306.120990,9
3462,305.977150,13
3463,305.599320,9
3464,306.082510,8
3465,306.395300,11
3466,306.020240,9
3467,306.071000,6
3468,306.237580,9
3469,306.160740,14
3470,305.754070,13
3471,305.702710,16
3472,306.463520,14
3473,305.756500,13
3474,306.098650,13
3475,306.330700,14
3476,306.777630,11
3477,305.856640,10
3478,305.267700,12
3479,306.015870,12
3480,305.605000,17
3481,306.489700,14
3482,306.075870,13
3483,305.970730,13
3484,306.348530,13
3485,306.476980,14
3486,306.257940,12
3487,305.450040,15
3488,305.873610,14
3489,306.312790,14
3490,306.415860,17
3491,307.266690,17
3492,306.624890,13
3493,307.096280,15
3494,306.024450,13
3495,307.519550,14
3496,306.839850,14
3497,306.485800,12
3498,306.287160,15
3499,306.514180,17
3500,307.359790,13
3501,306.605320,13
3502,306.940560,13
3503,307.432790,13
3504,308.035860,14
3505,307.649520,12
3506,307.034090,11
3507,307.443590,15
3508,307.372510,11
3509,307.169260,13
3510,307.504930,8
3511,307.305910,11
3512,307.862790,15
3513,306.987370,14
3514,307.094860,15
3515,306.372270,12
3516,307.150100,13
3517,307.579870,15
3518,307.347080,15
3519,307.014180,16
3520,306.490140,11
3521,306.502130,13
3522,306.391490,12
3523,306.362020,13
3524,306.167800,14
3525,305.905010,13
3526,306.485710,14
3527,306.006000,13
3528,306.706890,10
3529,306.077560,11
3530,306.962630,9
3531,306.795400,11
3532,307.259990,15
3533,307.027000,15
3534,307.080590,13
3535,306.700370,9
3536,306.951220,12
3537,306.975050,14
3538,306.117790,16
3539,307.727520,15
3540,307.153970,11
3541,307.163750,10
3542,307.760180,12
3543,306.777430,11
3544,307.217510,15
3545,306.806970,11
3546,307.665350,12
3547,306.529780,11
3548,307.867050,11
3549,307.079940,11
3550,308.410460,18
3551,308.286500,12
3552,307.749610,16
3553,308.219730,14
3554,307.966490,12
3555,307.888570,15
3556,307.183210,16
3557,308.338640,14
3558,307.160660,15
3559,307.726150,16
3560,307.168510,8
3561,307.777860,8
3562,307.876850,11
3563,307.686700,9
3564,307.199750,12
3565,307.482040,11
3566,307.660550,12
3567,307.226290,10
3568,307.156200,13
3569,308.187860,9
3570,307.456120,11
3571,307.745260,11
3572,307.374020,13
3573,307.045750,16
3574,308.435650,11
3575,307.639200,10
3576,307.803430,15
3577,308.011660,14
3578,307.416640,11
3579,307.349720,14
3580,307.636340,11
3581,307.462230,8
3582,308.145560,9
3583,307.921750,11
3584,308.132460,8
3585,307.216990,9
3586,307.578260,11
3587,307.759830,11
3588,307.003110,11
3589,307.320080,10
3590,307.253330,12
3591,306.731010,12
3592,307.673630,15
3593,307.206300,10
3594,307.788070,14
3595,307.516170,9
3596,307.642480,9
3597,306.537340,10
3598,307.010300,12
3599,307.231240,11
3600,306.581960,14
3601,307.487030,14
3602,307.691540,14
3603,307.532130,15
3604,307.054810,12
3605,307.084610,13
3606,306.502770,13
3607,306.694880,19
3608,307.705210,16
3609,307.717610,18
3610,307.064050,10
3611,307.388810,11
3612,307.298790,12
3613,307.181610,11
3614,307.074080,11
3615,307.252160,10
3616,306.573470,11
3617,306.328550,10
3618,305.992920,11
3619,306.417160,11
3620,306.942290,12
3621,307.447110,11
3622,307.252800,13
3623,306.184620,11
3624,307.126840,11
3625,306.807010,11
3626,307.610150,12
3627,306.736460,10
3628,307.656030,9
3629,307.560520,10
3630,306.947360,11
3631,306.868240,10
3632,307.545620,18
3633,306.140090,14
3634,307.364140,16
3635,306.113890,13
3636,306.988150,12
3637,306.842670,12
3638,307.113430,13
3639,307.198380,11
3640,306.926810,18
3641,307.525560,15
3642,307.998630,13
3643,307.112000,14
3644,307.070690,11
3645,306.817650,15
3646,306.979550,14
3647,307.807840,14
3648,307.192510,13
3649,307.909220,12
3650,309.070170,14
3651,308.244360,10
3652,308.483030,11
3653,308.770550,13
3654,308.733470,12
3655,308.146720,8
3656,308.610540,9
3657,307.882980,12
3658,307.618800,9
3659,308.126480,8
3660,308.145000,13
3661,307.487090,15
3662,308.695880,8
3663,308.038100,15
3664,308.312090,12
3665,309.062430,9
3666,308.571740,12
3667,308.374790,10
3668,308.368110,12
3669,308.705440,13
3670,309.291650,10
3671,308.975370,13
3672,308.965700,14
3673,308.719790,11
3674,309.294090,13
3675,308.764380,8
3676,308.962730,13
3677,309.850260,13
3678,308.686390,12
3679,309.424900,11
3680,308.341300,16
3681,308.445810,18
3682,308.619870,16
3683,308.975970,14
3684,308.601760,19
3685,308.905580,17
3686,308.326710,16
3687,308.661410,13
3688,309.293800,15
3689,308.578920,17
3690,308.374020,15
3691,309.037550,12
3692,308.508100,15
3693,308.726130,10
3694,308.382360,15
3695,309.188320,13
3696,309.135460,16
3697,309.231120,13
3698,308.457250,13
3699,308.789950,16
3700,309.658580,11
3701,309.874980,10
3702,309.975710,12
3703,309.570070,7
3704,309.119810,7
3705,309.554120,11
3706,309.372770,9
3707,309.116560,12
3708,309.775730,12
3709,309.075460,13
3710,308.761820,12
3711,309.188180,10
3712,309.206590,13
3713,308.766970,9
3714,309.469570,11
3715,308.849760,8
3716,309.504620,10
3717,309.600970,13
3718,309.161370,11
3719,308.763300,10
3720,308.819900,14
3721,307.900280,18
3722,308.592330,15
3723,308.392420,16
3724,309.107350,15
3725,307.882390,15
3726,308.271530,12
3727,308.516260,16
3728,308.146270,13
3729,309.222860,18
3730,308.766960,12
3731,308.902440,10
3732,308.589920,9
3733,308.799060,10
3734,308.230950,12
3735,307.689000,11
3736,309.103740,11
3737,308.935300,14
3738,309.276460,13
3739,308.725460,12
3740,308.715460,13
3741,307.943760,12
3742,307.822050,12
3743,307.921280,12
3744,308.487710,13
3745,308.507110,9
3746,309.080130,17
3747,308.436980,13
3748,308.837200,13
3749,307.981660,12
3750,307.974760,13
3751,307.579170,17
3752,308.603200,17
3753,307.378320,13
3754,307.933460,12
3755,308.319740,11
3756,308.117480,12
3757,308.199920,15
3758,307.679090,12
3759,307.598870,9
3760,308.198940,11
3761,308.265230,10
3762,308.092100,14
3763,308.449040,12
3764,308.619050,13
3765,308.265650,10
3766,308.325710,10
3767,308.686750,12
3768,308.520780,11
3769,308.442790,13
3770,308.552290,9
3771,308.154660,10
3772,308.738450,12
3773,308.389590,10
3774,308.512170,11
3775,307.798530,13
3776,308.781540,11
3777,308.366340,8
3778,308.742450,13
3779,308.753010,13
3780,309.147860,11
3781,308.365590,16
3782,308.789590,16
3783,308.616530,8
3784,308.554340,14
3785,308.869360,9
3786,308.920520,14
3787,307.865360,11
3788,308.158530,12
3789,307.702400,13
3790,309.464670,14
3791,309.799430,12
3792,308.971010,14
3793,310.499850,14
3794,309.268430,10
3795,309.273350,14
3796,308.782010,14
3797,310.319830,14
3798,309.744130,16
3799,310.193540,13
3800,310.263800,8
3801,310.095410,10
3802,309.630090,12
3803,309.903270,9
3804,310.175000,9
3805,309.220990,14
3806,309.970820,11
3807,310.309390,8
3808,309.886560,12
3809,309.826360,8
3810,309.625510,16
3811,310.518600,13
3812,309.595930,12
3813,309.728700,12
3814,310.042920,13
3815,309.405930,14
3816,309.978340,15
3817,310.081470,13
3818,310.120690,15
3819,310.040380,16
3820,309.920700,17
3821,310.287490,13
3822,310.183430,17
3823,311.101330,14
3824,310.141720,14
3825,310.668090,16
3826,310.568410,15
3827,311.363360,16
3828,310.193500,13
3829,310.375120,16
3830,311.277040,11
3831,310.789560,14
3832,310.771740,14
3833,311.160690,14
3834,310.547830,14
3835,311.529160,11
3836,311.003060,13
3837,311.239710,13
3838,310.571000,10
3839,311.078530,10
3840,310.921540,15
3841,311.210250,12
3842,311.207690,15
3843,311.102310,14
3844,310.810370,15
3845,311.407520,12
3846,310.624780,15
3847,311.103140,10
3848,311.457830,13
3849,311.318290,15
3850,311.298640,13
3851,310.684550,10
3852,310.926150,10
3853,311.164940,14
3854,310.804630,10
3855,310.350180,11
3856,310.310860,10
3857,310.517310,7
3858,311.642660,12
3859,311.317680,11
3860,311.154970,10
3861,311.070840,15
3862,310.540260,16
3863,311.579020,12
3864,311.308290,12
3865,311.055730,13
3866,311.076670,13
3867,312.218810,16
3868,310.550980,15
3869,311.818000,14
3870,310.244610,12
3871,310.021750,10
3872,310.473420,5
3873,310.567410,9
3874,310.429030,9
3875,310.881130,10
3876,309.827680,9
3877,310.489960,9
3878,310.600920,10
3879,310.353890,9
3880,309.693770,12
3881,310.679100,13
3882,310.560030,11
3883,310.300990,9
3884,310.334930,9
3885,310.735190,10
3886,310.321980,9
3887,310.585950,10
3888,310.021380,10
3889,309.721470,13
3890,311.155650,8
3891,309.827630,9
3892,310.018030,13
3893,309.790230,11
3894,310.744420,11
3895,310.274410,13
3896,310.597380,11
3897,310.218790,11
3898,310.507940,12
3899,310.403320,11
3900,310.448740,12
3901,310.636990,7
3902,310.235390,11
3903,310.326750,9
3904,310.849390,10
3905,310.808330,8
3906,310.883960,5
3907,311.000510,15
3908,310.901860,13
3909,310.075060,9
3910,310.508480,14
3911,310.588130,17
3912,310.160830,12
3913,310.428080,15
3914,310.843980,16
3915,310.345050,16
3916,310.170440,13
3917,310.430380,15
3918,310.344820,15
3919,310.142200,13
3920,310.281780,12
3921,310.651440,11
3922,310.452540,12
3923,310.841260,9
3924,310.744180,11
3925,310.811650,14
3926,310.203540,9
3927,310.827450,12
3928,310.826680,11
3929,310.955360,9
3930,310.817570,13
3931,311.402050,11
3932,311.465370,14
3933,311.698850,14
3934,311.411450,13
3935,311.068250,12
3936,310.643740,15
3937,311.611570,13
3938,311.256610,11
3939,310.999490,12
3940,311.143990,14
3941,311.258560,13
3942,311.533510,14
3943,312.318600,17
3944,311.615240,13
3945,310.995560,15
3946,311.607040,15
3947,311.319160,16
3948,311.423930,15
3949,311.044530,13
3950,311.667110,12
3951,311.021260,14
3952,311.139540,11
3953,310.892210,12
3954,311.573590,12
3955,311.934210,12
3956,311.383220,13
3957,311.047250,14
3958,311.458870,11
3959,310.866450,13
3960,311.894530,15
3961,311.601460,15
3962,310.143490,12
3963,311.042780,15
3964,311.312520,13
3965,311.106220,14
3966,310.478660,12
3967,311.262310,11
3968,311.289440,10
3969,310.476860,12
3970,310.613850,18
3971,310.409410,14
3972,310.363060,13
3973,311.336170,18
3974,310.715540,16
3975,311.156310,14
3976,310.653340,17
3977,310.928510,12
3978,310.423730,15
3979,311.973280,17
3980,311.971600,16
3981,310.885750,16
3982,311.086540,13
3983,311.786390,18
3984,311.380440,13
3985,311.484540,14
3986,312.068900,17
3987,311.417790,14
3988,311.270550,12
3989,311.663630,14
3990,311.471960,12
3991,310.725550,12
3992,311.815310,15
3993,311.635220,11
3994,311.149390,13
3995,311.700720,16
3996,311.525540,11
3997,311.228660,16
3998,311.104700,14
3999,311.697940,13
4000,312.478650,13
4001,311.414270,13
4002,311.809070,13
4003,311.836970,11
4004,311.953700,9
4005,312.439780,13
4006,312.506850,11
4007,311.559120,12
4008,312.215260,14
4009,312.054470,12
4010,311.594980,12
4011,311.205680,11
4012,311.673640,8
4013,310.962540,10
4014,311.796490,11
4015,311.979210,9
4016,311.550550,12
4017,311.678100,11
4018,311.911810,11
4019,311.294460,9
4020,311.811010,16
4021,310.786790,8
4022,311.336970,6
4023,311.378960,11
4024,311.356380,11
4025,311.716980,12
4026,310.711170,12
4027,311.097110,11
4028,311.610740,16
4029,311.869940,10
4030,311.442180,9
4031,311.994810,15
4032,310.551670,15
4033,310.686200,16
4034,310.904650,15
4035,310.934170,15
4036,310.902750,12
4037,310.583120,14
4038,311.732960,15
4039,311.774980,19
4040,310.725890,12
4041,310.973420,16
4042,311.086320,14
4043,311.403460,15
4044,310.619660,16
4045,311.020210,14
4046,311.965940,16
4047,311.740420,15
4048,311.326300,14
4049,311.192090,14
4050,311.330050,16
4051,311.580870,10
4052,311.968180,14
4053,312.133490,13
4054,311.385750,14
4055,312.294560,12
4056,311.954990,13
4057,311.770180,14
4058,312.186850,11
4059,310.672100,12
4060,310.660100,15
4061,310.623080,13
4062,311.159340,12
4063,311.336820,15
4064,310.680630,15
4065,310.890370,17
4066,311.436950,14
4067,310.707210,14
4068,310.704250,16
4069,311.863550,18
4070,311.355540,8
4071,311.436800,14
4072,312.008800,9
4073,311.996490,10
4074,311.102620,8
4075,311.568900,12
4076,311.141130,10
4077,311.429000,10
4078,311.447230,11
4079,311.840990,10
4080,310.716400,19
4081,311.173350,12
4082,311.665580,11
4083,311.559490,14
4084,311.576140,14
4085,311.811030,9
4086,312.389950,12
4087,311.520560,15
4088,311.347720,14
4089,312.064120,13
4090,311.569540,13
4091,311.385570,11
4092,311.053610,10
4093,312.063920,16
4094,311.613040,12
4095,311.817220,15
4096,311.383600,13
4097,311.750790,13
4098,311.481070,10
4099,312.558090,12
4100,311.104250,14
4101,311.691450,13
4102,312.584460,11
4103,312.611280,11
4104,312.159710,9
4105,312.381750,10
4106,311.575850,12
4107,312.527950,11
4108,311.564250,16
4109,311.429780,13
4110,311.516830,13
4111,312.196810,11
4112,313.255130,13
4113,312.588220,11
4114,311.353140,13
4115,311.858710,8
4116,312.132950,9
4117,311.643890,11
4118,311.393800,13
4119,312.409630,9
4120,311.890890,7
4121,311.953930,12
4122,312.374450,10
4123,311.967180,10
4124,312.059480,9
4125,310.852060,16
4126,311.068190,11
4127,311.890220,9
4128,312.127470,11
4129,311.584230,11
4130,311.090250,13
4131,311.334380,11
4132,311.745030,11
4133,310.952430,9
4134,311.730140,13
4135,311.637060,12
4136,311.208330,12
4137,311.706820,14
4138,310.924320,12
4139,312.035510,15
4140,311.443960,9
4141,310.672400,17
4142,311.554500,11
4143,311.105180,13
4144,310.716070,14
4145,312.234840,14
4146,311.656440,15
4147,311.364330,15
4148,311.812910,13
4149,311.914650,11
4150,312.489330,14
4151,311.413610,11
4152,312.091700,8
4153,311.900080,11
4154,312.282350,10
4155,312.045430,10
4156,311.604470,12
4157,311.738800,13
4158,312.066830,13
4159,311.566060,12
4160,310.973470,8
4161,311.604530,11
4162,310.872170,10
4163,311.631640,12
4164,310.927300,7
4165,310.797220,11
4166,311.091820,7
4167,311.168950,10
4168,310.585040,10
4169,310.645620,13
4170,310.481660,5
4171,310.972830,16
4172,310.985120,9
4173,310.494740,9
4174,310.339280,8
4175,310.624220,11
4176,310.937440,13
4177,310.891150,10
4178,310.435620,17
4179,310.665870,12
4180,309.589970,15
4181,310.141970,17
4182,309.832550,15
4183,309.965830,17
4184,310.942880,12
4185,310.954560,12
4186,309.835460,17
4187,309.420010,19
4188,310.764370,16
4189,309.851450,16
4190,309.809010,12
4191,309.760420,11
4192,309.705050,9
4193,310.261690,12
4194,309.354290,11
4195,310.130780,13
4196,309.417440,8
4197,309.236470,11
4198,310.148580,12
4199,309.770980,10
4200,310.227430,16
4201,308.988370,13
4202,309.868260,16
4203,309.278740,11
4204,309.284080,15
4205,309.506470,11
4206,309.868560,16
4207,310.589820,16
4208,310.043700,15
4209,308.796190,15
4210,309.265340,13
4211,308.923660,12
4212,309.181910,13
4213,309.493690,11
4214,309.438220,12
4215,308.501310,14
4216,308.777940,15
4217,309.030720,14
4218,309.739410,11
4219,308.590870,15
4220,308.150470,13
4221,308.129950,11
4222,308.198160,11
4223,308.032380,14
4224,308.450460,14
4225,308.719350,12
4226,308.552420,13
4227,307.614850,11
4228,308.226720,13
4229,307.813140,13
4230,307.567730,13
4231,308.413140,13
4232,308.003730,16
4233,308.032170,11
4234,308.427040,14
4235,308.352940,15
4236,308.205080,13
4237,307.631020,15
4238,307.742510,14
4239,308.205410,15
4240,308.088000,14
4241,307.756520,12
4242,308.516720,12
4243,308.096850,12
4244,308.799300,12
4245,307.528330,13
4246,307.432730,12
4247,307.687270,10
4248,308.477780,13
4249,307.505430,11
4250,307.670770,15
4251,306.716820,16
4252,306.392870,14
4253,306.741840,11
4254,306.346970,15
4255,307.621590,10
4256,307.546220,12
4257,307.599800,14
4258,307.606840,16
4259,307.502860,11
4260,306.449040,12
4261,307.808960,14
4262,306.758540,12
4263,307.689410,13
4264,306.743150,13
4265,306.972710,13
4266,307.316800,12
4267,307.562420,14
4268,307.051790,13
4269,307.162030,14
4270,308.031190,16
4271,307.508230,14
4272,307.308090,16
4273,308.010670,17
4274,308.126250,15
4275,308.729290,19
4276,307.398250,14
4277,307.752180,15
4278,307.265460,14
4279,307.677040,12
4280,307.297590,10
4281,307.838540,16
4282,307.298820,11
4283,307.779640,13
4284,307.548690,13
4285,307.395760,12
4286,307.618580,13
4287,307.161960,14
4288,308.228480,11
4289,306.877230,11
4290,307.427390,11
4291,307.310620,8
4292,307.856330,13
4293,307.174570,11
4294,307.754960,11
4295,307.569000,11
4296,307.200040,10
4297,307.055160,15
4298,307.701610,12
4299,307.198030,13
4300,307.861820,9
4301,307.231340,11
4302,307.996450,13
4303,307.667570,11
4304,307.632070,10
4305,306.609270,10
4306,307.486050,8
4307,308.020520,10
4308,307.282550,10
4309,307.661190,8
4310,307.539640,13
4311,308.011170,15
4312,307.492030,13
4313,307.198710,13
4314,307.056860,13
4315,307.375660,15
4316,307.302320,14
4317,307.714180,12
4318,307.787300,11
4319,307.241260,12
4320,307.595250,13
4321,307.711630,15
4322,307.493970,18
4323,306.762300,14
4324,308.194390,16
4325,306.565490,14
4326,307.012870,13
4327,307.507930,15
4328,307.167590,16
4329,308.157970,17
4330,307.672380,9
4331,307.540800,9
4332,307.390380,9
4333,307.995330,9
4334,307.266430,9
4335,307.959170,11
4336,307.112430,10
4337,307.195140,13
4338,307.459300,10
4339,307.153990,8
4340,307.460200,13
4341,306.924090,12
4342,306.914030,9
4343,307.241680,10
4344,306.533700,11
4345,307.185720,10
4346,307.166320,12
4347,307.712490,14
4348,307.089730,9
4349,307.429000,12
4350,306.668120,10
4351,306.080310,15
4352,307.770650,14
4353,307.356590,17
4354,306.893740,10
4355,306.951540,14
4356,307.241840,12
4357,307.404730,15
4358,307.313640,11
4359,307.362320,14
4360,307.197080,14
4361,307.221810,14
4362,307.899550,11
4363,307.439510,12
4364,307.207290,13
4365,307.859500,13
4366,307.665830,12
4367,307.564620,9
4368,307.498730,11
4369,307.732000,11
4370,307.846140,9
4371,307.580200,12
4372,307.549840,11
4373,307.323350,10
4374,308.052920,12
4375,307.360720,11
4376,308.009040,12
4377,307.119450,8
4378,307.778260,9
4379,307.493950,8
4380,307.754550,13
4381,307.422210,12
4382,307.730690,11
4383,307.922440,14
4384,308.175670,12
4385,308.573230,15
4386,306.957790,13
4387,307.823450,11
4388,306.752650,15
4389,307.848660,11
4390,307.706210,12
4391,307.305610,11
4392,307.665930,10
4393,307.861460,10
4394,307.332860,12
4395,307.803970,11
4396,307.334180,10
4397,307.360400,9
4398,307.350730,12
4399,307.940130,12
4400,307.999920,11
4401,307.240730,9
4402,307.563980,11
4403,307.230520,13
4404,307.708610,9
4405,307.745880,11
4406,307.781140,11
4407,307.007430,13
4408,307.594200,11
4409,307.372370,13
4410,307.425310,16
4411,307.478620,18
4412,307.234470,14
4413,307.730540,14
4414,307.040370,17
4415,307.759590,15
4416,308.144520,12
4417,307.753630,16
4418,307.846180,15
4419,307.659830,16
4420,307.796710,17
4421,307.612580,16
4422,308.039950,15
4423,308.312350,14
4424,308.837060,13
4425,308.526220,16
4426,307.325380,17
4427,307.260290,18
4428,307.208700,17
4429,307.683740,13
4430,306.935360,10
4431,307.695080,13
4432,306.996420,13
4433,307.305840,13
4434,307.326520,14
4435,307.616350,14
4436,307.524140,10
4437,307.207830,11
4438,306.935320,10
4439,306.668860,15
4440,307.693460,13
4441,307.457300,12
4442,306.712440,12
4443,307.840890,13
4444,306.722040,10
4445,307.848060,14
4446,307.956670,10
4447,307.073030,12
4448,306.746890,15
4449,307.175350,11
4450,307.382200,10
4451,307.631370,13
4452,306.626320,10
4453,307.679580,12
4454,306.974650,12
4455,307.650600,13
4456,307.276530,14
4457,307.032690,11
4458,307.461740,10
4459,307.620960,10
4460,307.410740,9
4461,307.688620,10
4462,307.278630,13
4463,307.932620,11
4464,307.853750,12
4465,307.242360,10
4466,307.575420,14
4467,307.631720,10
4468,306.932110,12
4469,307.414560,9
4470,308.388100,11
4471,308.189260,13
4472,307.961120,11
4473,308.198940,11
4474,307.467270,10
4475,308.049030,8
4476,307.942620,10
4477,307.927750,10
4478,308.032410,11
4479,307.332160,9
4480,307.547620,13
4481,308.026950,16
4482,308.681670,13
4483,309.021230,12
4484,309.189910,11
4485,307.676930,15
4486,308.526920,11
4487,308.028590,14
4488,308.378590,11
4489,309.050850,15
4490,308.448160,12
4491,308.717600,14
4492,308.265350,14
4493,308.369330,11
4494,308.346390,11
4495,308.749610,15
4496,307.949510,7
4497,308.455500,10
4498,309.107750,12
4499,308.860340,11
4500,308.672570,9
4501,308.966380,8
4502,308.827830,10
4503,308.604190,8
4504,309.060080,9
4505,308.846820,11
4506,309.009920,7
4507,308.163700,11
4508,309.181700,6
4509,309.005770,12
4510,309.609360,13
4511,310.077670,16
4512,308.454710,15
4513,308.661550,15
4514,309.775100,16
4515,309.726090,17
4516,308.975070,14
4517,309.394810,12
4518,309.900230,14
4519,309.268390,15
4520,309.395850,12
4521,308.963190,10
4522,308.557010,14
4523,308.317170,14
4524,308.923170,14
4525,308.264550,14
4526,308.741170,16
4527,309.542520,13
4528,309.217170,10
4529,309.512150,14
4530,309.225170,13
4531,309.775630,12
4532,308.517940,15
4533,309.430840,9
4534,309.807700,12
4535,308.892060,9
4536,309.626850,10
4537,308.872740,14
4538,309.189940,13
4539,309.500320,12
4540,309.055630,10
4541,309.242380,12
4542,309.016890,14
4543,308.328140,11
4544,308.580550,13
4545,308.448160,9
4546,309.777260,15
4547,309.342580,9
4548,309.277630,8
4549,310.170180,13
4550,309.460960,9
4551,309.161970,18
4552,309.922110,13
4553,309.565230,11
4554,309.900920,17
4555,310.492440,10
4556,309.914440,14
4557,309.449010,10
4558,309.821990,12
4559,310.034070,15
4560,310.326770,15
4561,309.728660,14
4562,309.225540,17
4563,309.669100,17
4564,310.056100,14
4565,309.796620,16
4566,309.795320,15
4567,310.044760,14
4568,310.275170,16
4569,310.485710,16
4570,308.075900,12
4571,308.874600,12
4572,308.829240,15
4573,308.573450,12
4574,309.589320,11
4575,309.460980,14
4576,309.309920,10
4577,308.669910,16
4578,309.234200,11
4579,308.859310,11
4580,308.717310,17
4581,308.963080,13
4582,308.224590,14
4583,308.436570,15
4584,308.716140,15
4585,308.213130,14
4586,308.995020,11
4587,308.986540,14
4588,308.876010,16
4589,308.372390,11
4590,307.889320,14
4591,308.994420,12
4592,308.416550,12
4593,308.945090,14
4594,308.650470,16
4595,308.451690,13
4596,308.100240,15
4597,308.139060,13
4598,308.278390,14
4599,308.827820,14
4600,307.250830,12
4601,307.471570,11
4602,307.648670,11
4603,308.163740,13
4604,307.737050,11
4605,307.450200,10
4606,308.068980,12
4607,307.979840,11
4608,307.486020,12
4609,307.776330,10
4610,308.351800,13
4611,307.801280,13
4612,308.346120,12
4613,307.604040,10
4614,308.517830,15
4615,308.193240,12
4616,307.690770,13
4617,308.687750,13
4618,308.463200,12
4619,308.137770,14
4620,308.260440,10
4621,308.552790,8
4622,308.078740,10
4623,308.864940,10
4624,308.562300,14
4625,308.783270,7
4626,308.467310,12
4627,308.755550,11
4628,308.388850,14
4629,308.930200,12
4630,309.166630,10
4631,307.937970,12
4632,308.371270,11
4633,308.161110,12
4634,309.072510,12
4635,308.801500,8
4636,308.648370,12
4637,307.881260,10
4638,308.502870,11
4639,308.682060,10
4640,308.815830,12
4641,308.764220,13
4642,309.016550,12
4643,308.566060,8
4644,308.659730,12
4645,307.980320,13
4646,308.350250,11
4647,308.641450,8
4648,308.533620,10
4649,308.675000,10
4650,308.999110,16
4651,307.768000,12
4652,307.736370,14
4653,308.882900,16
4654,308.307660,15
4655,307.363090,14
4656,308.248630,16
4657,308.669980,15
4658,307.673710,13
4659,307.081080,13
4660,308.891320,13
4661,309.159520,11
4662,308.871300,12
4663,307.771610,13
4664,307.914510,13
4665,308.204670,9
4666,308.257390,9
4667,308.572970,11
4668,307.929650,11
4669,307.817040,15
4670,307.140800,11
4671,307.568780,8
4672,307.407610,10
4673,308.196040,11
4674,307.343490,9
4675,307.236470,11
4676,307.120120,11
4677,307.075990,10
4678,307.435980,13
4679,307.020650,13
4680,308.020930,17
4681,307.480390,14
4682,307.665920,10
4683,308.435010,17
4684,308.611240,16
4685,307.404820,15
4686,307.942030,14
4687,307.705350,14
4688,308.196730,17
4689,307.451250,10
4690,308.102540,16
4691,308.008990,16
4692,308.222930,14
4693,308.094580,15
4694,307.611280,17
4695,307.351810,15
4696,307.646260,16
4697,307.791900,11
4698,307.240210,15
4699,307.999040,13
4700,307.647080,10
4701,307.371680,10
4702,307.566670,10
4703,307.001960,9
4704,307.760450,8
4705,307.195520,13
4706,306.896300,13
4707,307.347540,10
4708,307.171480,11
4709,307.670510,9
4710,307.566680,16
4711,307.736230,15
4712,308.134610,14
4713,308.243600,18
4714,308.496430,16
4715,306.924770,16
4716,307.764380,16
4717,307.652450,18
4718,307.181840,16
4719,307.699930,15
4720,308.216480,9
4721,308.528300,14
4722,308.444880,15
4723,307.800770,13
4724,308.355520,15
4725,308.382010,13
4726,308.462090,15
4727,307.581470,11
4728,308.143910,13
4729,308.162580,15
4730,308.574050,12
4731,308.862270,13
4732,308.937660,13
4733,308.559260,13
4734,309.074930,15
4735,308.549840,11
4736,308.365950,11
4737,307.981800,11
4738,308.950380,15
4739,308.977240,12
4740,309.132960,13
4741,309.250530,10
4742,308.706010,14
4743,308.701330,13
4744,309.042910,14
4745,309.353130,14
4746,308.126670,14
4747,308.085600,10
4748,308.608380,12
4749,308.353620,13
4750,308.902170,14
4751,308.543480,9
4752,308.462980,11
4753,308.498770,12
4754,308.836360,11
4755,308.245420,12
4756,308.301410,11
4757,308.446670,12
4758,308.503800,14
4759,308.425520,10
4760,308.037540,10
4761,308.626290,7
4762,309.287830,14
4763,309.285030,10
4764,308.771200,13
4765,308.419460,10
4766,308.689960,13
4767,308.305720,10
4768,308.360240,9
4769,308.771260,12
4770,308.191870,13
4771,309.019950,12
4772,308.802600,14
4773,308.852380,11
4774,308.900090,14
4775,308.956880,11
4776,308.910800,10
4777,308.721160,12
4778,309.055060,13
4779,308.542940,11
4780,309.415250,10
4781,309.926130,9
4782,309.495490,11
4783,309.405450,13
4784,309.023790,8
4785,309.190330,7
4786,309.781130,12
4787,309.202990,9
4788,308.762640,11
4789,309.051600,11
4790,310.126620,14
4791,310.276840,12
4792,309.161200,13
4793,309.944850,13
4794,309.919880,15
4795,310.383070,13
4796,310.287550,14
4797,310.410380,15
4798,310.493690,16
4799,309.958390,11
4800,309.262190,15
4801,309.940220,14
4802,309.587510,14
4803,310.409670,16
4804,310.227540,12
4805,309.551200,13
4806,310.307840,11
4807,310.104250,11
4808,310.326380,13
4809,310.514360,16
4810,310.227720,10
4811,309.908450,16
4812,309.579400,12
4813,309.480760,12
4814,309.938100,10
4815,310.102690,8
4816,309.771450,10
4817,309.994410,12
4818,310.173750,8
4819,309.926800,11
4820,309.292410,15
4821,310.390600,13
4822,310.300050,15
4823,310.093900,13
4824,309.486450,12
4825,309.231520,13
4826,310.233500,15
4827,309.775240,16
4828,309.696450,15
4829,309.517010,10
4830,309.898350,17
4831,309.678930,11
4832,308.916990,16
4833,308.455150,19
4834,309.814820,16
4835,309.871060,14
4836,309.643000,15
4837,310.076080,19
4838,309.049300,20
4839,308.960560,15
4840,310.328470,12
4841,309.961810,10
4842,310.477070,14
4843,311.131820,15
4844,310.545340,12
4845,309.885270,12
4846,310.048230,13
4847,310.180380,11
4848,310.169710,10
4849,309.957220,8
4850,309.866840,11
4851,310.304540,7
4852,309.583510,14
4853,310.421100,14
4854,309.600260,14
4855,310.035140,13
4856,309.856240,15
4857,308.877920,14
4858,309.624550,15
4859,310.749290,14
4860,310.790070,10
4861,310.907080,15
4862,310.719330,12
4863,310.425830,11
4864,310.443280,15
4865,310.405210,12
4866,310.032550,14
4867,310.188850,8
4868,310.311530,10
4869,310.549570,10
4870,310.006590,18
4871,310.428960,16
4872,309.868720,15
4873,309.664390,15
4874,310.106470,14
4875,310.176220,14
4876,310.367570,14
4877,309.998950,15
4878,311.005820,12
4879,310.002230,14
4880,309.974470,16
4881,310.076380,15
4882,310.358710,16
4883,309.789550,17
4884,310.362420,13
4885,309.494880,17
4886,309.950630,12
4887,309.358760,17
4888,309.962360,11
4889,310.647080,18
4890,310.077390,13
4891,309.659770,16
4892,309.900680,14
4893,309.979080,15
4894,309.571800,9
4895,310.863790,15
4896,310.297630,15
4897,310.262490,9
4898,309.408050,14
4899,310.346730,11
4900,310.406930,13
4901,310.341070,15
4902,310.864980,13
4903,310.527690,13
4904,310.505460,12
4905,310.350960,17
4906,311.545800,17
4907,310.704260,12
4908,310.650930,13
4909,310.006810,11
4910,309.235860,17
4911,309.838450,11
4912,310.791790,17
4913,310.110250,14
4914,310.729430,12
4915,311.041990,13
4916,309.984790,16
4917,310.172770,15
4918,310.170700,14
4919,310.136280,13
4920,310.658430,15
4921,310.250570,12
4922,311.009470,12
4923,310.051780,14
4924,310.004050,14
4925,310.169070,12
4926,310.724890,16
4927,310.432850,14
4928,310.430540,13
4929,310.988110,12
4930,310.190650,10
4931,310.731130,10
4932,311.043540,12
4933,310.218430,14
4934,311.444960,13
4935,311.176370,11
4936,310.952670,11
4937,311.253940,13
4938,310.560690,10
4939,310.961680,10
4940,310.966560,11
4941,311.198540,13
4942,312.005420,13
4943,310.759450,10
4944,311.271430,10
4945,311.058710,9
4946,311.446120,11
4947,310.826820,13
4948,311.099770,13
4949,311.231310,16
4950,310.180370,16
4951,311.158450,8
4952,310.802610,13
4953,310.682810,10
4954,310.293160,11
4955,310.959150,13
4956,311.550110,16
4957,311.156890,12
4958,311.996490,14
4959,310.491150,13
4960,310.804010,14
4961,310.401790,16
4962,312.306540,14
4963,310.786140,11
4964,311.271690,13
4965,311.440660,13
4966,311.717620,19
4967,311.741440,12
4968,310.891830,11
4969,311.563370,17
4970,311.588010,12
4971,312.489730,14
4972,312.116690,7
4973,311.461970,17
4974,311.598500,13
4975,312.882830,16
4976,311.470850,13
4977,311.592550,13
4978,312.325870,14
4979,312.200860,13
4980,311.757040,14
4981,311.930430,13
4982,311.867450,13
4983,311.927960,12
4984,312.118700,12
4985,311.671570,9
4986,311.719890,14
4987,311.619770,13
4988,311.883410,12
4989,311.502890,13
4990,312.731780,8
4991,312.563350,11
4992,312.256360,8
4993,312.095550,8
4994,312.618740,10
4995,312.482630,11
4996,312.304190,7
4997,312.499010,11
4998,312.749600,9
4999,312.449560,9
5000,311.952100,12
5001,312.138360,9
5002,312.586540,12
5003,312.906230,14
5004,311.535940,13
5005,312.097850,11
5006,312.462770,12
5007,312.452800,13
5008,312.549700,9
5009,312.224290,12
5010,312.487310,14
5011,312.536590,21
5012,312.259790,16
5013,312.728090,15
5014,312.146440,15
5015,312.609500,14
5016,311.289800,20
5017,311.840250,17
5018,312.859270,17
5019,312.098950,13
5020,311.907180,16
5021,312.458420,13
5022,312.344650,17
5023,312.488110,14
5024,311.704570,17
5025,312.884830,18
5026,313.135180,15
5027,312.442210,13
5028,312.663200,14
5029,311.897880,14
5030,311.765880,10
5031,311.253510,11
5032,311.948020,10
5033,311.967540,11
5034,312.237490,9
5035,312.173580,11
5036,311.684810,11
5037,312.191980,14
5038,311.994570,12
5039,312.055930,11
5040,311.915790,11
5041,311.926930,10
5042,311.849120,15
5043,311.687870,12
5044,311.813710,11
5045,312.042920,11
5046,312.153840,12
5047,312.163830,13
5048,312.092060,11
5049,312.001910,12
5050,310.848680,15
5051,311.461080,10
5052,311.511760,9
5053,310.521850,11
5054,312.092330,8
5055,312.051390,10
5056,311.713260,11
5057,311.516280,9
5058,311.674920,11
5059,311.899970,13
5060,311.155470,12
5061,310.706690,13
5062,310.705190,12
5063,311.014390,12
5064,310.731170,14
5065,310.875960,12
5066,310.754010,18
5067,310.629640,15
5068,310.432110,13
5069,311.139210,13
5070,311.207830,13
5071,311.006010,14
5072,310.808950,14
5073,311.117660,13
5074,311.605680,14
5075,310.568350,17
5076,311.206020,15
5077,310.817220,16
5078,311.489830,12
5079,311.595300,14
5080,310.422020,14
5081,310.788020,12
5082,311.292990,15
5083,311.510660,13
5084,311.411600,13
5085,310.604840,11
5086,310.536090,16
5087,311.196610,10
5088,310.935770,13
5089,311.028110,14
5090,311.281600,13
5091,310.221530,20
5092,311.262370,17
5093,311.582170,15
5094,311.054540,17
5095,311.920410,15
5096,311.324240,15
5097,311.722420,15
5098,310.961370,15
5099,311.180590,16
5100,311.712940,12
5101,311.885240,9
5102,311.357470,7
5103,311.801210,13
5104,311.253710,10
5105,311.484780,10
5106,311.198560,9
5107,311.794130,10
5108,311.565280,9
5109,312.026910,12
5110,311.642810,15
5111,311.314750,17
5112,311.622240,12
5113,311.528910,12
5114,311.618190,12
5115,311.735200,12
5116,311.498060,15
5117,311.570530,11
5118,310.543520,19
5119,311.640610,11
5120,312.148670,17
5121,311.029260,13
5122,311.027910,15
5123,311.557060,16
5124,310.738630,13
5125,311.772720,15
5126,311.040610,12
5127,311.669230,14
5128,311.671140,11
5129,311.147340,14
5130,310.855770,9
5131,310.426160,12
5132,310.617250,12
5133,311.070940,12
5134,311.318810,11
5135,310.525360,12
5136,310.037050,13
5137,309.781020,11
5138,310.303230,13
5139,310.709720,12
5140,310.005030,13
5141,310.663410,18
5142,310.210890,16
5143,310.951470,17
5144,310.147450,14
5145,309.793210,15
5146,309.941310,13
5147,310.909230,15
5148,309.921920,16
5149,310.495020,17
5150,310.279890,7
5151,310.379940,9
5152,309.343920,13
5153,310.094740,10
5154,309.860650,8
5155,309.713150,16
5156,310.339400,13
5157,310.221520,9
5158,310.456620,15
5159,309.811330,9
5160,310.739900,12
5161,310.791040,13
5162,310.140690,11
5163,309.857370,13
5164,310.489800,11
5165,310.533710,13
5166,310.074890,13
5167,310.523250,13
5168,310.380050,11
5169,310.138460,14
5170,310.108000,14
5171,309.491710,13
5172,309.748390,16
5173,310.778540,15
5174,310.203280,13
5175,309.822830,16
5176,311.213120,14
5177,309.798090,13
5178,310.490440,14
5179,309.357780,15
5180,308.834640,15
5181,308.913940,15
5182,309.409530,17
5183,309.692530,16
5184,309.108850,15
5185,308.809910,12
5186,309.003930,17
5187,309.897430,13
5188,310.051190,17
5189,307.877250,16
5190,307.783900,10
5191,307.840550,9
5192,308.459530,13
5193,307.521540,10
5194,308.043580,10
5195,308.192170,9
5196,308.678660,13
5197,308.342210,11
5198,308.342670,10
5199,308.120160,13
5200,308.120160,0
