step,price,volume
0,299.291630,13
1,299.189290,15
2,299.519370,15
3,299.591190,15
4,300.244250,18
5,299.391910,10
6,300.213450,14
7,299.710530,14
8,299.750490,14
9,298.776230,15
10,299.215280,11
11,299.249430,12
12,299.471690,10
13,299.073870,13
14,299.535710,15
15,298.829850,12
16,299.160430,13
17,300.005300,13
18,299.359290,14
19,300.276720,13
20,299.021330,15
21,298.996340,13
22,299.755750,17
23,299.832830,18
24,298.523170,16
25,298.561090,15
26,299.507210,14
27,298.997840,15
28,299.309560,14
29,299.847800,14
30,298.806740,16
31,298.552260,14
32,298.348640,13
33,300.171460,13
34,298.116950,15
35,299.722090,13
36,299.269010,10
37,299.487640,13
38,299.680480,14
39,298.958760,14
40,298.843370,10
41,299.257670,14
42,298.641440,10
43,298.880950,9
44,298.774890,12
45,299.004140,13
46,299.049820,9
47,299.268640,12
48,299.233060,13
49,299.127500,7
50,298.083580,13
51,298.403600,11
52,299.211240,12
53,298.585640,11
54,298.528060,15
55,298.014060,15
56,299.452950,15
57,298.728880,12
58,299.652870,14
59,298.540580,14
60,298.302530,14
61,297.838300,8
62,298.566950,9
63,299.180880,7
64,298.518250,12
65,297.779690,10
66,298.253160,9
67,298.343710,10
68,298.410370,9
69,298.083980,5
70,298.394340,15
71,298.508520,13
72,298.271770,17
73,298.350020,14
74,298.239550,16
75,298.284220,15
76,298.533170,15
77,297.350980,14
78,298.081080,13
79,298.230830,15
80,298.317170,12
81,298.332680,12
82,298.114610,13
83,298.556030,13
84,297.709640,15
85,298.370510,13
86,297.636610,13
87,297.962510,12
88,297.641090,12
89,298.391630,10
90,297.888500,10
91,298.281330,5
92,298.757500,10
93,298.715640,14
94,298.374840,10
95,298.459810,7
96,298.245810,11
97,298.477700,9
98,298.157440,5
99,298.415750,12
100,297.864380,12
101,298.654620,17
102,298.132160,14
103,297.417870,15
104,297.745070,19
105,298.134840,12
106,299.043690,17
107,297.903430,15
108,298.481710,15
109,297.606480,16
110,298.343420,15
111,298.089780,11
112,298.916970,12
113,297.827410,12
114,298.857800,8
115,298.319280,12
116,298.837720,14
117,298.736970,14
118,298.690670,14
119,298.380400,12
120,298.748440,14
121,298.672620,15
122,299.066040,15
123,298.775180,16
124,298.449880,13
125,299.036370,13
126,298.108610,14
127,299.192100,13
128,298.007060,15
129,298.491850,13
130,299.035230,13
131,299.152920,15
132,298.828570,15
133,298.276710,19
134,299.281260,14
135,298.568840,12
136,299.475950,15
137,299.341380,15
138,299.056430,14
139,299.204780,13
140,299.178460,16
141,298.566190,12
142,299.119790,16
143,299.478500,12
144,298.833300,10
145,298.419040,11
146,298.911070,12
147,298.641250,18
148,298.911600,13
149,299.368670,13
150,298.241590,13
151,298.278700,18
152,298.513640,13
153,298.236050,14
154,298.977740,12
155,299.517990,16
156,298.542990,12
157,298.467210,13
158,298.086310,12
159,298.706320,12
160,299.483510,15
161,299.372450,16
162,299.656770,18
163,298.860540,14
164,298.471190,15
165,298.630910,14
166,298.593840,13
167,299.640470,11
168,298.196810,12
169,298.369410,17
170,298.264280,13
171,298.022310,13
172,297.448510,14
173,298.327590,10
174,298.302210,16
175,297.704330,15
176,298.383990,12
177,298.443900,10
178,297.733930,14
179,298.478380,14
180,298.477950,12
181,297.982930,16
182,297.971430,12
183,299.098330,12
184,299.185840,9
185,299.186140,12
186,298.950960,14
187,298.601680,9
188,298.407520,12
189,299.385190,13
190,298.715050,18
191,299.714270,13
192,299.462580,14
193,299.590580,15
194,299.715130,14
195,299.377430,13
196,300.082140,17
197,298.646180,17
198,299.173930,14
199,299.140430,16
200,299.179520,13
201,299.662980,10
202,299.801600,16
203,299.532590,13
204,299.584220,15
205,298.830720,9
206,298.747110,13
207,298.730630,12
208,299.332960,15
209,299.342010,13
210,298.889170,15
211,298.742540,15
212,298.960640,13
213,298.362750,13
214,298.947360,15
215,298.287050,13
216,298.565180,17
217,299.333800,12
218,298.418440,13
219,298.960060,19
220,299.364740,16
221,298.830190,11
222,299.200740,14
223,299.987330,14
224,299.332850,14
225,299.026810,17
226,300.677590,17
227,298.977400,16
228,298.840270,16
229,299.546130,15
230,298.307790,14
231,299.461090,13
232,298.897350,15
233,299.471970,13
234,299.057580,10
235,298.812020,11
236,298.639470,15
237,299.336600,13
238,298.720470,15
239,299.080890,12
240,299.525580,11
241,298.966680,15
242,298.894620,10
243,298.643130,13
244,298.998350,12
245,298.769490,12
246,299.231430,11
247,299.273480,11
248,299.838330,13
249,299.250190,9
250,299.734420,18
251,299.941770,14
252,299.276130,14
253,299.990480,15
254,299.271980,13
255,300.094470,12
256,300.693180,15
257,299.935870,11
258,300.021380,10
259,299.726400,15
260,300.996540,12
261,300.400390,12
262,300.230030,14
263,300.133900,12
264,300.265860,17
265,299.923170,14
266,300.770350,13
267,300.264000,13
268,301.006500,13
269,301.322960,16
270,300.572470,16
271,300.934140,14
272,301.255710,16
273,300.722310,13
274,300.793860,17
275,301.779840,16
276,301.290670,19
277,301.415710,13
278,301.336720,15
279,301.539710,15
280,300.910340,12
281,300.734500,9
282,300.943350,9
283,299.992210,11
284,300.378280,11
285,301.032710,10
286,300.218090,12
287,300.258670,12
288,300.581530,10
289,301.066270,11
290,300.457630,10
291,300.583830,8
292,300.744910,11
293,300.680190,9
294,300.401980,9
295,300.600980,11
296,300.238120,10
297,299.907230,10
298,300.287000,11
299,300.285840,8
300,300.803470,14
301,300.238150,12
302,300.265130,13
303,299.535880,15
304,300.264140,10
305,300.188600,12
306,300.393470,12
307,299.397900,14
308,300.074690,14
309,300.312680,10
310,299.806100,9
311,300.428680,10
312,299.771720,12
313,300.110220,13
314,300.457320,12
315,299.889450,12
316,299.746250,14
317,300.592390,16
318,299.405250,13
319,299.840150,14
320,300.535610,12
321,299.893360,13
322,300.447320,11
323,300.277940,10
324,300.123010,8
325,299.954940,11
326,300.861180,15
327,300.891810,10
328,300.480510,9
329,299.872390,12
330,299.724630,11
331,300.261700,11
332,299.877730,12
333,299.864570,12
334,300.227840,6
335,300.817620,14
336,300.411950,13
337,299.933450,10
338,299.669850,13
339,300.688240,12
340,300.271700,14
341,300.193300,10
342,300.801320,13
343,300.752770,9
344,301.143030,14
345,300.087860,14
346,300.402150,11
347,300.868030,15
348,300.328360,16
349,300.524710,12
350,300.667220,13
351,300.724750,16
352,300.730180,14
353,301.198010,13
354,300.691700,12
355,300.430590,12
356,300.566500,13
357,300.039530,12
358,301.594920,13
359,300.839050,11
360,300.083970,13
361,299.792550,11
362,300.222610,14
363,300.049230,12
364,300.027920,15
365,299.917110,10
366,300.007430,17
367,300.061200,15
368,299.816860,14
369,299.598850,14
370,300.692330,11
371,299.830240,9
372,299.946590,12
373,300.535800,12
374,299.949310,10
375,300.427610,10
376,300.261690,10
377,300.480170,10
378,300.183380,14
379,299.986430,13
380,300.257620,13
381,300.462660,17
382,300.650760,14
383,300.914010,18
384,299.923270,16
385,300.974620,12
386,301.596280,18
387,301.106440,15
388,300.822160,14
389,299.811070,14
390,299.809920,15
391,300.316020,17
392,300.480370,15
393,300.135540,19
394,300.530250,13
395,299.672280,14
396,300.402860,18
397,299.886760,14
398,299.881040,14
399,300.344290,17
400,298.390590,18
401,299.481960,12
402,299.285730,11
403,300.227450,14
404,299.872840,10
405,299.662640,13
406,299.967590,13
407,299.961720,14
408,299.741750,15
409,298.860500,13
410,299.343320,8
411,298.355590,13
412,298.905920,9
413,299.580070,12
414,299.408030,11
415,299.270080,12
416,299.268050,12
417,298.868570,9
418,299.288990,7
419,298.751300,8
420,300.120480,15
421,299.590130,15
422,299.035020,13
423,299.321460,12
424,299.598700,13
425,300.343290,16
426,300.112730,11
427,300.151610,11
428,299.380450,10
429,299.159450,16
430,299.226150,12
431,298.780460,11
432,298.766160,9
433,299.521460,14
434,298.824930,11
435,299.284590,10
436,299.489710,12
437,299.210600,11
438,298.964980,11
439,298.251180,14
440,298.743490,12
441,298.438780,9
442,298.001980,11
443,297.909190,13
444,299.009960,9
445,298.712590,12
446,298.469440,14
447,298.566410,11
448,298.188870,13
449,298.772930,11
450,299.475880,18
451,298.713000,17
452,298.632110,15
453,298.546990,15
454,299.655410,15
455,298.976700,16
456,298.600770,18
457,299.456820,18
458,298.487940,17
459,299.077700,17
460,299.452780,12
461,299.341470,13
462,299.349850,10
463,298.558750,11
464,298.934370,10
465,299.495220,14
466,299.189290,15
467,299.446070,15
468,298.880380,11
469,299.784990,13
470,299.160240,10
471,299.628720,11
472,299.731900,11
473,299.522780,7
474,298.935470,12
475,299.450290,9
476,299.089270,10
477,299.374480,12
478,299.895090,12
479,299.226330,10
480,299.460240,12
481,298.570730,13
482,300.387980,12
483,299.096160,10
484,299.952760,16
485,299.703290,13
486,299.513090,14
487,299.402100,13
488,299.660720,14
489,298.722590,16
490,299.069040,10
491,298.520830,10
492,298.692760,13
493,299.178360,9
494,298.805070,10
495,299.067940,10
496,299.625880,16
497,298.907200,12
498,299.269960,15
499,298.910690,11
500,298.435250,15
501,298.594760,11
502,298.310610,10
503,298.681730,11
504,298.405590,13
505,298.804250,10
506,298.628650,14
507,298.359310,15
508,298.240980,9
509,298.968720,14
510,299.806710,14
511,300.478640,17
512,300.207630,14
513,298.500490,13
514,299.655030,14
515,298.860850,14
516,300.161600,15
517,299.456370,15
518,300.067490,14
519,300.349810,15
520,300.648720,12
521,300.168830,12
522,300.094630,12
523,300.815230,12
524,300.544220,11
525,300.736640,13
526,300.678620,10
527,300.726030,12
528,300.291160,15
529,300.587560,12
530,300.349640,15
531,299.422590,12
532,300.412330,11
533,299.659440,14
534,300.054480,14
535,300.076690,11
536,300.189450,13
537,299.772550,9
538,300.093100,12
539,299.982240,12
540,299.920520,11
541,299.251930,8
542,299.762250,7
543,299.421990,9
544,299.699550,9
545,299.229850,11
546,299.430350,12
547,299.990960,10
548,299.265000,14
549,299.577630,11
550,298.874010,16
551,299.184940,11
552,299.136940,15
553,299.376910,11
554,298.860200,16
555,299.076120,13
556,299.228420,13
557,299.042270,14
558,298.995180,14
559,299.346090,12
560,299.522760,7
561,299.210110,8
562,299.025260,7
563,299.140840,10
564,299.278760,13
565,299.498030,9
566,299.994630,12
567,299.192240,10
568,299.587820,8
569,298.785110,11
570,299.382830,13
571,298.393300,15
572,298.775010,15
573,298.542730,9
574,298.470390,15
575,298.482730,13
576,299.653730,14
577,298.833580,15
578,298.168930,14
579,299.038940,12
580,298.323160,14
581,298.651750,14
582,298.723090,12
583,298.552380,10
584,298.593370,14
585,298.649200,9
586,299.213610,11
587,298.966910,10
588,298.652310,10
589,299.131980,16
590,299.233130,19
591,300.072450,16
592,299.487140,15
593,299.564630,20
594,300.029960,18
595,299.863470,17
596,299.225280,13
597,299.505060,17
598,299.732560,16
599,299.102860,15
600,299.325150,10
601,298.367890,14
602,298.977360,10
603,299.651170,12
604,299.243850,11
605,298.994190,7
606,299.013150,7
607,298.904380,14
608,299.391920,10
609,299.803140,13
610,298.712380,11
611,298.998670,13
612,299.351950,13
613,299.847700,15
614,299.196430,10
615,299.228610,11
616,299.127220,8
617,298.898620,11
618,299.091980,13
619,299.136230,12
620,299.732720,12
621,299.664370,10
622,299.230300,9
623,299.527760,11
624,299.349370,12
625,299.114340,11
626,299.020910,11
627,298.685460,11
628,298.925470,12
629,298.826610,12
630,299.161140,12
631,299.616560,13
632,298.799150,14
633,299.368770,13
634,299.856460,9
635,299.555450,9
636,299.083030,11
637,299.375510,9
638,298.977510,11
639,299.197000,10
640,299.920830,15
641,299.173320,11
642,299.340360,12
643,298.982390,18
644,299.055790,11
645,298.495950,14
646,299.600670,13
647,298.890090,12
648,298.378990,17
649,299.055530,11
650,299.059250,14
651,298.760990,15
652,298.815010,14
653,298.271370,15
654,298.517180,12
655,298.740200,12
656,299.094050,14
657,299.237670,12
658,298.187420,14
659,298.013040,16
660,298.956100,10
661,298.401560,12
662,299.272200,8
663,298.588400,10
664,299.298260,9
665,298.934010,10
666,298.855790,8
667,298.451600,11
668,298.515890,13
669,298.925120,12
670,299.509610,15
671,298.825200,13
672,298.809550,13
673,298.544170,13
674,299.168830,13
675,298.143430,17
676,298.743740,12
677,299.650850,14
678,299.422810,16
679,298.596650,13
680,299.647680,17
681,299.995010,15
682,299.038100,18
683,300.420700,17
684,299.974100,17
685,299.112620,15
686,299.440140,16
687,299.982280,15
688,299.407160,17
689,300.121450,18
690,300.501140,11
691,300.426670,12
692,300.540020,13
693,300.323570,10
694,300.300660,14
695,300.621540,9
696,300.591040,12
697,300.890250,12
698,301.039270,12
699,300.595070,8
700,300.740460,12
701,300.183570,17
702,300.664550,11
703,300.313470,13
704,300.804630,13
705,300.333530,14
706,300.577140,14
707,300.525150,15
708,300.182670,12
709,300.495520,12
710,300.166740,13
711,300.633100,13
712,300.259270,9
713,299.752490,15
714,300.406900,10
715,300.709120,11
716,301.068570,14
717,300.651960,12
718,300.872770,11
719,300.237370,13
720,300.058390,11
721,299.769460,11
722,299.670930,13
723,299.784540,10
724,299.727320,9
725,299.968450,9
726,299.212240,10
727,300.214730,11
728,300.121240,9
729,299.986950,12
730,299.748700,14
731,299.442640,12
732,299.281630,12
733,299.828080,14
734,299.714070,14
735,299.627740,11
736,298.963510,16
737,299.522420,15
738,299.417130,15
739,299.276790,18
740,300.290020,8
741,300.080020,14
742,300.318410,9
743,300.482170,12
744,300.167440,8
745,299.733020,12
746,300.488100,11
747,300.176320,15
748,299.662500,10
749,299.451800,13
750,300.642960,12
751,300.438410,12
752,300.992590,13
753,300.177810,8
754,299.721290,11
755,299.500200,13
756,299.903090,12
757,300.016930,10
758,300.640000,9
759,300.341390,13
760,300.159420,13
761,300.328750,14
762,299.962680,11
763,299.097810,15
764,299.210380,16
765,299.964940,13
766,299.525050,13
767,299.773990,12
768,299.794590,12
769,299.332430,16
770,298.824130,14
771,299.937040,13
772,299.126500,14
773,299.702300,15
774,300.086260,13
775,300.123860,14
776,299.778000,14
777,299.427980,15
778,299.593300,13
779,300.081400,11
780,300.090890,12
781,300.036220,14
782,300.132210,12
783,300.749650,18
784,299.927500,15
785,300.123680,18
786,300.547850,16
787,300.234480,16
788,300.261140,14
789,299.879310,14
790,300.464150,20
791,299.859610,16
792,300.734350,18
793,299.965580,19
794,300.779140,17
795,300.475180,19
796,300.451220,15
797,299.669970,16
798,299.955580,18
799,300.089710,14
800,299.945760,12
801,299.529930,12
802,299.318320,11
803,300.543930,12
804,299.336610,13
805,299.632450,11
806,299.286600,12
807,299.959130,13
808,299.860810,14
809,299.583180,13
810,299.986060,14
811,299.499880,12
812,298.482820,13
813,298.896510,12
814,299.584340,12
815,298.603100,12
816,298.831220,13
817,299.379060,12
818,299.080900,10
819,299.056190,16
820,299.160450,14
821,299.174980,12
822,299.017980,14
823,298.749610,15
824,298.660560,16
825,298.418100,13
826,299.219760,11
827,298.615080,15
828,299.059620,9
829,299.621650,13
830,298.951290,10
831,299.061670,12
832,298.619650,10
833,298.690010,13
834,298.645520,12
835,298.901670,13
836,299.028890,12
837,297.684120,9
838,298.520000,13
839,298.224820,10
840,297.589110,12
841,299.204390,12
842,298.074870,12
843,297.929110,11
844,298.796590,10
845,298.065580,11
846,298.033930,10
847,298.349190,12
848,297.769600,14
849,298.166500,17
850,298.196220,14
851,298.776550,15
852,298.669390,14
853,298.380020,14
854,298.493350,18
855,298.097050,12
856,298.115220,13
857,297.885170,9
858,298.605420,14
859,297.759840,13
860,298.354870,15
861,298.208630,13
862,296.969090,12
863,297.578050,16
864,298.492410,10
865,298.024900,12
866,298.498410,14
867,298.310160,13
868,297.915220,11
869,298.197250,13
870,298.311210,10
871,298.202770,14
872,297.956690,14
873,297.849230,13
874,297.535320,14
875,298.454750,16
876,298.168770,14
877,297.851000,13
878,298.344140,10
879,297.242240,13
880,297.372690,15
881,297.735820,15
882,298.030820,15
883,297.919870,13
884,297.834220,10
885,298.014150,15
886,298.205390,12
887,298.241920,13
888,297.637160,14
889,297.492190,14
890,297.424880,7
891,297.908150,6
892,297.692250,7
893,297.324490,9
894,297.777420,8
895,297.664170,6
896,297.667590,7
897,298.323390,10
898,297.888540,7
899,297.598910,10
900,297.512400,12
901,297.489760,12
902,297.688820,11
903,298.222330,11
904,297.621820,14
905,297.162720,11
906,297.527470,9
907,297.908030,10
908,297.975940,11
909,298.315750,12
910,298.130960,15
911,298.764590,9
912,298.442730,14
913,298.179640,14
914,298.495850,13
915,299.003490,10
916,298.130270,16
917,298.056140,14
918,298.490480,11
919,298.650610,14
920,299.149680,15
921,298.150670,16
922,298.469250,18
923,297.723380,15
924,298.251120,15
925,297.968770,12
926,297.866210,20
927,297.829640,14
928,298.759700,16
929,299.273140,18
930,297.904530,11
931,298.556180,13
932,298.726850,16
933,297.687090,16
934,298.053720,11
935,298.464930,13
936,298.413790,12
937,297.635770,15
938,298.444420,13
939,297.856980,15
940,297.875960,14
941,297.546030,14
942,297.663860,13
943,297.442410,12
944,297.087460,13
945,297.191350,16
946,298.028280,15
947,297.891500,11
948,297.176960,13
949,297.285470,12
950,297.459540,11
951,297.545730,14
952,297.657210,14
953,297.292940,13
954,297.959020,17
955,297.426590,15
956,297.548230,14
957,296.611940,17
958,297.854920,16
959,297.440800,13
960,296.082610,12
961,296.918570,15
962,296.510210,15
963,296.729500,12
964,296.495530,13
965,297.398030,11
966,297.676260,13
967,296.395160,12
968,297.197670,16
969,295.836780,17
970,296.591350,9
971,296.689320,13
972,297.027470,7
973,296.861820,11
974,297.359890,12
975,296.440720,10
976,297.107180,11
977,296.885430,11
978,296.822390,10
979,297.324250,11
980,297.153420,13
981,297.660100,15
982,297.018880,14
983,296.795710,13
984,297.645750,15
985,297.569420,14
986,297.801160,12
987,297.402160,11
988,297.561560,13
989,296.915090,14
990,296.664410,15
991,296.158220,17
992,297.091850,14
993,297.040510,15
994,297.759450,19
995,297.839930,18
996,297.588250,15
997,296.888590,16
998,297.206580,13
999,296.289550,16
1000,297.458580,11
1001,297.067220,11
1002,297.090390,11
1003,297.482390,10
1004,298.063620,12
1005,297.059930,10
1006,297.748950,12
1007,297.083800,13
1008,296.186250,13
1009,297.337390,10
1010,297.196670,13
1011,297.441340,13
1012,296.722470,14
1013,296.882840,13
1014,296.859370,12
1015,297.476130,13
1016,297.963370,12
1017,297.947990,16
1018,297.969270,14
1019,297.049680,15
1020,296.600070,15
1021,297.106070,19
1022,297.033940,17
1023,297.984900,19
1024,297.850300,16
1025,297.187700,15
1026,297.170980,15
1027,298.032880,16
1028,296.695930,18
1029,297.542420,14
1030,297.194640,15
1031,298.181160,18
1032,296.936340,16
1033,298.041460,17
1034,297.255720,13
1035,296.173220,17
1036,297.187610,16
1037,297.095030,17
1038,296.298060,14
1039,297.576050,15
1040,297.145900,15
1041,296.635340,16
1042,296.159670,17
1043,297.219620,14
1044,297.380600,17
1045,297.392970,16
1046,296.958080,15
1047,297.067690,16
1048,296.541490,16
1049,297.647500,19
1050,297.621180,11
1051,297.673020,11
1052,297.222910,8
1053,296.659100,11
1054,297.034500,12
1055,296.933500,14
1056,297.872470,9
1057,297.031300,9
1058,296.560580,11
1059,296.744650,10
1060,296.781280,12
1061,297.282500,13
1062,297.312410,17
1063,296.844750,12
1064,297.031490,14
1065,297.287110,15
1066,296.384790,14
1067,296.164620,11
1068,295.862380,12
1069,297.863070,17
1070,298.136960,13
1071,297.923130,12
1072,298.066620,13
1073,297.557850,14
1074,297.517690,15
1075,297.602960,16
1076,296.877440,14
1077,298.037190,15
1078,297.932070,13
1079,297.584130,13
1080,297.954610,11
1081,297.723640,11
1082,298.069460,11
1083,297.566630,10
1084,298.561020,14
1085,297.734580,13
1086,297.795990,12
1087,297.794820,12
1088,297.995750,12
1089,297.310920,13
1090,298.046370,12
1091,297.637530,16
1092,298.049280,13
1093,298.525670,11
1094,298.766330,14
1095,298.142200,11
1096,298.065090,13
1097,297.470300,12
1098,298.405200,16
1099,298.594880,11
1100,298.135590,14
1101,297.783710,16
1102,298.487380,12
1103,297.804130,12
1104,298.434770,13
1105,298.691490,16
1106,298.933920,14
1107,298.012550,17
1108,297.799280,16
1109,298.211120,14
1110,297.868210,15
1111,298.054240,16
1112,297.103890,16
1113,298.509030,16
1114,297.849220,15
1115,297.582470,16
1116,297.874740,17
1117,297.899090,11
1118,297.832900,13
1119,297.763440,17
1120,298.179320,12
1121,298.550640,16
1122,298.327860,13
1123,297.986260,7
1124,298.801100,12
1125,299.038720,9
1126,298.526090,12
1127,297.885410,9
1128,298.051920,13
1129,298.139610,11
1130,298.286370,13
1131,298.090670,11
1132,297.895910,11
1133,298.328650,10
1134,297.834180,14
1135,297.648570,16
1136,298.382880,14
1137,298.250670,13
1138,297.319830,16
1139,298.240900,14
1140,298.440430,15
1141,298.471990,15
1142,298.873270,14
1143,298.628710,15
1144,298.707210,17
1145,297.919730,13
1146,298.862670,14
1147,298.860340,16
1148,298.740010,16
1149,298.579920,12
1150,298.337790,13
1151,298.820840,14
1152,298.861270,16
1153,298.674900,10
1154,298.299080,15
1155,298.448760,11
1156,298.876920,11
1157,298.231490,16
1158,299.055670,14
1159,299.269690,10
1160,299.859090,18
1161,298.745060,15
1162,299.475530,12
1163,299.364300,16
1164,299.395030,15
1165,299.458790,11
1166,299.359290,14
1167,299.339370,15
1168,299.252530,15
1169,299.694280,13
1170,300.212920,10
1171,299.139110,12
1172,299.710440,10
1173,300.388400,14
1174,300.473450,16
1175,299.357690,13
1176,300.382960,12
1177,300.121790,15
1178,299.476730,13
1179,299.625110,11
1180,299.156410,10
1181,299.111340,14
1182,299.704990,18
1183,298.720280,13
1184,298.917570,12
1185,299.116100,14
1186,299.370670,14
1187,299.486680,11
1188,299.548240,15
1189,298.872920,12
1190,298.794100,14
1191,298.937090,15
1192,299.592650,14
1193,299.672230,13
1194,299.033760,10
1195,298.912980,12
1196,299.150580,14
1197,299.562220,15
1198,298.917870,13
1199,299.399520,17
1200,298.508480,12
1201,298.820960,18
1202,298.778740,13
1203,299.072840,14
1204,299.116680,12
1205,298.661250,15
1206,299.530500,12
1207,299.030210,13
1208,298.819040,13
1209,299.263030,13
1210,299.935040,12
1211,299.689420,12
1212,299.425820,13
1213,299.448200,10
1214,298.347680,9
1215,298.937780,10
1216,298.660120,13
1217,299.998820,13
1218,298.671180,10
1219,299.674970,9
1220,299.006950,15
1221,298.554360,13
1222,298.161220,12
1223,298.521330,12
1224,298.399490,15
1225,298.650200,15
1226,298.726710,14
1227,299.054780,10
1228,298.779950,14
1229,299.449000,17
1230,300.231150,12
1231,300.303910,12
1232,300.441460,10
1233,300.473500,13
1234,299.991790,10
1235,300.143960,15
1236,300.512430,9
1237,300.572080,12
1238,300.114340,12
1239,300.352720,11
1240,300.209450,15
1241,299.748760,13
1242,299.884070,16
1243,299.702400,12
1244,299.717580,14
1245,299.929900,11
1246,299.868770,14
1247,299.382250,11
1248,299.631500,13
1249,299.222110,13
1250,299.473360,14
1251,299.542000,13
1252,300.372480,14
1253,299.506190,12
1254,300.117170,18
1255,299.114080,14
1256,299.294040,17
1257,299.401200,16
1258,299.461460,11
1259,299.970180,16
1260,300.344430,16
1261,299.903570,14
1262,299.165050,19
1263,300.187660,17
1264,299.094030,16
1265,300.532320,15
1266,300.083160,14
1267,299.519130,16
1268,300.145760,17
1269,299.421970,15
1270,299.511190,14
1271,298.733470,14
1272,299.778090,11
1273,298.720560,16
1274,298.749760,14
1275,299.026030,12
1276,299.582850,15
1277,298.805470,15
1278,299.554110,13
1279,299.833230,16
1280,298.938890,13
1281,298.870600,11
1282,298.832340,11
1283,298.598070,12
1284,299.331970,10
1285,298.910170,13
1286,298.713330,12
1287,299.288920,8
1288,299.411040,12
1289,299.503950,10
1290,299.610510,14
1291,299.812010,15
1292,299.848340,17
1293,299.432820,16
1294,299.163030,14
1295,299.694490,14
1296,299.354070,12
1297,299.473920,12
1298,299.675520,14
1299,299.653100,15
1300,300.009950,12
1301,300.417310,15
1302,299.896710,14
1303,299.257690,11
1304,299.779280,9
1305,299.633910,9
1306,299.299280,13
1307,300.008110,12
1308,299.379720,9
1309,299.510970,8
1310,300.654850,14
1311,299.838770,8
1312,299.524460,12
1313,299.823190,10
1314,299.491520,11
1315,299.528480,11
1316,300.331760,8
1317,299.765300,10
1318,299.523320,11
1319,299.728060,7
1320,299.578820,15
1321,300.446700,10
1322,299.698150,14
1323,300.292740,14
1324,300.080340,14
1325,299.859220,12
1326,299.855490,11
1327,299.644360,14
1328,299.003800,17
1329,300.828190,10
1330,300.928010,14
1331,300.457240,12
1332,301.145750,13
1333,300.660590,13
1334,300.034770,11
1335,300.936710,14
1336,300.484840,13
1337,300.698180,11
1338,300.522170,14
1339,301.031590,16
1340,301.279880,14
1341,300.516340,16
1342,299.706550,16
1343,300.763930,13
1344,301.483940,13
1345,300.994470,12
1346,300.140040,18
1347,300.663950,15
1348,300.367280,15
1349,301.021720,18
1350,301.201690,10
1351,301.148920,15
1352,300.497420,12
1353,301.181820,13
1354,300.312060,10
1355,300.447560,13
1356,299.995150,8
1357,300.568390,11
1358,300.550710,16
1359,300.427840,12
1360,300.405870,9
1361,300.601500,8
1362,300.579780,11
1363,301.087180,11
1364,300.622150,9
1365,300.142250,15
1366,300.944440,12
1367,300.430960,11
1368,300.464650,12
1369,300.911130,9
1370,300.705490,13
1371,300.867730,13
1372,300.761730,14
1373,301.209000,12
1374,300.721440,15
1375,300.705150,14
1376,300.383080,11
1377,300.078840,12
1378,301.102150,11
1379,301.062390,10
1380,300.462210,13
1381,301.075860,17
1382,300.585570,11
1383,300.554940,13
1384,300.743710,13
1385,301.004740,15
1386,301.315840,14
1387,301.414080,13
1388,300.870190,12
1389,301.237880,11
1390,299.815950,15
1391,300.175330,18
1392,300.430120,15
1393,300.329920,15
1394,300.748310,15
1395,299.561660,15
1396,300.529410,14
1397,301.049780,14
1398,300.169580,15
1399,299.532440,14
1400,300.051760,11
1401,300.394780,14
1402,299.929290,10
1403,300.623140,12
1404,299.781920,11
1405,300.372580,12
1406,299.571830,14
1407,300.120550,13
1408,299.368450,13
1409,300.481690,13
1410,300.259590,15
1411,299.898950,11
1412,300.655940,16
1413,299.941200,13
1414,300.021620,12
1415,299.640960,11
1416,299.410370,16
1417,300.501090,12
1418,300.288220,13
1419,299.475250,14
1420,300.408400,11
1421,300.074660,12
1422,300.035720,9
1423,300.217110,10
1424,299.866150,13
1425,299.824980,12
1426,300.099050,9
1427,300.464890,13
1428,299.499410,14
1429,300.917820,11
1430,300.502680,7
1431,300.805570,13
1432,300.901610,12
1433,299.987490,11
1434,300.166550,9
1435,300.522230,12
1436,299.798200,14
1437,300.491180,13
1438,300.635600,14
1439,300.570060,12
1440,300.282250,10
1441,300.066010,13
1442,300.701860,9
1443,301.227220,12
1444,300.461600,12
1445,300.004180,7
1446,301.004200,11
1447,300.450820,12
1448,300.631640,12
1449,300.908240,15
1450,300.918630,7
1451,300.443620,12
1452,300.822460,11
1453,300.429590,9
1454,300.656110,10
1455,300.075640,11
1456,300.517600,7
1457,300.869570,11
1458,300.486620,13
1459,300.951580,7
1460,300.382280,13
1461,299.859950,13
1462,301.108830,14
1463,300.360020,15
1464,300.238820,14
1465,300.381680,11
1466,300.630930,12
1467,300.275430,11
1468,300.659470,15
1469,301.229400,15
1470,300.389670,11
1471,300.573760,10
1472,300.199300,13
1473,300.189670,12
1474,300.036610,14
1475,300.359500,14
1476,300.896410,15
1477,300.938480,11
1478,300.850170,10
1479,300.517100,11
1480,300.474270,11
1481,300.414600,14
1482,301.126320,17
1483,301.398700,12
1484,300.719370,12
1485,300.480450,14
1486,300.466870,12
1487,299.536470,12
1488,300.377490,11
1489,301.362510,16
1490,301.150000,14
1491,301.328470,9
1492,300.715080,12
1493,301.331980,13
1494,300.864850,12
1495,301.019060,8
1496,301.597870,13
1497,300.105770,17
1498,301.591400,13
1499,300.695250,15
1500,300.337840,13
1501,300.790520,12
1502,300.949320,12
1503,300.555420,13
1504,301.158220,13
1505,301.360340,14
1506,300.569580,13
1507,301.066560,7
1508,301.231610,13
1509,301.182410,10
1510,301.191840,11
1511,300.837880,9
1512,300.382240,10
1513,300.488530,11
1514,300.953630,12
1515,301.410370,10
1516,300.501060,11
1517,300.679660,12
1518,300.435260,8
1519,300.357560,12
1520,300.778460,8
1521,300.660490,10
1522,300.329620,11
1523,300.420050,9
1524,300.546780,11
1525,301.093050,8
1526,300.918170,7
1527,300.337290,8
1528,301.186890,9
1529,300.457230,7
1530,300.628270,15
1531,299.911070,16
1532,300.879920,11
1533,300.108670,15
1534,300.386700,13
1535,300.672020,16
1536,300.756100,11
1537,301.472800,16
1538,300.468790,10
1539,300.215460,13
1540,300.445500,10
1541,300.433980,14
1542,300.149460,12
1543,300.573030,12
1544,301.693130,16
1545,300.237880,14
1546,300.118260,16
1547,300.971740,9
1548,300.622820,14
1549,301.294920,16
1550,300.110110,14
1551,300.321270,11
1552,300.267480,17
1553,300.008400,13
1554,301.808880,10
1555,299.900040,13
1556,300.701390,11
1557,300.707540,12
1558,300.333480,13
1559,300.273160,13
1560,299.816680,13
1561,300.384980,12
1562,300.595830,10
1563,300.152380,11
1564,300.544880,11
1565,300.573750,9
1566,300.432490,11
1567,299.929040,6
1568,299.551960,13
1569,300.515380,11
1570,300.736310,13
1571,299.752020,11
1572,300.702730,12
1573,300.747760,12
1574,300.780970,13
1575,300.420420,11
1576,299.886180,14
1577,300.065990,14
1578,300.036580,14
1579,300.814230,10
1580,300.399020,13
1581,300.265340,9
1582,299.841570,12
1583,299.988050,11
1584,300.171490,13
1585,300.068560,14
1586,300.298360,10
1587,300.754010,16
1588,300.250980,11
1589,300.679350,13
1590,300.875470,12
1591,300.870560,16
1592,300.229900,12
1593,301.256750,15
1594,300.398870,13
1595,300.711890,10
1596,300.817140,13
1597,300.881260,12
1598,301.160840,17
1599,300.007800,12
1600,300.107860,12
1601,300.113460,17
1602,300.040570,12
1603,299.890170,13
1604,300.671980,14
1605,299.743960,15
1606,299.832510,15
1607,299.679920,12
1608,299.196170,13
1609,300.194320,13
1610,301.459940,11
1611,300.711110,15
1612,301.522430,10
1613,301.898930,12
1614,301.818910,10
1615,301.028730,10
1616,301.454280,16
1617,301.961590,9
1618,301.207340,7
1619,301.044420,7
1620,300.713010,15
1621,301.201910,15
1622,300.972520,14
1623,301.172250,17
1624,300.545120,14
1625,301.218970,19
1626,300.955170,13
1627,301.491380,15
1628,299.910760,20
1629,300.583060,12
1630,299.983850,19
1631,300.503500,13
1632,300.055700,13
1633,299.610770,12
1634,299.871100,14
1635,299.929730,14
1636,300.575590,15
1637,300.224840,12
1638,300.207300,14
1639,300.424060,15
1640,300.408040,13
1641,300.471220,13
1642,299.636500,15
1643,299.988770,15
1644,300.614660,14
1645,299.869080,13
1646,300.273970,15
1647,300.190910,13
1648,300.291270,15
1649,301.002300,15
1650,301.162860,8
1651,300.574300,14
1652,301.250850,15
1653,301.195850,12
1654,301.618790,11
1655,300.579900,13
1656,301.269340,14
1657,300.744440,12
1658,301.110370,12
1659,301.012060,10
1660,300.940120,12
1661,301.451770,13
1662,301.288340,9
1663,300.652250,12
1664,301.286370,14
1665,300.945970,8
1666,300.738760,10
1667,300.696280,11
1668,300.925820,9
1669,301.121450,10
1670,300.615690,11
1671,300.045160,11
1672,301.543580,15
1673,300.713500,11
1674,301.298840,17
1675,300.486450,11
1676,300.356000,15
1677,300.006320,11
1678,300.533870,13
1679,300.417010,13
1680,300.711580,16
1681,300.605700,16
1682,300.526680,14
1683,301.104750,19
1684,300.805540,14
1685,300.016830,12
1686,299.631010,14
1687,300.611100,12
1688,300.322770,8
1689,299.768120,14
1690,299.627530,14
1691,299.624700,14
1692,299.825520,13
1693,299.879480,18
1694,299.353830,16
1695,299.579560,14
1696,299.681980,18
1697,300.072060,8
1698,299.418490,19
1699,299.502580,12
1700,300.368140,14
1701,300.337250,11
1702,299.485750,12
1703,299.659660,12
1704,300.420140,12
1705,300.443200,14
1706,299.352970,13
1707,300.132860,11
1708,299.608590,13
1709,299.575500,14
1710,299.537470,11
1711,299.624780,11
1712,299.904710,12
1713,300.307440,9
1714,299.841140,13
1715,299.914080,10
1716,299.950900,9
1717,299.954260,15
1718,300.656080,13
1719,299.544560,10
1720,298.357140,13
1721,299.659810,11
1722,299.157130,14
1723,298.956410,12
1724,299.668510,13
1725,299.604090,17
1726,299.815410,18
1727,299.410020,9
1728,298.749280,17
1729,299.595020,12
1730,299.812590,12
1731,299.222550,9
1732,299.492360,12
1733,300.027310,14
1734,299.634160,9
1735,299.538510,8
1736,299.063320,14
1737,299.286800,10
1738,299.959840,11
1739,299.295320,12
1740,300.308080,12
1741,299.274140,12
1742,299.393590,15
1743,298.999360,13
1744,299.675440,12
1745,300.286740,14
1746,300.097840,13
1747,299.991440,15
1748,298.911850,13
1749,299.573510,15
1750,299.628290,16
1751,299.486830,13
1752,299.622810,13
1753,299.476990,16
1754,299.546360,15
1755,299.594080,10
1756,299.758010,14
1757,299.507580,14
1758,299.578650,16
1759,300.227710,11
1760,299.030730,13
1761,299.518260,14
1762,298.714540,13
1763,299.626880,13
1764,298.936190,11
1765,299.043230,12
1766,299.321880,11
1767,298.399250,15
1768,298.674740,13
1769,299.578580,12
1770,298.559360,13
1771,299.240200,14
1772,298.771130,10
1773,298.672470,11
1774,298.388260,13
1775,298.816140,13
1776,298.812140,11
1777,299.053130,9
1778,298.517370,14
1779,298.924620,10
1780,298.734830,16
1781,298.507850,15
1782,299.435210,14
1783,298.594780,12
1784,298.855360,11
1785,298.545930,12
1786,299.393760,13
1787,298.880560,13
1788,298.915520,16
1789,299.259240,16
1790,298.814680,15
1791,299.189920,12
1792,299.079100,13
1793,298.294040,16
1794,298.804640,15
1795,298.651080,13
1796,298.698130,15
1797,299.470260,10
1798,299.393140,13
1799,299.319690,13
1800,299.207960,12
1801,298.921380,12
1802,298.813120,12
1803,298.883450,16
1804,299.224070,14
1805,299.264030,16
1806,299.649050,15
1807,299.401970,19
1808,299.113650,13
1809,299.020960,15
1810,299.461970,12
1811,299.035160,12
1812,299.544480,17
1813,299.649720,15
1814,299.257770,13
1815,298.651240,16
1816,299.278430,15
1817,298.494790,15
1818,299.236000,13
1819,300.046040,13
1820,300.101410,13
1821,299.603790,10
1822,298.804930,12
1823,298.635300,12
1824,300.046140,15
1825,299.205660,13
1826,299.050620,14
1827,299.081390,14
1828,299.343240,11
1829,299.418370,12
1830,299.625350,12
1831,299.531810,11
1832,299.177010,11
1833,299.845510,10
1834,299.760030,11
1835,299.609540,8
1836,299.583520,7
1837,299.751390,12
1838,300.084640,12
1839,299.646150,10
1840,299.752090,11
1841,299.965060,13
1842,299.788230,13
1843,300.098640,12
1844,299.863740,15
1845,300.095390,14
1846,299.439260,12
1847,299.275630,14
1848,299.767830,9
1849,299.281620,12
1850,300.695300,13
1851,299.593870,15
1852,300.124220,12
1853,299.655910,15
1854,300.419230,13
1855,300.143380,11
1856,299.717420,12
1857,299.804220,11
1858,298.873020,16
1859,299.692470,14
1860,299.899200,10
1861,299.549960,10
1862,299.443970,16
1863,300.966980,12
1864,299.895570,12
1865,300.542430,13
1866,300.087040,13
1867,299.504030,15
1868,299.920540,14
1869,300.490720,10
1870,300.579100,13
1871,300.013250,14
1872,299.679300,11
1873,299.923710,11
1874,300.049060,14
1875,299.290860,14
1876,299.654620,12
1877,300.044310,11
1878,299.424360,14
1879,300.510770,14
1880,299.925640,11
1881,299.877910,11
1882,299.538190,12
1883,299.694690,10
1884,299.438010,12
1885,299.236480,11
1886,299.037380,8
1887,299.220040,11
1888,299.452190,16
1889,299.404920,10
1890,299.408110,15
1891,299.344010,16
1892,298.828520,12
1893,298.520830,15
1894,298.828390,12
1895,299.350260,14
1896,300.178640,17
1897,299.897170,13
1898,299.075800,13
1899,299.429050,10
1900,299.361550,11
1901,299.402960,10
1902,299.376270,11
1903,299.581990,14
1904,299.022610,11
1905,300.357210,11
1906,299.448910,8
1907,299.998940,10
1908,299.496530,10
1909,299.491760,11
1910,299.886060,13
1911,299.208950,11
1912,299.243240,12
1913,299.997870,12
1914,298.905160,14
1915,299.306480,12
1916,299.369850,12
1917,299.621150,12
1918,298.967010,12
1919,299.937830,15
1920,299.463900,17
1921,299.580180,13
1922,299.459690,16
1923,299.371430,13
1924,298.872090,15
1925,299.220300,14
1926,299.056130,12
1927,299.784730,17
1928,299.053540,13
1929,298.856900,13
1930,299.025510,12
1931,298.799310,12
1932,299.998390,14
1933,299.605670,13
1934,299.696970,12
1935,299.154520,14
1936,298.584420,14
1937,298.732510,13
1938,299.130180,17
1939,299.683990,18
1940,298.981850,14
1941,298.685940,14
1942,299.466010,14
1943,299.469390,14
1944,298.667990,14
1945,298.412860,16
1946,298.879150,13
1947,298.634100,14
1948,298.701460,13
1949,298.709810,14
1950,298.179690,13
1951,297.740800,13
1952,297.786220,16
1953,297.990730,13
1954,298.574980,11
1955,298.488070,13
1956,298.252760,13
1957,298.436650,12
1958,298.370150,17
1959,297.856230,13
1960,297.605790,11
1961,297.852380,12
1962,297.719400,10
1963,297.456230,9
1964,297.701130,8
1965,297.308040,7
1966,297.641910,10
1967,297.750800,11
1968,297.105300,15
1969,297.679690,9
1970,296.456010,11
1971,297.717740,8
1972,297.023850,14
1973,297.867160,12
1974,297.399120,9
1975,297.257240,14
1976,297.393650,13
1977,297.513620,10
1978,297.366300,9
1979,297.045420,11
1980,296.940010,16
1981,296.781610,15
1982,297.062260,14
1983,296.738810,15
1984,297.760380,16
1985,296.990320,14
1986,296.790580,12
1987,296.845380,16
1988,296.783050,15
1989,296.899950,14
1990,296.914000,11
1991,296.774980,12
1992,296.870160,11
1993,297.129490,9
1994,297.124000,8
1995,297.190580,11
1996,297.155790,14
1997,296.658900,9
1998,297.280170,14
1999,297.619910,11
2000,296.907850,12
2001,297.090820,12
2002,296.832990,10
2003,297.057300,11
2004,296.558330,9
2005,297.092540,12
2006,296.324200,13
2007,296.812200,8
2008,296.361960,11
2009,297.551690,10
2010,297.349780,12
2011,296.953400,11
2012,297.587260,10
2013,296.839210,10
2014,297.128020,7
2015,297.311550,12
2016,297.110410,10
2017,297.151310,11
2018,296.810410,14
2019,296.988230,11
2020,297.235270,15
2021,298.065100,12
2022,298.028400,13
2023,298.273120,13
2024,297.343770,15
2025,298.502280,15
2026,298.575040,13
2027,297.228320,14
2028,298.373650,15
2029,299.174050,17
2030,298.962180,14
2031,299.013680,12
2032,298.770090,15
2033,299.114970,14
2034,298.431220,14
2035,298.810410,12
2036,299.065060,10
2037,297.997270,11
2038,297.996280,13
2039,297.792810,15
2040,299.456110,12
2041,298.737310,15
2042,299.222190,9
2043,298.809380,14
2044,300.104330,17
2045,299.127040,12
2046,299.379640,18
2047,299.355370,10
2048,299.325770,14
2049,299.195180,10
2050,299.374850,10
2051,298.965670,15
2052,299.782550,10
2053,299.703520,9
2054,299.263030,13
2055,299.777960,12
2056,300.166820,11
2057,299.235520,10
2058,299.495660,11
2059,299.160450,10
2060,298.995680,11
2061,299.708710,12
2062,299.592830,15
2063,299.809090,13
2064,298.959470,12
2065,300.064410,12
2066,300.476300,15
2067,300.093330,10
2068,299.793500,13
2069,300.414250,13
2070,299.904250,11
2071,300.043000,10
2072,299.465520,14
2073,300.375190,14
2074,299.263900,12
2075,299.683450,12
2076,299.738970,15
2077,300.448990,10
2078,300.224230,12
2079,299.542710,13
2080,299.317970,12
2081,298.885940,14
2082,299.459600,15
2083,300.148040,12
2084,299.283530,11
2085,299.425960,14
2086,299.857920,15
2087,300.466660,13
2088,299.980100,13
2089,300.089660,14
2090,299.979980,12
2091,300.186110,13
2092,300.472540,12
2093,300.024480,11
2094,300.419560,12
2095,299.764670,13
2096,301.110650,12
2097,300.872410,15
2098,300.162930,13
2099,300.728280,13
2100,300.702090,8
2101,300.817460,9
2102,300.671730,8
2103,301.273000,13
2104,300.056920,9
2105,300.295440,9
2106,301.090500,12
2107,300.225690,10
2108,300.125240,13
2109,300.085930,10
2110,300.131800,11
2111,299.420250,11
2112,299.775590,12
2113,299.995370,11
2114,299.396850,13
2115,299.555060,12
2116,299.898170,10
2117,299.347950,14
2118,300.147870,14
2119,299.409170,9
2120,299.757490,10
2121,299.462390,10
2122,299.122820,13
2123,299.513770,9
2124,299.280030,9
2125,299.179160,10
2126,299.760730,10
2127,300.254660,12
2128,298.935010,11
2129,299.769400,11
2130,300.064030,6
2131,299.439840,8
2132,299.228110,7
2133,300.225050,10
2134,299.474460,11
2135,299.520180,9
2136,299.631090,10
2137,298.720350,12
2138,299.515600,6
2139,299.833770,10
2140,300.358670,14
2141,298.879450,17
2142,299.896150,14
2143,299.692810,18
2144,299.290630,18
2145,299.953490,15
2146,299.781560,16
2147,300.450130,14
2148,300.363780,17
2149,300.245950,15
2150,300.925550,12
2151,300.271260,11
2152,299.941580,13
2153,300.307070,11
2154,299.906860,10
2155,300.083380,14
2156,300.192410,10
2157,299.736710,14
2158,300.191230,12
2159,299.605450,14
2160,299.583100,14
2161,299.210700,13
2162,299.231150,15
2163,300.238170,15
2164,300.351040,17
2165,299.764540,14
2166,299.170960,14
2167,299.061330,13
2168,299.190820,14
2169,299.621560,13
2170,299.718340,13
2171,299.775050,13
2172,299.774980,13
2173,299.540530,13
2174,300.072260,13
2175,299.686720,14
2176,299.320710,18
2177,300.003500,14
2178,299.116010,13
2179,299.874410,15
2180,300.237620,13
2181,299.284390,14
2182,299.413940,15
2183,299.459300,14
2184,299.115080,14
2185,298.860110,12
2186,299.465880,10
2187,299.374040,14
2188,299.164630,10
2189,299.238660,14
2190,298.756540,12
2191,298.928870,10
2192,298.933440,10
2193,298.914410,11
2194,298.327770,14
2195,298.985480,11
2196,299.686960,12
2197,298.946350,9
2198,298.813920,14
2199,298.510620,9
2200,299.576780,8
2201,300.110850,11
2202,298.967250,11
2203,299.972410,8
2204,299.218090,12
2205,299.322690,11
2206,300.045130,13
2207,299.200340,10
2208,299.284840,12
2209,300.251810,11
2210,300.633480,10
2211,299.823730,13
2212,300.088940,10
2213,300.053330,9
2214,300.580750,16
2215,299.610520,12
2216,300.273660,11
2217,299.682820,10
2218,300.238410,12
2219,299.487020,13
2220,300.528410,13
2221,300.285150,13
2222,300.461940,11
2223,300.010580,9
2224,299.836530,13
2225,299.786490,13
2226,300.671080,13
2227,300.404340,11
2228,300.588440,11
2229,300.370400,9
2230,300.706090,13
2231,299.742970,14
2232,300.977560,13
2233,301.480180,12
2234,300.580840,14
2235,300.227040,15
2236,300.233390,15
2237,299.820690,15
2238,300.511750,14
2239,301.003660,10
2240,300.079590,14
2241,300.317660,12
2242,300.943720,9
2243,300.911230,10
2244,300.456640,15
2245,300.114570,15
2246,300.961280,10
2247,300.279830,13
2248,300.299920,13
2249,300.582040,11
2250,301.665540,17
2251,300.830110,14
2252,300.792100,10
2253,300.614780,14
2254,300.347840,15
2255,301.274540,13
2256,300.030610,15
2257,300.398040,11
2258,299.902070,15
2259,299.969840,13
2260,299.607610,14
2261,300.188960,11
2262,300.399880,14
2263,300.696490,12
2264,299.669910,16
2265,299.861730,10
2266,299.657840,17
2267,300.156850,12
2268,300.348010,13
2269,300.271740,11
2270,300.028530,15
2271,298.790590,15
2272,300.360210,15
2273,299.294650,14
2274,299.574630,12
2275,300.246460,16
2276,298.980120,15
2277,300.185090,14
2278,300.017380,13
2279,299.678840,15
2280,298.862650,13
2281,299.305690,9
2282,299.043430,10
2283,299.481700,11
2284,299.831250,12
2285,299.758160,10
2286,300.112260,16
2287,299.985400,15
2288,299.560130,11
2289,300.152240,12
2290,300.832970,14
2291,300.419930,15
2292,300.400470,17
2293,300.501250,10
2294,299.961640,17
2295,300.824540,14
2296,300.096310,15
2297,300.188810,14
2298,300.106850,14
2299,299.401320,14
2300,300.190700,7
2301,300.104450,6
2302,300.015750,7
2303,300.311530,6
2304,300.464240,8
2305,300.424070,8
2306,300.010160,8
2307,300.280400,6
2308,300.022690,4
2309,300.506910,8
2310,300.521260,11
2311,300.197640,9
2312,300.641440,10
2313,301.099660,7
2314,300.722580,13
2315,300.978410,10
2316,301.040630,13
2317,300.854630,10
2318,300.307780,12
2319,301.060540,10
2320,301.174170,12
2321,301.513810,12
2322,300.590280,13
2323,301.199770,12
2324,301.567830,12
2325,301.420570,11
2326,301.585860,9
2327,300.507080,16
2328,300.742480,12
2329,301.014140,12
2330,300.931950,12
2331,300.810330,19
2332,300.875710,14
2333,299.951350,16
2334,300.729210,12
2335,300.353870,14
2336,301.148370,12
2337,300.828110,14
2338,300.755560,12
2339,300.192710,14
2340,301.058840,14
2341,301.383280,11
2342,300.471970,15
2343,301.028470,13
2344,301.568670,12
2345,301.010560,12
2346,300.810130,15
2347,300.905620,12
2348,301.347270,13
2349,300.406770,12
2350,300.944560,12
2351,300.725400,14
2352,301.111690,11
2353,301.266370,14
2354,300.919350,15
2355,300.787720,13
2356,300.805250,13
2357,301.044520,13
2358,301.504500,11
2359,300.934710,11
2360,301.090990,12
2361,301.280450,9
2362,301.710070,9
2363,300.833650,14
2364,301.546460,8
2365,301.498210,7
2366,301.569800,12
2367,301.773040,13
2368,301.511440,11
2369,301.428710,13
2370,301.812420,12
2371,302.058710,12
2372,301.608050,11
2373,301.939710,14
2374,301.060520,14
2375,302.119660,15
2376,301.966710,15
2377,301.517090,13
2378,301.420910,11
2379,301.743040,15
2380,301.630670,14
2381,301.357150,13
2382,301.325070,16
2383,301.736290,13
2384,300.618080,18
2385,301.329870,14
2386,300.684080,13
2387,301.758570,16
2388,301.568440,15
2389,301.466810,15
2390,300.723410,13
2391,300.630150,15
2392,301.775450,14
2393,302.071760,16
2394,300.942560,12
2395,302.105610,14
2396,300.786110,15
2397,301.884080,13
2398,301.890490,13
2399,301.166890,12
2400,301.716270,14
2401,301.326360,13
2402,300.949770,13
2403,301.071020,14
2404,301.347870,11
2405,300.629260,11
2406,301.298330,11
2407,300.548230,15
2408,300.886650,12
2409,301.294270,10
2410,301.447740,14
2411,302.257750,16
2412,301.034320,13
2413,301.285290,11
2414,301.797970,15
2415,301.439790,16
2416,301.931470,14
2417,301.082070,14
2418,301.542450,14
2419,301.385570,11
2420,301.422870,13
2421,300.959180,12
2422,301.319270,14
2423,300.765830,15
2424,301.044680,10
2425,301.200670,11
2426,301.279560,10
2427,300.913050,13
2428,300.962930,16
2429,301.549570,13
2430,301.190600,13
2431,301.741690,12
2432,301.415130,10
2433,301.630180,13
2434,301.010370,16
2435,301.239900,15
2436,301.597370,13
2437,301.681120,15
2438,301.299060,14
2439,301.226430,12
2440,300.614880,12
2441,300.831870,9
2442,300.171890,14
2443,301.146650,11
2444,300.426370,14
2445,300.319840,10
2446,300.302780,14
2447,300.608840,11
2448,301.259190,12
2449,300.824150,12
2450,300.879500,14
2451,300.335810,14
2452,300.127760,15
2453,300.798640,11
2454,300.067990,15
2455,300.754030,16
2456,299.979970,14
2457,300.560240,12
2458,301.235990,16
2459,301.605650,14
2460,300.411840,14
2461,300.890880,17
2462,299.454380,16
2463,301.598300,17
2464,300.539700,14
2465,300.133530,17
2466,300.231520,13
2467,300.501130,18
2468,300.932540,18
2469,300.745370,14
2470,300.270420,11
2471,301.297820,14
2472,300.541510,14
2473,300.157570,12
2474,300.424500,11
2475,300.609930,12
2476,300.878380,10
2477,300.540420,15
2478,300.670360,10
2479,300.709680,13
2480,300.274220,15
2481,300.822030,16
2482,300.987680,13
2483,301.336950,15
2484,300.966580,15
2485,301.426630,11
2486,300.685290,16
2487,300.803890,17
2488,301.112740,14
2489,300.748240,15
2490,300.709060,10
2491,300.644000,12
2492,300.831050,15
2493,300.451650,13
2494,301.074330,12
2495,301.148830,13
2496,300.556130,15
2497,300.395530,17
2498,300.787070,12
2499,300.284980,15
2500,300.202900,16
2501,300.857600,17
2502,300.172500,15
2503,299.860240,14
2504,300.685980,15
2505,300.510930,12
2506,301.184050,17
2507,299.753920,12
2508,299.657970,14
2509,300.650200,12
2510,300.845410,12
2511,299.055940,16
2512,299.089770,13
2513,300.613680,14
2514,300.960930,13
2515,300.838560,15
2516,299.983740,12
2517,300.167590,16
2518,300.116040,13
2519,300.902520,15
2520,300.736800,12
2521,299.741240,15
2522,300.912300,13
2523,300.512160,12
2524,300.209680,14
2525,300.440190,10
2526,300.701780,10
2527,300.769000,15
2528,300.199390,14
2529,300.720020,12
2530,299.764810,12
2531,299.478420,15
2532,299.728930,14
2533,300.242830,13
2534,299.644580,16
2535,299.914520,13
2536,299.334960,15
2537,299.204180,15
2538,299.667990,14
2539,299.917570,13
2540,300.193010,16
2541,298.767320,14
2542,299.296000,14
2543,299.636530,15
2544,299.305200,15
2545,299.059610,10
2546,299.008090,15
2547,299.291070,12
2548,299.100400,15
2549,298.923110,10
2550,298.383440,11
2551,298.672230,7
2552,298.895630,9
2553,298.527030,10
2554,298.618490,10
2555,298.372840,8
2556,299.186270,12
2557,298.078440,11
2558,298.951390,9
2559,298.309910,13
2560,298.757920,12
2561,299.273990,17
2562,298.109700,16
2563,299.113730,16
2564,299.688800,16
2565,299.024090,13
2566,298.377800,18
2567,298.677530,15
2568,298.775650,13
2569,299.190440,14
2570,298.820600,15
2571,298.031160,10
2572,298.638420,12
2573,298.952360,15
2574,298.251700,10
2575,298.256940,11
2576,298.205580,10
2577,298.436410,11
2578,299.048120,15
2579,298.164260,13
2580,297.827850,18
2581,297.231470,10
2582,297.711060,11
2583,298.467630,13
2584,297.972070,13
2585,298.355270,9
2586,297.237380,15
2587,298.112120,13
2588,298.762480,15
2589,297.834020,12
2590,297.991970,10
2591,298.098020,8
2592,297.712380,11
2593,298.207180,9
2594,298.048250,6
2595,298.157390,10
2596,298.033360,8
2597,298.224460,9
2598,298.406690,12
2599,297.905520,8
2600,297.998770,15
2601,297.819400,13
2602,297.890170,12
2603,297.596130,12
2604,298.043750,13
2605,297.765440,13
2606,297.584790,17
2607,297.278200,10
2608,297.461160,10
2609,297.837940,10
2610,297.772300,7
2611,298.405820,11
2612,297.917990,11
2613,297.250940,11
2614,296.919880,9
2615,297.290940,11
2616,297.543960,7
2617,297.173090,9
2618,297.102490,9
2619,297.922370,9
2620,297.568410,13
2621,296.687310,12
2622,297.031560,9
2623,297.033880,9
2624,297.579110,11
2625,297.402890,11
2626,297.518470,10
2627,297.489310,10
2628,297.000460,14
2629,297.112170,9
2630,297.714740,14
2631,297.813150,13
2632,297.413930,16
2633,297.250500,17
2634,297.277620,14
2635,297.308730,13
2636,297.087330,13
2637,296.746540,14
2638,297.494460,12
2639,297.142090,16
2640,297.752100,13
2641,297.545840,13
2642,297.681470,13
2643,297.003200,14
2644,297.223190,15
2645,297.215640,14
2646,297.175810,11
2647,297.141650,12
2648,297.815800,13
2649,297.071400,14
2650,297.773020,11
2651,298.293470,14
2652,298.684880,15
2653,297.464640,12
2654,297.593060,9
2655,297.247480,14
2656,297.422740,11
2657,297.689900,14
2658,296.958000,10
2659,297.656140,18
2660,298.063550,14
2661,297.887570,18
2662,297.431200,11
2663,298.168460,14
2664,297.022710,12
2665,297.428860,12
2666,297.849710,16
2667,297.962360,15
2668,297.623990,13
2669,297.691800,13
2670,297.400200,15
2671,297.042570,11
2672,297.932200,12
2673,297.272050,11
2674,297.669130,11
2675,297.008380,16
2676,297.508190,13
2677,297.202270,13
2678,297.915970,13
2679,296.970850,15
2680,297.486320,9
2681,297.309510,14
2682,297.253410,11
2683,296.604790,11
2684,297.649260,13
2685,297.256980,11
2686,296.388200,9
2687,296.547550,8
2688,297.352550,9
2689,297.281980,10
2690,297.473940,12
2691,296.849020,12
2692,297.652500,13
2693,297.072670,11
2694,296.777440,14
2695,297.660970,10
2696,297.073170,14
2697,296.752920,11
2698,297.070300,13
2699,297.533830,11
2700,296.747780,9
2701,296.543750,8
2702,296.698240,8
2703,297.141860,13
2704,296.796980,10
2705,296.685750,11
2706,296.699410,13
2707,297.026310,13
2708,296.762990,12
2709,297.076030,10
2710,295.957030,10
2711,296.298180,12
2712,296.108200,10
2713,296.236370,11
2714,296.075760,6
2715,296.196350,9
2716,296.264480,10
2717,296.059570,8
2718,295.926870,10
2719,295.774020,9
2720,295.132050,11
2721,295.834360,14
2722,295.853480,13
2723,295.554990,12
2724,294.668190,14
2725,295.484900,12
2726,294.954650,14
2727,295.424040,13
2728,295.652730,16
2729,294.635870,14
2730,295.395920,13
2731,294.888790,7
2732,295.230780,11
2733,294.987660,10
2734,295.330980,8
2735,295.648670,14
2736,295.101590,9
2737,294.848500,12
2738,294.614940,9
2739,295.182780,12
2740,295.298450,13
2741,294.722450,12
2742,295.053460,11
2743,294.626260,13
2744,295.061550,15
2745,294.539050,9
2746,295.394810,11
2747,294.979650,8
2748,295.455700,11
2749,294.829630,11
2750,294.627480,11
2751,294.879510,13
2752,294.962550,13
2753,294.479060,15
2754,294.451560,13
2755,294.539330,11
2756,294.811320,14
2757,294.784640,13
2758,295.119140,10
2759,294.154760,16
2760,295.067760,9
2761,294.862130,11
2762,294.430760,12
2763,295.235890,12
2764,295.275530,11
2765,294.529360,13
2766,295.524170,10
2767,294.300400,12
2768,295.043790,9
2769,294.493440,14
2770,293.904500,17
2771,294.751890,16
2772,295.065030,14
2773,294.443190,14
2774,294.645370,15
2775,294.772140,13
2776,295.246170,16
2777,294.828130,14
2778,295.079110,15
2779,295.124740,11
2780,294.734660,10
2781,295.059410,13
2782,294.944900,10
2783,294.948780,12
2784,295.036940,15
2785,295.230840,15
2786,294.754310,16
2787,294.996970,9
2788,295.088200,13
2789,294.538160,10
2790,294.874050,12
2791,295.021240,11
2792,294.446100,14
2793,294.782110,8
2794,295.170980,8
2795,295.570760,8
2796,294.489490,11
2797,295.468170,11
2798,294.376550,14
2799,294.950910,8
2800,294.742730,12
2801,295.597230,13
2802,294.842280,10
2803,294.883020,12
2804,295.372950,11
2805,295.149550,13
2806,295.195230,13
2807,295.180990,14
2808,295.075330,11
2809,295.064250,13
2810,295.462750,9
2811,295.126440,11
2812,295.987130,9
2813,294.618010,11
2814,295.040680,7
2815,295.197530,10
2816,295.633260,11
2817,295.218010,16
2818,294.660500,9
2819,295.095390,10
2820,294.749090,11
2821,295.396710,11
2822,295.149130,15
2823,294.787080,16
2824,295.330010,15
2825,295.583620,13
2826,295.317750,10
2827,295.701960,13
2828,295.249960,14
2829,295.860040,15
2830,295.894140,17
2831,295.184550,18
2832,294.939570,15
2833,295.327740,16
2834,295.842840,16
2835,295.286700,16
2836,295.013590,13
2837,295.341770,14
2838,295.632540,15
2839,295.912380,16
2840,294.562790,13
2841,294.733890,11
2842,294.353920,15
2843,294.453130,17
2844,295.110020,14
2845,295.361830,15
2846,295.348170,16
2847,294.383160,13
2848,294.568320,8
2849,294.362990,13
2850,293.993330,16
2851,294.524310,15
2852,294.079620,18
2853,294.535780,13
2854,294.305460,17
2855,295.606700,14
2856,294.333490,14
2857,293.693060,17
2858,294.216060,13
2859,294.461090,14
2860,294.808280,16
2861,294.613770,12
2862,294.006090,19
2863,294.973130,15
2864,293.966210,11
2865,294.680730,12
2866,294.196370,17
2867,294.544160,14
2868,293.947240,13
2869,294.853380,14
2870,294.294470,14
2871,294.619700,13
2872,293.916140,13
2873,294.201030,12
2874,295.562940,16
2875,295.105540,12
2876,295.402660,14
2877,294.815810,13
2878,295.536040,15
2879,295.365910,14
2880,294.983440,14
2881,295.452120,13
2882,294.844890,11
2883,294.644460,15
2884,295.439300,12
2885,294.954070,14
2886,295.261820,12
2887,295.835720,14
2888,295.341110,12
2889,295.889120,16
2890,295.467930,11
2891,295.802120,13
2892,295.874150,11
2893,294.459250,15
2894,294.926270,14
2895,296.277830,10
2896,295.736450,11
2897,295.617150,14
2898,295.820400,10
2899,295.110670,13
2900,295.243230,15
2901,294.889570,16
2902,295.662440,14
2903,295.471080,14
2904,295.795460,13
2905,295.535980,14
2906,296.264110,15
2907,295.790360,12
2908,296.120580,12
2909,295.771450,12
2910,296.205480,7
2911,296.054340,10
2912,296.151030,9
2913,295.580240,10
2914,295.307160,12
2915,295.544740,13
2916,296.116210,7
2917,296.100980,11
2918,295.558910,11
2919,295.498010,12
2920,296.415950,14
2921,296.286610,13
2922,295.734150,11
2923,295.559580,10
2924,295.729960,18
2925,296.107910,12
2926,296.065970,10
2927,295.459020,16
2928,296.223000,15
2929,295.832570,15
2930,296.114230,11
2931,295.723840,11
2932,295.829590,9
2933,296.144760,10
2934,296.023660,11
2935,296.056370,13
2936,295.874780,9
2937,296.288340,16
2938,295.850270,14
2939,295.810220,11
2940,296.244370,12
2941,296.022160,12
2942,295.845630,17
2943,296.306870,11
2944,296.150480,16
2945,295.454940,17
2946,295.478710,15
2947,296.646990,12
2948,295.641910,17
2949,296.742450,14
2950,296.544510,10
2951,295.757500,12
2952,296.024790,11
2953,296.607370,16
2954,296.205950,12
2955,296.342320,10
2956,296.077130,12
2957,295.924430,12
2958,296.632310,11
2959,296.273860,13
2960,295.890790,7
2961,296.665240,13
2962,296.206400,11
2963,296.584200,10
2964,296.773830,10
2965,297.087640,11
2966,296.667480,8
2967,295.993610,10
2968,296.693440,9
2969,296.783970,13
2970,296.871150,12
2971,296.679230,10
2972,296.473540,13
2973,296.285860,10
2974,296.468280,13
2975,297.058730,11
2976,296.344270,11
2977,296.131830,10
2978,296.824760,16
2979,296.235380,16
2980,296.790270,11
2981,296.767810,7
2982,296.840850,8
2983,296.934730,7
2984,296.639840,8
2985,296.715700,11
2986,296.343600,10
2987,296.407340,9
2988,296.468360,6
2989,296.163210,8
2990,296.133280,15
2991,296.095680,10
2992,295.602850,14
2993,296.551850,11
2994,295.799030,13
2995,295.957370,10
2996,296.804360,15
2997,295.858070,13
2998,296.184870,9
2999,297.231410,12
3000,296.032930,15
3001,296.813690,14
3002,297.191180,12
3003,296.361990,12
3004,296.274620,13
3005,296.535150,15
3006,297.153200,10
3007,296.353320,14
3008,296.441630,13
3009,296.201910,16
3010,297.040220,15
3011,295.834980,14
3012,296.622730,17
3013,296.245060,14
3014,297.162690,18
3015,296.359270,12
3016,296.394960,15
3017,296.856480,15
3018,296.677740,14
3019,296.332840,13
3020,297.567090,14
3021,295.728160,13
3022,296.636700,14
3023,296.689930,14
3024,296.570250,15
3025,297.093200,15
3026,296.223720,12
3027,296.513400,13
3028,296.320280,12
3029,296.191530,15
3030,296.305580,15
3031,296.861320,15
3032,296.350740,12
3033,297.193730,14
3034,296.331760,13
3035,296.260120,13
3036,296.498190,12
3037,296.734570,17
3038,296.133500,14
3039,296.774290,12
3040,296.477490,18
3041,296.008140,13
3042,296.292080,15
3043,296.536350,17
3044,296.346290,15
3045,295.633210,13
3046,295.931940,13
3047,296.704890,17
3048,295.280310,11
3049,295.877720,13
3050,295.643520,16
3051,296.162520,13
3052,296.499400,17
3053,296.464490,13
3054,295.877460,12
3055,295.896850,11
3056,296.328980,16
3057,295.223550,15
3058,295.130680,13
3059,295.433050,15
3060,295.705510,16
3061,295.051480,16
3062,295.456600,12
3063,295.967910,18
3064,295.029610,14
3065,295.203870,12
3066,295.050900,13
3067,295.378240,11
3068,295.492610,13
3069,294.797310,12
3070,295.245760,9
3071,295.034080,7
3072,295.255480,9
3073,295.789680,11
3074,295.010750,9
3075,294.896750,12
3076,295.253600,7
3077,295.278190,9
3078,295.811890,9
3079,295.415370,9
3080,295.590000,14
3081,294.865250,16
3082,295.315820,13
3083,295.012410,13
3084,295.238050,13
3085,295.153510,12
3086,295.379730,16
3087,295.065270,13
3088,295.717050,15
3089,294.821760,14
3090,294.984480,10
3091,294.617480,11
3092,295.320890,5
3093,294.787530,9
3094,294.779670,12
3095,295.089280,6
3096,294.781000,10
3097,295.502550,6
3098,295.554580,13
3099,295.279660,8
3100,294.995960,15
3101,294.857390,17
3102,295.456800,11
3103,295.107980,13
3104,295.419060,13
3105,295.565000,13
3106,295.084090,13
3107,296.208230,16
3108,295.194840,17
3109,294.954100,11
3110,296.198210,15
3111,296.279630,13
3112,295.422720,13
3113,295.290760,15
3114,295.647450,8
3115,295.113920,13
3116,295.726180,15
3117,295.772240,9
3118,295.658660,9
3119,295.278460,15
3120,295.116500,12
3121,295.585650,13
3122,295.496670,13
3123,295.825700,13
3124,295.719990,13
3125,295.367540,13
3126,295.859070,15
3127,294.957790,15
3128,296.151520,14
3129,295.218380,15
3130,295.627850,12
3131,295.719710,12
3132,296.186780,11
3133,295.215100,12
3134,295.402790,10
3135,296.045440,12
3136,295.366830,13
3137,296.672410,11
3138,295.603240,15
3139,295.665490,12
3140,295.399990,11
3141,295.333470,13
3142,295.569510,16
3143,295.854820,11
3144,295.713010,16
3145,296.562910,17
3146,295.170180,13
3147,295.373170,11
3148,296.568780,14
3149,295.451670,12
3150,295.056150,11
3151,296.144960,13
3152,295.838020,10
3153,295.583660,14
3154,295.442500,15
3155,295.558440,12
3156,295.269460,13
3157,295.254430,14
3158,295.582520,10
3159,296.193900,16
3160,296.509450,13
3161,296.071590,15
3162,296.531120,14
3163,295.253870,18
3164,296.688930,13
3165,296.540710,13
3166,296.215200,15
3167,295.796300,13
3168,297.089270,15
3169,296.424830,15
3170,297.837350,15
3171,296.401950,13
3172,296.720040,11
3173,297.113730,10
3174,297.202550,13
3175,296.579040,14
3176,296.353770,12
3177,296.700920,12
3178,296.930320,11
3179,297.537290,14
3180,295.828750,16
3181,296.510240,13
3182,296.332960,15
3183,296.504030,12
3184,296.180910,11
3185,297.112400,19
3186,295.788810,12
3187,295.923510,15
3188,295.794990,10
3189,295.691060,16
3190,296.789930,11
3191,295.484910,15
3192,295.567770,14
3193,295.400960,14
3194,296.423690,13
3195,297.191870,11
3196,296.662910,15
3197,296.678600,12
3198,295.890090,12
3199,295.961620,12
3200,296.088850,12
3201,296.394330,14
3202,296.838340,15
3203,296.705540,13
3204,295.629700,13
3205,295.837490,13
3206,295.601350,15
3207,295.446610,15
3208,296.289390,14
3209,295.639610,15
3210,296.025700,13
3211,296.318980,15
3212,296.281800,15
3213,296.132270,14
3214,296.381810,12
3215,295.779880,15
3216,295.626960,13
3217,296.849250,15
3218,296.698360,14
3219,296.183680,12
3220,295.742210,9
3221,295.734620,12
3222,295.214490,13
3223,295.446380,11
3224,295.439680,7
3225,295.388050,8
3226,296.097310,8
3227,295.397560,12
3228,295.843440,11
3229,295.437000,9
3230,295.136060,17
3231,295.998100,12
3232,295.236720,15
3233,295.324120,13
3234,295.714020,13
3235,295.685170,16
3236,295.119170,16
3237,295.746750,14
3238,295.474790,12
3239,295.656750,14
3240,295.328640,12
3241,295.425380,13
3242,296.010440,11
3243,295.528680,16
3244,296.076670,11
3245,296.128350,12
3246,296.219730,9
3247,295.285970,11
3248,295.957720,9
3249,296.100720,10
3250,296.282560,12
3251,296.333590,13
3252,296.100160,11
3253,295.638780,10
3254,296.497280,14
3255,295.700850,13
3256,296.114270,11
3257,295.963280,10
3258,295.717720,11
3259,295.467780,15
3260,295.997790,13
3261,296.050820,13
3262,295.689450,12
3263,296.365810,13
3264,296.003170,13
3265,295.929840,9
3266,295.958060,14
3267,295.863950,12
3268,296.472310,13
3269,295.039950,15
3270,295.718680,12
3271,295.319490,13
3272,295.150450,12
3273,295.116410,12
3274,294.810180,12
3275,295.914300,10
3276,295.377090,14
3277,296.194990,13
3278,295.408460,13
3279,295.672860,13
3280,296.005000,11
3281,296.345730,10
3282,295.531950,11
3283,296.887260,13
3284,295.499220,10
3285,296.512100,10
3286,295.655750,10
3287,296.466040,8
3288,296.488080,8
3289,295.872490,9
3290,296.367670,13
3291,296.068540,11
3292,295.607030,13
3293,296.596700,12
3294,296.667750,11
3295,296.204950,15
3296,295.456770,11
3297,296.210490,14
3298,296.334480,10
3299,295.760770,9
3300,295.687240,12
3301,294.623910,14
3302,295.508110,11
3303,295.749730,14
3304,294.910680,13
3305,295.680800,14
3306,295.620610,16
3307,296.018170,16
3308,295.072810,14
3309,295.240660,12
3310,295.420280,14
3311,295.591950,15
3312,296.371910,17
3313,295.628430,14
3314,296.219200,15
3315,295.977820,12
3316,295.283160,14
3317,296.102970,13
3318,296.152320,9
3319,296.296980,16
3320,295.532930,13
3321,294.949340,16
3322,295.476710,15
3323,294.801440,12
3324,296.121810,15
3325,295.487850,15
3326,295.608600,15
3327,296.891050,17
3328,294.055150,16
3329,296.722190,14
3330,296.545020,15
3331,296.209020,15
3332,296.947350,15
3333,297.132170,16
3334,297.177010,14
3335,296.946710,14
3336,296.018250,14
3337,297.325960,12
3338,297.680330,14
3339,297.671720,14
3340,296.312560,14
3341,296.605190,14
3342,297.279640,14
3343,296.455490,15
3344,296.023510,13
3345,295.762090,14
3346,295.834840,15
3347,296.182220,13
3348,296.238950,12
3349,295.676860,13
3350,296.358270,14
3351,295.668260,14
3352,295.632290,15
3353,295.233720,12
3354,296.277610,16
3355,295.763190,13
3356,296.146580,16
3357,295.679900,11
3358,295.703590,16
3359,295.907710,12
3360,295.556770,14
3361,295.909170,14
3362,295.341330,13
3363,294.438830,15
3364,294.533170,17
3365,295.745340,14
3366,295.166050,15
3367,295.619820,13
3368,294.928960,15
3369,295.686590,17
3370,295.214470,9
3371,294.622130,11
3372,294.794090,12
3373,294.688210,10
3374,294.496480,15
3375,295.236540,10
3376,294.863890,10
3377,294.913440,10
3378,294.839210,9
3379,295.331790,15
3380,295.200730,11
3381,295.326450,12
3382,295.188480,12
3383,295.251640,10
3384,295.153350,8
3385,294.837890,9
3386,295.488310,12
3387,295.013960,9
3388,294.779770,8
3389,295.060960,11
3390,294.518160,12
3391,294.586490,11
3392,294.607000,14
3393,294.298510,12
3394,294.731410,8
3395,294.757950,14
3396,294.696860,11
3397,294.747410,7
3398,295.365650,13
3399,295.196960,13
3400,294.483060,10
3401,294.337690,14
3402,294.318350,11
3403,294.229030,16
3404,293.856880,13
3405,295.130360,13
3406,295.176820,9
3407,294.125720,15
3408,294.819910,10
3409,294.515060,12
3410,294.456900,11
3411,295.054610,13
3412,294.799390,11
3413,294.834350,13
3414,294.393900,10
3415,294.304420,13
3416,294.513640,13
3417,295.093510,12
3418,294.622700,15
3419,294.837030,11
3420,294.240130,14
3421,294.124250,14
3422,294.025340,11
3423,294.705920,12
3424,293.817890,13
3425,294.861060,14
3426,293.683380,13
3427,293.613260,13
3428,294.249680,10
3429,294.185880,14
3430,294.410110,15
3431,294.746740,14
3432,295.167590,15
3433,294.657490,13
3434,294.322430,15
3435,294.320910,11
3436,293.919990,17
3437,293.633080,11
3438,294.602310,15
3439,294.713280,14
3440,294.085590,14
3441,294.512910,17
3442,294.694610,11
3443,295.340890,14
3444,295.350700,14
3445,294.211710,13
3446,294.224000,14
3447,294.112090,15
3448,294.827610,11
3449,293.542260,15
3450,293.302800,14
3451,293.315180,15
3452,293.793520,18
3453,292.737060,14
3454,293.205140,17
3455,293.714920,15
3456,292.731170,15
3457,293.247490,13
3458,293.389350,17
3459,293.865430,15
3460,293.168890,15
3461,293.680390,14
3462,294.108420,17
3463,294.033160,13
3464,292.287880,14
3465,293.313250,13
3466,293.266880,11
3467,293.889780,13
3468,292.987630,10
3469,292.785810,12
3470,293.255170,12
3471,293.801020,16
3472,293.532520,12
3473,292.297700,16
3474,292.498660,13
3475,293.184730,14
3476,292.886460,13
3477,292.633930,14
3478,292.819770,15
3479,293.786100,15
3480,293.126250,14
3481,292.880880,13
3482,293.044210,13
3483,293.755630,16
3484,293.612870,12
3485,293.738360,17
3486,292.473170,14
3487,293.115220,13
3488,293.752030,14
3489,293.847550,17
3490,293.283270,11
3491,293.328730,12
3492,293.622760,13
3493,293.282790,13
3494,293.007160,9
3495,293.192210,8
3496,292.915370,12
3497,292.787900,12
3498,293.449480,12
3499,293.782570,13
3500,293.568150,10
3501,293.602660,10
3502,294.220850,9
3503,294.179980,10
3504,293.967390,10
3505,293.758890,11
3506,294.080510,11
3507,293.388630,7
3508,293.229120,10
3509,293.903030,8
3510,294.194110,17
3511,294.210570,11
3512,294.252680,15
3513,293.256570,13
3514,294.045050,14
3515,293.990560,9
3516,294.469380,11
3517,294.414240,14
3518,293.694640,12
3519,294.318590,14
3520,294.122320,10
3521,294.184520,12
3522,293.359060,9
3523,293.206910,10
3524,293.515810,13
3525,293.653310,11
3526,293.444620,11
3527,293.722680,7
3528,293.750440,12
3529,294.000760,12
3530,293.614720,11
3531,293.546380,9
3532,293.444130,13
3533,293.576110,11
3534,293.799180,8
3535,293.497680,10
3536,293.451040,12
3537,293.895170,11
3538,293.396570,11
3539,293.627420,7
3540,293.790850,10
3541,292.924050,14
3542,293.403840,12
3543,294.184790,14
3544,294.085000,13
3545,293.008740,11
3546,292.757210,11
3547,293.294620,13
3548,293.101050,12
3549,293.441550,13
3550,293.692260,10
3551,293.930850,15
3552,293.463760,12
3553,294.036480,16
3554,293.935250,11
3555,293.819790,14
3556,294.233550,15
3557,293.628150,15
3558,293.548340,14
3559,293.450350,16
3560,293.885510,15
3561,293.398680,12
3562,294.086390,14
3563,293.419060,9
3564,293.853700,14
3565,294.343460,15
3566,293.805120,11
3567,293.670900,13
3568,293.257200,14
3569,294.507280,13
3570,293.914760,9
3571,294.074350,9
3572,293.949150,10
3573,294.107150,10
3574,293.781400,10
3575,294.239180,12
3576,294.254330,9
3577,294.268580,9
3578,293.500030,7
3579,294.181050,9
3580,294.610300,11
3581,294.759740,10
3582,294.523280,9
3583,295.035120,9
3584,294.894480,11
3585,294.184220,10
3586,294.867270,10
3587,294.239660,13
3588,294.054430,11
3589,295.057420,14
3590,293.872190,13
3591,293.560190,11
3592,293.277020,16
3593,293.687980,16
3594,293.802010,10
3595,293.995550,15
3596,293.555910,11
3597,294.250850,16
3598,294.007460,13
3599,294.368170,17
3600,294.880900,12
3601,294.148230,15
3602,294.599070,7
3603,294.094840,15
3604,294.684700,11
3605,294.161440,14
3606,294.128360,9
3607,294.515030,14
3608,294.244680,13
3609,293.973970,11
3610,293.782750,15
3611,294.503160,14
3612,294.631510,11
3613,293.721820,13
3614,294.267860,11
3615,294.503070,10
3616,294.505980,10
3617,293.885070,14
3618,294.484880,14
3619,294.725460,12
3620,294.404790,10
3621,294.407900,12
3622,294.337990,10
3623,295.160740,12
3624,294.402480,13
3625,293.916610,13
3626,294.442810,12
3627,294.416870,12
3628,294.731660,11
3629,294.044190,11
3630,293.845940,11
3631,293.950140,11
3632,294.034290,10
3633,294.565200,9
3634,294.410470,10
3635,294.119900,11
3636,294.045670,7
3637,294.312100,11
3638,293.944680,11
3639,294.380730,13
3640,293.850670,11
3641,294.548070,13
3642,293.870070,13
3643,294.502430,12
3644,294.478900,16
3645,294.245200,12
3646,293.625310,16
3647,293.636260,13
3648,293.597590,12
3649,293.677060,18
3650,293.605070,16
3651,293.187760,13
3652,294.525640,13
3653,294.372340,12
3654,293.604680,12
3655,293.887630,16
3656,294.124160,10
3657,293.688540,10
3658,294.329210,14
3659,294.150900,11
3660,294.369970,13
3661,294.001130,13
3662,293.338320,16
3663,293.712350,11
3664,293.910980,12
3665,295.349630,15
3666,293.803080,11
3667,294.550080,14
3668,294.599490,15
3669,294.345900,11
3670,293.754780,12
3671,293.588330,14
3672,293.902820,14
3673,294.155300,14
3674,293.423400,10
3675,293.068050,11
3676,294.080140,14
3677,294.117500,11
3678,293.919430,11
3679,293.241350,14
3680,293.003090,16
3681,292.952620,16
3682,292.561400,18
3683,293.484670,14
3684,293.019320,15
3685,293.109370,16
3686,292.626870,14
3687,292.221360,16
3688,293.192450,17
3689,293.794980,13
3690,293.399190,9
3691,293.234800,11
3692,293.284410,11
3693,293.866410,13
3694,293.459880,10
3695,293.996590,15
3696,293.759730,11
3697,293.450680,6
3698,293.995570,13
3699,293.348110,11
3700,294.081530,15
3701,293.694460,14
3702,293.199700,12
3703,293.511960,12
3704,293.131520,10
3705,293.083230,11
3706,293.133030,15
3707,293.089780,10
3708,293.262090,11
3709,293.297700,13
3710,292.753260,14
3711,292.464010,13
3712,292.711480,12
3713,293.104100,10
3714,292.875070,13
3715,293.104670,14
3716,292.813390,16
3717,293.473600,13
3718,293.413030,12
3719,292.959940,12
3720,292.854890,12
3721,293.073660,13
3722,293.886870,13
3723,293.531570,10
3724,292.866850,11
3725,293.514910,11
3726,293.317770,11
3727,293.582330,10
3728,292.864220,11
3729,293.783230,15
3730,293.081860,13
3731,293.663550,11
3732,293.490370,12
3733,293.054990,10
3734,293.203400,15
3735,293.557850,10
3736,293.587140,11
3737,292.762290,16
3738,293.619680,15
3739,293.595160,13
3740,293.925670,14
3741,294.207540,16
3742,293.230880,18
3743,293.997050,16
3744,292.901950,14
3745,293.587270,15
3746,293.992770,14
3747,294.091000,13
3748,294.021830,14
3749,293.288900,12
3750,293.713000,13
3751,294.054150,14
3752,293.808720,10
3753,293.935490,11
3754,293.382140,13
3755,293.672250,15
3756,294.631160,14
3757,294.648690,15
3758,293.599360,14
3759,294.152320,6
3760,293.361900,14
3761,293.029950,13
3762,293.810140,13
3763,293.030260,15
3764,293.582830,14
3765,294.086470,17
3766,293.993600,14
3767,294.191680,10
3768,293.787190,13
3769,293.566640,12
3770,294.987230,12
3771,294.136060,8
3772,294.096100,9
3773,294.600920,9
3774,294.510800,12
3775,294.727590,10
3776,294.344010,10
3777,294.897390,8
3778,294.571570,13
3779,294.690700,12
3780,294.547310,13
3781,293.952510,13
3782,294.511710,10
3783,294.849000,15
3784,294.329980,11
3785,294.213490,10
3786,294.595150,8
3787,294.872850,15
3788,294.859980,11
3789,294.807760,16
3790,294.287700,16
3791,294.413580,18
3792,294.142980,15
3793,294.368460,14
3794,294.849050,17
3795,294.190410,13
3796,294.417830,13
3797,293.925490,18
3798,294.299280,16
3799,294.611160,16
3800,293.815850,12
3801,294.234540,14
3802,294.609190,14
3803,293.928650,10
3804,294.886790,12
3805,294.239150,14
3806,294.042250,11
3807,294.176700,11
3808,294.791910,17
3809,293.971230,10
3810,295.082370,13
3811,294.080410,14
3812,294.487690,16
3813,294.604490,16
3814,294.054450,14
3815,294.851080,14
3816,294.570490,14
3817,295.505830,16
3818,295.249940,13
3819,294.682430,15
3820,294.560840,15
3821,293.947880,14
3822,294.627840,10
3823,295.438990,13
3824,295.063450,12
3825,294.679980,12
3826,295.183760,12
3827,295.075910,14
3828,295.290400,13
3829,294.635850,11
3830,293.961400,17
3831,294.451630,15
3832,294.007240,17
3833,295.252620,14
3834,295.415820,12
3835,294.799790,15
3836,295.698520,12
3837,294.645190,13
3838,295.090480,11
3839,294.589760,12
3840,294.851620,14
3841,295.275200,13
3842,294.322920,12
3843,294.683910,13
3844,294.793510,12
3845,294.496960,14
3846,293.973270,12
3847,294.852840,13
3848,294.679920,12
3849,294.329980,14
3850,295.276850,14
3851,296.077710,12
3852,295.623510,13
3853,295.919320,13
3854,295.866730,12
3855,295.092990,13
3856,295.886350,10
3857,295.388590,14
3858,295.576360,13
3859,295.940560,14
3860,296.168300,15
3861,295.716420,15
3862,295.214920,18
3863,295.407720,13
3864,295.550770,11
3865,294.790940,14
3866,294.739130,18
3867,295.562800,14
3868,295.642520,16
3869,295.085150,15
3870,295.510590,10
3871,295.007160,13
3872,295.603520,12
3873,294.519350,14
3874,295.600890,13
3875,294.952880,11
3876,295.568950,11
3877,295.813860,9
3878,295.754760,10
3879,295.475370,14
3880,295.775840,16
3881,295.416070,17
3882,295.059190,16
3883,294.340810,14
3884,295.336370,13
3885,295.332610,13
3886,294.772840,14
3887,295.383020,14
3888,295.094300,11
3889,295.539630,15
3890,295.044980,16
3891,295.610700,12
3892,295.253690,15
3893,296.173810,11
3894,296.484340,13
3895,296.290370,15
3896,295.882950,13
3897,295.732860,11
3898,295.671960,11
3899,296.094950,16
3900,296.073790,11
3901,295.283050,11
3902,295.266520,11
3903,295.307970,11
3904,296.407950,12
3905,296.012230,11
3906,295.593380,9
3907,295.465370,9
3908,296.016570,10
3909,295.778960,12
3910,296.251370,10
3911,296.177680,15
3912,295.862750,10
3913,295.839510,12
3914,295.827750,12
3915,295.732510,11
3916,296.228320,11
3917,295.678790,12
3918,295.599140,10
3919,296.220310,11
3920,295.524520,15
3921,296.668550,13
3922,295.744030,15
3923,296.371560,14
3924,296.147950,11
3925,296.668410,16
3926,295.679560,14
3927,295.970230,12
3928,296.206320,14
3929,295.908010,17
3930,295.513200,11
3931,296.140340,10
3932,296.130010,12
3933,295.597680,16
3934,295.986810,12
3935,295.838580,18
3936,295.637160,13
3937,296.388250,11
3938,295.654930,12
3939,295.826290,11
3940,295.885840,11
3941,296.178080,13
3942,295.555400,10
3943,295.562880,12
3944,295.442620,9
3945,295.779440,12
3946,295.951570,10
3947,295.535960,11
3948,295.242560,14
3949,295.632280,11
3950,296.293070,13
3951,295.506200,19
3952,295.110720,14
3953,295.598810,12
3954,295.157960,15
3955,295.971880,12
3956,295.062670,16
3957,295.486780,13
3958,295.559170,10
3959,295.126870,14
3960,294.875250,12
3961,295.244810,13
3962,295.726970,16
3963,295.932050,18
3964,296.111310,13
3965,296.131190,16
3966,296.342000,16
3967,295.721030,12
3968,296.055050,13
3969,295.959910,13
3970,295.678430,12
3971,294.782830,15
3972,296.000280,14
3973,296.181710,15
3974,296.121550,16
3975,295.807560,13
3976,295.122980,15
3977,295.822030,14
3978,294.578550,15
3979,295.704700,16
3980,295.544810,11
3981,295.365140,8
3982,295.737370,16
3983,295.539060,11
3984,295.760300,13
3985,295.727110,12
3986,295.844320,12
3987,295.816000,15
3988,295.779560,10
3989,295.325740,11
3990,296.259800,18
3991,295.128370,13
3992,296.272830,14
3993,295.140740,16
3994,296.296920,16
3995,295.047740,17
3996,296.778240,15
3997,296.293150,17
3998,295.839070,13
3999,295.800760,16
4000,295.829610,13
4001,296.582810,13
4002,294.904350,13
4003,295.562960,13
4004,295.397420,9
4005,295.659830,15
4006,295.866240,11
4007,295.843410,13
4008,295.941650,12
4009,295.664890,11
4010,295.898340,13
4011,295.570830,12
4012,295.788180,12
4013,295.557830,11
4014,295.328520,12
4015,295.768780,13
4016,295.831830,14
4017,295.841300,13
4018,295.643910,13
4019,295.401340,15
4020,295.024230,11
4021,295.103150,8
4022,296.048710,11
4023,295.876280,11
4024,295.475470,9
4025,295.642310,9
4026,295.464070,9
4027,295.509470,11
4028,295.979520,9
4029,295.334290,10
4030,295.871120,12
4031,295.142170,9
4032,294.972640,18
4033,295.876210,15
4034,295.973390,13
4035,295.166940,15
4036,295.678060,16
4037,294.957980,11
4038,294.773770,14
4039,295.811960,17
4040,294.670180,17
4041,295.427300,12
4042,295.697850,14
4043,295.380120,17
4044,295.087950,14
4045,295.681640,13
4046,295.139990,14
4047,295.118920,15
4048,294.470710,16
4049,295.492960,18
4050,295.830610,11
4051,295.194270,12
4052,295.713850,16
4053,295.043400,16
4054,295.739380,15
4055,295.742350,11
4056,295.712280,15
4057,295.745670,12
4058,295.826780,12
4059,295.744900,14
4060,296.001680,10
4061,296.376760,11
4062,296.199140,11
4063,295.586620,14
4064,295.974520,12
4065,295.738480,12
4066,296.025170,14
4067,296.104980,14
4068,295.787790,10
4069,295.812410,14
4070,295.782190,16
4071,295.051780,14
4072,296.313550,16
4073,295.158190,17
4074,295.639720,14
4075,296.021180,19
4076,294.691440,12
4077,294.959060,17
4078,296.067060,15
4079,295.102940,14
4080,294.695930,10
4081,295.330850,10
4082,294.893120,11
4083,294.824680,9
4084,294.809050,13
4085,295.124140,16
4086,295.097080,13
4087,294.905460,14
4088,294.643590,15
4089,294.994540,11
4090,295.000990,8
4091,295.402120,10
4092,295.340940,10
4093,295.606750,10
4094,294.967770,8
4095,294.714480,10
4096,295.363100,9
4097,295.390800,8
4098,295.075820,8
4099,295.187580,13
4100,295.405940,9
4101,295.800700,14
4102,295.555110,11
4103,294.982650,9
4104,294.434850,12
4105,295.376630,10
4106,295.613360,14
4107,295.023360,15
4108,295.581880,12
4109,294.513100,10
4110,295.164770,11
4111,295.553920,12
4112,295.024970,13
4113,295.010900,17
4114,294.504920,10
4115,295.534540,12
4116,295.415810,10
4117,295.354750,12
4118,294.785050,13
4119,294.709950,12
4120,295.740410,17
4121,294.324940,15
4122,294.752510,20
4123,294.864730,15
4124,294.643910,14
4125,294.278290,17
4126,294.453750,14
4127,294.713820,13
4128,295.442140,14
4129,295.880930,17
4130,295.172470,10
4131,296.017850,11
4132,295.990220,12
4133,295.339430,13
4134,295.352920,11
4135,295.484910,10
4136,296.142540,12
4137,295.451320,11
4138,295.920430,11
4139,295.789380,14
4140,296.231090,11
4141,296.061690,8
4142,296.460910,8
4143,295.965640,11
4144,295.685800,11
4145,296.313560,10
4146,296.434430,14
4147,295.702500,13
4148,296.081770,13
4149,295.746430,13
4150,296.218170,13
4151,295.315680,15
4152,296.786020,14
4153,296.383330,15
4154,296.088730,12
4155,296.343590,14
4156,295.924630,15
4157,295.443410,12
4158,296.364340,14
4159,295.959230,16
4160,295.105080,14
4161,295.927260,13
4162,296.021380,13
4163,296.015570,12
4164,295.788490,12
4165,295.673490,12
4166,295.090970,13
4167,295.526220,11
4168,295.926480,10
4169,295.346470,12
4170,295.260470,11
4171,295.226490,11
4172,295.763600,13
4173,295.142070,13
4174,295.051540,12
4175,295.212820,11
4176,294.374620,13
4177,294.710260,11
4178,294.929830,10
4179,294.597730,10
4180,294.678800,12
4181,294.828280,13
4182,294.609840,14
4183,294.886850,12
4184,295.144140,15
4185,295.159030,16
4186,295.247450,15
4187,294.765040,11
4188,294.779820,14
4189,295.174140,14
4190,295.537830,11
4191,294.911810,8
4192,294.805860,9
4193,295.395090,13
4194,294.866120,9
4195,294.974310,12
4196,294.765000,11
4197,295.054270,12
4198,294.548510,10
4199,295.095240,11
4200,294.959900,14
4201,295.901350,11
4202,295.729770,9
4203,295.552270,10
4204,295.407040,9
4205,295.688230,7
4206,295.723270,12
4207,295.610670,9
4208,295.527680,10
4209,295.724860,11
4210,296.126320,11
4211,295.463100,10
4212,295.950150,10
4213,295.789540,11
4214,295.582870,12
4215,295.822660,10
4216,295.401340,11
4217,296.058410,10
4218,296.225790,10
4219,295.983340,11
4220,295.590940,8
4221,296.206840,11
4222,295.129380,14
4223,295.545780,16
4224,295.269940,14
4225,296.089710,11
4226,295.473310,12
4227,295.329570,10
4228,295.200370,17
4229,295.745600,8
4230,296.225440,15
4231,295.507810,13
4232,295.741700,16
4233,295.419640,12
4234,294.815330,13
4235,295.523080,15
4236,295.615120,13
4237,295.838920,13
4238,294.856130,17
4239,295.763390,15
4240,295.440080,11
4241,295.339480,13
4242,295.332610,16
4243,295.568710,13
4244,295.593340,10
4245,295.155100,13
4246,295.999950,14
4247,295.840000,13
4248,295.480120,11
4249,295.778300,12
4250,294.744270,12
4251,294.929260,10
4252,294.791110,9
4253,294.704590,7
4254,294.796130,12
4255,295.334940,9
4256,294.875960,10
4257,295.274160,9
4258,294.462250,9
4259,295.447180,11
4260,294.948160,16
4261,295.458910,15
4262,295.421460,11
4263,295.467570,10
4264,295.107240,14
4265,295.773850,11
4266,296.235680,12
4267,295.956050,13
4268,294.910140,12
4269,296.001550,15
4270,296.330140,13
4271,296.360500,11
4272,296.330960,11
4273,296.394690,12
4274,296.088730,10
4275,295.600660,14
4276,296.463930,11
4277,296.135220,12
4278,295.922480,13
4279,296.279270,11
4280,295.469800,12
4281,295.714010,11
4282,295.904720,9
4283,295.688180,13
4284,296.276760,13
4285,295.471770,11
4286,295.111060,13
4287,295.935890,16
4288,295.586150,15
4289,295.991250,18
4290,295.885840,13
4291,296.098870,12
4292,296.391940,10
4293,296.214920,10
4294,296.794660,14
4295,295.896470,15
4296,295.690820,15
4297,295.618180,9
4298,296.334300,12
4299,296.012270,12
4300,295.644810,13
4301,296.246460,10
4302,296.327100,14
4303,295.739120,13
4304,295.401700,17
4305,296.473490,16
4306,296.259980,15
4307,296.226410,12
4308,296.364230,11
4309,296.729540,15
4310,296.128190,14
4311,296.326720,13
4312,296.522560,13
4313,296.392400,14
4314,296.177240,13
4315,296.563760,12
4316,297.292900,15
4317,295.881280,16
4318,296.648740,17
4319,296.218870,18
4320,296.557290,11
4321,296.711520,13
4322,296.719830,16
4323,296.432100,11
4324,296.934490,9
4325,296.716890,12
4326,297.064130,10
4327,297.288960,8
4328,296.948980,12
4329,296.422030,13
4330,295.882750,13
4331,296.553240,12
4332,296.095330,12
4333,296.395460,12
4334,297.015300,15
4335,296.457100,13
4336,297.119910,14
4337,297.099490,14
4338,296.836090,12
4339,296.406590,12
4340,296.703010,15
4341,296.183190,11
4342,296.412200,11
4343,296.388480,11
4344,295.767890,11
4345,295.918610,13
4346,295.823370,11
4347,295.968020,15
4348,296.063490,12
4349,295.887710,9
4350,296.133940,14
4351,296.558810,14
4352,296.454450,11
4353,296.679210,12
4354,296.314900,12
4355,296.161700,13
4356,296.740180,11
4357,295.522800,14
4358,296.326430,10
4359,296.729100,15
4360,296.306800,15
4361,296.437820,12
4362,297.316790,13
4363,296.324470,15
4364,297.297210,12
4365,296.443320,15
4366,297.100180,15
4367,297.418440,14
4368,296.433170,12
4369,296.944440,13
4370,297.501150,15
4371,296.350080,13
4372,296.230820,15
4373,297.292960,12
4374,296.625370,15
4375,296.351940,16
4376,296.917560,17
4377,296.517650,13
4378,296.703270,16
4379,296.585830,13
4380,296.803290,11
4381,296.527860,16
4382,297.321430,14
4383,296.794950,12
4384,296.902490,9
4385,296.468330,10
4386,296.335370,9
4387,296.463170,15
4388,296.477470,13
4389,296.365280,12
4390,296.304930,13
4391,297.080520,9
4392,296.684930,11
4393,296.525870,11
4394,296.456490,12
4395,297.198690,12
4396,296.489540,15
4397,297.272150,12
4398,297.097040,13
4399,296.615870,11
4400,297.011130,13
4401,296.829410,14
4402,297.877330,16
4403,296.884850,17
4404,297.325110,11
4405,296.980640,13
4406,297.260820,12
4407,297.099160,15
4408,296.594760,13
4409,296.691330,14
4410,296.670220,11
4411,296.923980,12
4412,296.184480,13
4413,296.901410,13
4414,296.766650,13
4415,296.692400,14
4416,296.689320,13
4417,296.713540,13
4418,297.005410,10
4419,297.160540,12
4420,297.287550,12
4421,297.101120,12
4422,297.551040,9
4423,297.274030,9
4424,297.085880,13
4425,296.692970,12
4426,297.241810,12
4427,297.295030,11
4428,297.884310,9
4429,297.016120,9
4430,296.513230,13
4431,297.484530,13
4432,297.156710,13
4433,296.999260,8
4434,297.346050,7
4435,296.731610,9
4436,296.616590,16
4437,297.522100,9
4438,296.800800,11
4439,297.192890,11
4440,297.236340,16
4441,297.598680,13
4442,296.897450,10
4443,297.425130,13
4444,297.413680,13
4445,296.628580,14
4446,296.960230,13
4447,297.200220,12
4448,297.528930,9
4449,297.666870,14
4450,297.107730,14
4451,297.487780,13
4452,297.744940,12
4453,297.233080,15
4454,297.472780,10
4455,297.878770,15
4456,297.828740,14
4457,297.652880,16
4458,297.829840,13
4459,298.037850,16
4460,299.257820,12
4461,298.622510,14
4462,298.968930,13
4463,298.159210,10
4464,298.632340,14
4465,298.638050,14
4466,298.776810,11
4467,298.760290,12
4468,298.249430,12
4469,298.289280,12
4470,298.301790,16
4471,298.699540,16
4472,299.055630,13
4473,298.284930,10
4474,298.683600,15
4475,298.353940,15
4476,298.655050,10
4477,298.395670,18
4478,299.660670,14
4479,299.360690,14
4480,298.723140,8
4481,298.612510,8
4482,299.022880,9
4483,298.934730,10
4484,299.013280,4
4485,299.082250,9
4486,298.972400,7
4487,298.859310,12
4488,299.099520,10
4489,299.086490,6
4490,299.019490,10
4491,298.958240,15
4492,298.178420,14
4493,298.962940,12
4494,298.964950,12
4495,299.294420,14
4496,298.341440,13
4497,299.843830,13
4498,298.588210,11
4499,298.688680,9
4500,297.969810,13
4501,299.003120,16
4502,299.206910,11
4503,298.639770,12
4504,298.182590,17
4505,298.925610,12
4506,298.928700,14
4507,298.338940,17
4508,298.201340,12
4509,298.338230,16
4510,298.254070,13
4511,298.161180,10
4512,298.878050,11
4513,298.067070,12
4514,298.985470,11
4515,298.816860,12
4516,299.123350,11
4517,298.288610,14
4518,298.052890,11
4519,298.392920,10
4520,298.590610,11
4521,298.916690,12
4522,298.442540,13
4523,298.519410,8
4524,299.742600,15
4525,298.916240,12
4526,298.655630,15
4527,299.224430,14
4528,298.246370,11
4529,299.222490,15
4530,299.255080,14
4531,298.627720,18
4532,298.470930,14
4533,299.330880,12
4534,299.498520,16
4535,299.017730,12
4536,299.476620,15
4537,299.050130,14
4538,298.960750,15
4539,298.696520,12
4540,298.618700,11
4541,298.538870,9
4542,298.441150,10
4543,298.557230,8
4544,298.626960,11
4545,297.959570,12
4546,298.886150,10
4547,298.338810,10
4548,298.830750,11
4549,298.418490,10
4550,298.278180,15
4551,298.187560,12
4552,298.222580,17
4553,298.122330,16
4554,299.235110,15
4555,298.507180,16
4556,298.137770,15
4557,297.765660,15
4558,298.485590,14
4559,298.838290,13
4560,298.316980,13
4561,298.622070,15
4562,299.049860,12
4563,298.607250,13
4564,299.144440,10
4565,298.412830,12
4566,299.122260,14
4567,299.234920,12
4568,298.902520,13
4569,298.288320,14
4570,298.445600,10
4571,298.341110,12
4572,298.555670,13
4573,298.171300,12
4574,298.928560,12
4575,299.165490,11
4576,299.191610,9
4577,299.109760,8
4578,299.276890,12
4579,298.675460,10
4580,298.971930,12
4581,298.467500,15
4582,298.131360,11
4583,298.066990,15
4584,297.248680,13
4585,298.380680,12
4586,297.413290,15
4587,298.478760,10
4588,298.957440,13
4589,298.875700,9
4590,298.956100,12
4591,299.010120,6
4592,299.455850,8
4593,298.399680,12
4594,298.972360,12
4595,299.313270,9
4596,298.292470,7
4597,298.068770,7
4598,298.625380,7
4599,298.489870,9
4600,298.190690,12
4601,298.279630,9
4602,298.926960,12
4603,298.672290,10
4604,298.612420,6
4605,298.882260,11
4606,298.955110,9
4607,298.401740,10
4608,298.558770,11
4609,299.058770,12
4610,299.106750,11
4611,299.421980,11
4612,298.698850,10
4613,299.363600,9
4614,298.812990,13
4615,298.592120,10
4616,298.355290,13
4617,298.895260,9
4618,298.356780,15
4619,299.208510,13
4620,299.824870,14
4621,299.588990,12
4622,298.725480,13
4623,299.131830,12
4624,299.030650,15
4625,299.814580,13
4626,299.639250,18
4627,298.946370,12
4628,299.695470,11
4629,299.458590,16
4630,299.656060,10
4631,299.207120,13
4632,298.929080,13
4633,298.958280,8
4634,299.968570,12
4635,299.896350,11
4636,299.479730,9
4637,299.880750,12
4638,299.306470,7
4639,299.139760,9
4640,298.329220,16
4641,298.746220,14
4642,298.228780,14
4643,298.565110,13
4644,298.342430,14
4645,297.949270,17
4646,297.976010,15
4647,298.354390,16
4648,298.378330,13
4649,299.136720,14
4650,298.602290,9
4651,298.708450,9
4652,298.575100,11
4653,298.986750,10
4654,298.626240,6
4655,298.722680,10
4656,298.885190,9
4657,299.428170,15
4658,298.054330,10
4659,298.431010,11
4660,299.235690,12
4661,298.507550,15
4662,299.474530,15
4663,298.859160,14
4664,298.442780,9
4665,299.048580,13
4666,298.532700,13
4667,298.460650,14
4668,299.568820,14
4669,299.174500,12
4670,298.695470,15
4671,299.150850,12
4672,299.387460,10
4673,299.019240,12
4674,298.858870,13
4675,298.262630,14
4676,298.496150,14
4677,298.368080,10
4678,299.459800,12
4679,299.085150,12
4680,299.080000,9
4681,298.850790,11
4682,298.208520,14
4683,298.887020,15
4684,299.001930,12
4685,299.044260,12
4686,299.501420,13
4687,299.334680,13
4688,298.869910,11
4689,298.677760,14
4690,298.923390,11
4691,298.049090,14
4692,298.780910,12
4693,298.975210,11
4694,298.011300,14
4695,298.519580,13
4696,298.412550,12
4697,297.961790,13
4698,298.202970,13
4699,298.529450,8
4700,298.948000,18
4701,297.994560,13
4702,298.000050,11
4703,298.179830,11
4704,298.151010,15
4705,298.952720,14
4706,298.078270,14
4707,299.027120,14
4708,298.795930,13
4709,298.004920,12
4710,299.133880,14
4711,299.023750,16
4712,299.452790,15
4713,298.452950,12
4714,298.786910,16
4715,298.974440,14
4716,298.508690,13
4717,298.762170,13
4718,298.838100,15
4719,298.544330,10
4720,298.776390,11
4721,298.476020,7
4722,298.968460,12
4723,298.176610,11
4724,298.584020,15
4725,298.407830,12
4726,298.799380,13
4727,297.965630,14
4728,298.325560,13
4729,298.125180,10
4730,298.773660,9
4731,298.380910,14
4732,298.440360,9
4733,297.927340,9
4734,298.740290,10
4735,298.432800,11
4736,297.858000,10
4737,298.346720,11
4738,298.828910,13
4739,298.598770,8
4740,298.753000,12
4741,298.265840,10
4742,298.549640,13
4743,298.390990,10
4744,298.360710,11
4745,298.426150,10
4746,298.851340,10
4747,299.091450,11
4748,298.379350,9
4749,298.371980,12
4750,298.769430,13
4751,299.240430,16
4752,298.579430,14
4753,298.469750,9
4754,298.740560,15
4755,298.768600,13
4756,298.655280,14
4757,299.102030,11
4758,298.970790,16
4759,298.477890,10
4760,298.393330,12
4761,298.500240,15
4762,297.724580,13
4763,297.910100,13
4764,298.036550,14
4765,298.467450,10
4766,297.744250,12
4767,298.298720,11
4768,298.636150,14
4769,298.253220,11
4770,298.781170,12
4771,297.947840,10
4772,297.601840,12
4773,298.236500,11
4774,298.387940,13
4775,297.745220,15
4776,298.153950,10
4777,297.974870,13
4778,298.608950,10
4779,297.445050,15
4780,296.979570,10
4781,296.840730,9
4782,297.286800,9
4783,297.670040,11
4784,297.342310,10
4785,297.396970,12
4786,297.624980,13
4787,296.728410,11
4788,296.776740,7
4789,296.487230,13
4790,295.977030,10
4791,296.496200,12
4792,296.659310,10
4793,296.620430,12
4794,296.595160,11
4795,296.362960,11
4796,296.535340,13
4797,296.346700,9
4798,296.233230,15
4799,296.757990,16
4800,296.287440,14
4801,296.581380,12
4802,297.072480,14
4803,297.025420,11
4804,297.098080,12
4805,296.521290,13
4806,297.038300,15
4807,297.208760,14
4808,296.650220,15
4809,296.808540,15
4810,296.615780,12
4811,295.915950,13
4812,297.108480,13
4813,296.135230,17
4814,296.670340,13
4815,296.759480,14
4816,296.487460,14
4817,296.769120,17
4818,296.044140,13
4819,296.036740,13
4820,296.368120,7
4821,296.249510,12
4822,296.406650,9
4823,296.557260,16
4824,295.966590,11
4825,296.380370,10
4826,296.075600,9
4827,295.767980,9
4828,296.089460,10
4829,296.362560,11
4830,295.852580,15
4831,296.520490,14
4832,296.143550,12
4833,296.190400,14
4834,296.450240,11
4835,295.876410,13
4836,296.402560,11
4837,295.807430,13
4838,296.678380,13
4839,296.431150,13
4840,295.993910,15
4841,296.617410,11
4842,295.896090,12
4843,296.830130,12
4844,296.995320,14
4845,296.090980,13
4846,296.429520,11
4847,296.771570,11
4848,296.124890,13
4849,295.626110,12
4850,296.357070,11
4851,296.799860,10
4852,296.939560,9
4853,297.019700,16
4854,296.661810,13
4855,296.744730,11
4856,296.115150,12
4857,296.646800,11
4858,296.478550,14
4859,296.432440,13
4860,296.522730,11
4861,296.539530,12
4862,297.382040,9
4863,297.238510,8
4864,296.456650,10
4865,297.049630,10
4866,296.339700,14
4867,296.701060,10
4868,296.458970,11
4869,296.423960,11
4870,296.870530,12
4871,296.562280,12
4872,296.355040,10
4873,297.084940,13
4874,296.045990,11
4875,296.678130,10
4876,296.217490,13
4877,296.293770,11
4878,296.975770,10
4879,296.890880,11
4880,295.814140,10
4881,296.301700,5
4882,296.501200,9
4883,296.012390,10
4884,295.936790,8
4885,296.335700,12
4886,296.088870,10
4887,296.327990,10
4888,295.726210,9
4889,296.498460,9
4890,296.708300,11
4891,296.161660,12
4892,296.289720,14
4893,296.315510,9
4894,297.171790,13
4895,296.201370,10
4896,297.274440,11
4897,297.177160,13
4898,297.331290,15
4899,296.833310,12
4900,297.525670,11
4901,297.560250,13
4902,297.579000,10
4903,297.045450,12
4904,296.381380,10
4905,296.818440,12
4906,297.040040,14
4907,296.418450,10
4908,296.739940,13
4909,296.955410,10
4910,297.046660,11
4911,297.622160,14
4912,297.358620,11
4913,297.321930,10
4914,297.371590,11
4915,297.425080,13
4916,297.149030,12
4917,297.029790,12
4918,297.863390,14
4919,297.514020,10
4920,297.862620,16
4921,298.113680,19
4922,297.326840,14
4923,296.993140,18
4924,297.632280,13
4925,296.543320,16
4926,297.098350,14
4927,297.802410,16
4928,298.135000,17
4929,297.344780,15
4930,296.788910,11
4931,297.505550,16
4932,297.606660,14
4933,296.281700,13
4934,297.686930,16
4935,297.282200,10
4936,297.285560,8
4937,297.032320,9
4938,297.125550,15
4939,297.252890,11
4940,297.167300,18
4941,297.146880,12
4942,296.354200,16
4943,296.634490,13
4944,296.296000,15
4945,296.765620,17
4946,296.475950,15
4947,296.810750,11
4948,297.171660,11
4949,296.476500,16
4950,296.358050,13
4951,295.975880,11
4952,296.805190,13
4953,296.842390,9
4954,296.680330,14
4955,296.221460,12
4956,296.013100,7
4957,296.679250,14
4958,295.949630,13
4959,296.088110,13
4960,297.240680,10
4961,297.706160,14
4962,297.148080,14
4963,297.440630,13
4964,297.322690,12
4965,297.709730,10
4966,297.203990,13
4967,296.904670,18
4968,297.472770,18
4969,297.141040,13
4970,296.847600,11
4971,297.542000,14
4972,297.107280,11
4973,297.115950,11
4974,296.642890,12
4975,297.373170,12
4976,297.250300,7
4977,297.311550,11
4978,296.721780,11
4979,296.256770,8
4980,296.865480,11
4981,297.061300,16
4982,296.884680,11
4983,296.638800,16
4984,297.278570,15
4985,296.077010,12
4986,297.017180,12
4987,297.165660,12
4988,297.645170,13
4989,296.219860,14
4990,296.586780,14
4991,297.293890,18
4992,297.563830,15
4993,297.452810,13
4994,296.979860,12
4995,297.369100,18
4996,297.142530,16
4997,296.543990,14
4998,297.512820,20
4999,296.443150,15
5000,296.602270,14
5001,296.731760,12
5002,296.910240,14
5003,297.439680,14
5004,297.692270,14
5005,297.373980,15
5006,297.359230,9
5007,297.366050,11
5008,297.095900,10
5009,297.481060,10
5010,296.895690,15
5011,296.682590,12
5012,297.301630,10
5013,296.874460,12
5014,297.738760,11
5015,297.674540,13
5016,296.888070,12
5017,296.908250,14
5018,297.854010,14
5019,297.638540,10
5020,296.912540,16
5021,297.248630,13
5022,297.105360,13
5023,297.205730,16
5024,297.613180,13
5025,297.096960,13
5026,297.234500,9
5027,298.028440,12
5028,297.134770,13
5029,297.356360,14
5030,297.802960,10
5031,297.728980,13
5032,297.365370,14
5033,297.503630,12
5034,298.235820,17
5035,297.772030,14
5036,297.410720,11
5037,298.144800,11
5038,298.368360,18
5039,298.388380,13
5040,297.733680,16
5041,297.970020,15
5042,297.409240,14
5043,297.586770,14
5044,298.143580,12
5045,298.031210,12
5046,297.977340,11
5047,298.122240,12
5048,298.098360,15
5049,298.001380,15
5050,298.073120,13
5051,298.038500,14
5052,297.946260,10
5053,298.022010,13
5054,297.946190,15
5055,297.700560,11
5056,298.332700,14
5057,298.214900,9
5058,298.322090,12
5059,298.100830,12
5060,298.615320,13
5061,297.895650,16
5062,298.832930,12
5063,298.965690,13
5064,298.493540,17
5065,297.682520,13
5066,298.605600,16
5067,297.833230,13
5068,297.966070,14
5069,297.963630,16
5070,296.908040,12
5071,298.585060,15
5072,297.567360,16
5073,297.987830,13
5074,298.385040,17
5075,298.074910,12
5076,298.293710,17
5077,297.410330,12
5078,297.701640,11
5079,297.522980,14
5080,297.990120,12
5081,298.526280,10
5082,298.409430,9
5083,298.582240,9
5084,297.757720,8
5085,298.116330,10
5086,297.981750,10
5087,298.442900,12
5088,298.520490,8
5089,298.359210,10
5090,298.021050,15
5091,298.343640,17
5092,297.410560,13
5093,298.868060,14
5094,296.993590,16
5095,297.802010,16
5096,297.643290,12
5097,297.562830,15
5098,297.965600,10
5099,297.116090,15
5100,298.293250,10
5101,297.544970,16
5102,297.858830,18
5103,298.067180,14
5104,297.727620,12
5105,298.311510,18
5106,297.404460,17
5107,297.402600,17
5108,298.527660,16
5109,298.454710,10
5110,297.283510,13
5111,297.396260,15
5112,298.550840,16
5113,297.316760,12
5114,298.530830,17
5115,296.893190,14
5116,296.843930,15
5117,297.807330,14
5118,297.550260,13
5119,297.473070,13
5120,297.716250,8
5121,297.959890,8
5122,297.679710,11
5123,297.509420,11
5124,297.408710,10
5125,297.712690,12
5126,297.537230,10
5127,297.348820,12
5128,297.546780,13
5129,297.633200,8
5130,297.307140,9
5131,297.941290,13
5132,297.542870,12
5133,297.547090,12
5134,297.636660,10
5135,297.116750,14
5136,297.591190,10
5137,297.401690,14
5138,297.580710,13
5139,297.302000,12
5140,297.288470,16
5141,296.804790,18
5142,296.789700,19
5143,297.328440,17
5144,297.394550,13
5145,297.886610,19
5146,297.042590,15
5147,297.533580,17
5148,298.079500,14
5149,298.222980,18
5150,297.304320,11
5151,298.163510,17
5152,298.047410,14
5153,297.155750,11
5154,297.704900,19
5155,297.042940,15
5156,297.804600,11
5157,298.433580,17
5158,296.852600,16
5159,297.829600,11
5160,298.055790,15
5161,297.485070,14
5162,297.030270,14
5163,298.267810,13
5164,298.105720,16
5165,297.740140,14
5166,297.320620,10
5167,297.499930,13
5168,297.646350,12
5169,297.725430,11
5170,297.265440,10
5171,296.792360,14
5172,297.395930,11
5173,298.001110,11
5174,298.386730,12
5175,297.209580,12
5176,296.951340,12
5177,297.473810,10
5178,297.682170,15
5179,296.949880,15
5180,296.452810,11
5181,297.576570,8
5182,297.486970,12
5183,297.531080,10
5184,296.873590,9
5185,296.547890,13
5186,297.974080,10
5187,296.657190,12
5188,297.225380,7
5189,297.072470,12
5190,296.740550,12
5191,296.389380,14
5192,296.743460,14
5193,297.168840,14
5194,297.829960,10
5195,296.992660,14
5196,297.022710,15
5197,297.588320,12
5198,297.342220,13
5199,296.314700,14
5200,296.314700,0
