step,price,volume
0,299.774540,15
1,300.510080,15
2,300.061790,17
3,300.649130,17
4,300.566050,13
5,299.947900,16
6,299.823580,16
7,299.405080,15
8,299.815290,18
9,300.787070,14
10,300.545880,14
11,300.483170,16
12,300.720290,13
13,300.700140,14
14,300.401360,14
15,301.346580,12
16,300.067740,14
17,300.220270,13
18,300.784550,11
19,300.228060,15
20,299.809190,13
21,300.383520,20
22,299.915830,13
23,301.013010,14
24,300.454280,15
25,300.035490,10
26,300.109580,15
27,300.281540,17
28,301.033850,17
29,299.966100,13
30,299.327540,9
31,299.612810,12
32,299.431250,12
33,300.147300,14
34,299.587440,8
35,299.668230,10
36,299.882250,11
37,299.990000,11
38,299.604220,9
39,300.195360,12
40,300.642180,12
41,300.328460,12
42,300.107370,11
43,300.287680,11
44,300.473870,13
45,300.378760,9
46,299.995320,13
47,300.532720,9
48,300.742650,12
49,300.913320,13
50,299.115630,13
51,300.416930,12
52,300.844400,14
53,300.653640,12
54,300.124830,14
55,300.347560,17
56,300.477690,16
57,300.518990,10
58,300.269930,15
59,300.359680,16
60,300.071810,9
61,300.330110,10
62,300.153440,8
63,300.461590,10
64,300.128230,11
65,300.546890,9
66,300.721870,9
67,300.299860,7
68,300.709650,13
69,300.770170,9
70,300.777980,13
71,300.498570,14
72,300.260790,13
73,299.842380,13
74,301.313600,16
75,300.515410,13
76,301.064570,12
77,300.523790,15
78,300.428650,15
79,300.796790,14
80,300.896900,15
81,300.290280,13
82,300.356900,11
83,300.312430,10
84,300.306410,10
85,300.643490,11
86,299.698800,12
87,300.756530,14
88,300.126800,12
89,300.366790,7
90,300.294920,12
91,299.866110,12
92,300.398930,10
93,300.122000,9
94,300.313770,13
95,299.508440,10
96,300.380150,14
97,300.087800,11
98,299.909930,15
99,300.203560,12
100,300.105350,12
101,300.914220,13
102,299.481620,15
103,301.113230,14
104,300.073650,12
105,300.098350,10
106,300.039090,13
107,300.282070,12
108,299.659880,12
109,300.414810,10
110,300.778160,11
111,299.772710,11
112,300.458640,10
113,300.442130,8
114,300.646640,10
115,300.508410,10
116,300.549470,9
117,300.464230,10
118,299.975480,10
119,300.368950,9
120,300.446780,14
121,301.277710,14
122,300.217950,15
123,299.571730,16
124,300.451960,15
125,300.050030,19
126,300.531870,12
127,300.367720,17
128,299.939730,15
129,300.563560,13
130,300.441890,13
131,300.448160,9
132,300.593460,12
133,301.180370,11
134,299.892880,12
135,300.503150,11
136,300.662060,11
137,300.723570,13
138,300.387540,10
139,300.106410,11
140,299.774570,16
141,299.673110,15
142,300.469900,15
143,298.972630,18
144,300.044050,13
145,299.994820,12
146,299.673190,17
147,299.897950,16
148,300.301510,17
149,300.349160,14
150,299.152620,15
151,298.990190,14
152,299.287250,16
153,299.655100,10
154,300.195440,14
155,299.245840,10
156,299.641550,14
157,300.266460,11
158,299.921700,9
159,299.824170,10
160,299.603190,12
161,299.758930,18
162,299.362320,13
163,299.171040,13
164,299.111470,11
165,299.577870,11
166,299.554700,14
167,298.954160,13
168,299.392380,14
169,299.365740,12
170,299.706880,12
171,299.608210,11
172,299.797110,8
173,299.788910,11
174,299.868520,10
175,299.528980,9
176,299.941410,9
177,299.786160,10
178,300.173240,11
179,299.481270,11
180,299.574760,10
181,299.713220,11
182,299.366840,15
183,299.892640,12
184,299.492090,15
185,300.133290,12
186,299.517760,11
187,299.534810,10
188,299.652440,12
189,300.046580,14
190,299.983160,9
191,300.251880,11
192,299.652120,11
193,300.092070,12
194,300.222750,15
195,299.997300,9
196,300.119350,12
197,299.599050,13
198,300.031620,11
199,300.079150,13
200,299.970640,14
201,299.684090,17
202,299.685130,13
203,299.671730,13
204,299.952150,12
205,300.022100,14
206,299.998770,14
207,299.856830,11
208,300.157370,11
209,299.604490,10
210,300.608180,12
211,300.595300,11
212,300.258240,10
213,299.913490,11
214,300.244940,9
215,300.014410,11
216,299.854680,8
217,300.765660,10
218,300.148490,10
219,300.913250,14
220,299.510720,9
221,299.628280,16
222,300.158360,12
223,299.398850,16
224,299.973380,12
225,299.866480,15
226,299.325830,13
227,300.358040,11
228,299.630700,13
229,300.193560,12
230,299.749040,14
231,300.330720,15
232,300.376670,12
233,300.376150,12
234,300.628260,15
235,300.078290,12
236,300.456420,14
237,300.244920,9
238,300.001390,10
239,300.201970,11
240,300.884790,15
241,299.854750,15
242,300.165680,15
243,301.188240,13
244,299.877180,12
245,299.692390,13
246,299.507930,14
247,300.778850,16
248,300.583550,15
249,300.244790,20
250,300.534660,13
251,301.289140,17
252,300.446390,15
253,300.524770,15
254,300.414670,13
255,301.062050,16
256,301.430490,16
257,300.531470,12
258,299.315650,19
259,299.888090,14
260,300.869830,17
261,300.249790,15
262,300.547370,13
263,300.655050,13
264,300.008160,14
265,300.619830,14
266,300.430540,15
267,299.941550,15
268,300.377890,18
269,300.470050,15
270,300.422180,15
271,300.184250,15
272,300.713160,10
273,300.441920,12
274,300.080510,9
275,300.045560,13
276,300.493350,9
277,299.641430,14
278,301.259430,12
279,300.625530,13
280,300.527650,13
281,300.092650,11
282,299.810540,11
283,300.047870,13
284,300.399640,10
285,300.403340,14
286,300.627560,12
287,299.596010,13
288,300.624810,14
289,300.492510,10
290,299.585740,8
291,299.313280,14
292,300.059180,11
293,299.934630,11
294,298.951000,13
295,299.206360,16
296,299.409450,10
297,299.994340,8
298,300.029780,15
299,299.854280,10
300,300.428580,15
301,300.176780,13
302,300.270050,14
303,299.563980,13
304,299.268850,14
305,299.836440,13
306,300.284720,12
307,298.927480,16
308,299.473170,12
309,300.074660,13
310,299.467730,15
311,299.693250,9
312,299.282370,11
313,299.730680,12
314,300.229920,11
315,300.200770,13
316,299.265180,9
317,300.432150,14
318,300.123860,12
319,299.224720,12
320,299.329540,14
321,299.826490,9
322,299.826000,13
323,299.215460,13
324,299.258270,12
325,299.568190,12
326,299.896350,10
327,299.972790,11
328,299.310590,13
329,299.194240,12
330,298.818430,17
331,299.291330,13
332,299.294840,15
333,300.049880,14
334,299.744440,14
335,298.778210,15
336,299.297960,14
337,299.311140,15
338,300.052400,15
339,299.080610,17
340,300.069600,13
341,299.542410,13
342,299.300030,12
343,298.913200,13
344,298.922540,14
345,299.118670,11
346,299.627700,11
347,299.990060,14
348,299.006180,14
349,299.091160,16
350,299.505590,11
351,298.941260,11
352,299.419540,14
353,298.931840,14
354,299.196580,14
355,298.928000,9
356,299.638890,13
357,299.429610,12
358,299.239640,13
359,299.998570,11
360,300.176800,13
361,300.181740,12
362,300.481340,11
363,300.384810,12
364,299.718770,14
365,299.855440,15
366,300.088480,13
367,300.458750,13
368,299.883120,12
369,299.831780,12
370,300.066300,13
371,300.070820,12
372,300.459140,9
373,300.425230,10
374,300.315360,11
375,300.380990,7
376,300.169270,14
377,300.781020,10
378,300.376890,11
379,300.934820,8
380,300.953090,9
381,301.346390,13
382,300.707110,10
383,301.589620,15
384,300.518360,15
385,300.737010,5
386,300.591480,11
387,300.296250,11
388,300.611040,14
389,300.990140,13
390,301.315710,17
391,300.740610,14
392,300.593200,13
393,301.017100,16
394,300.890330,19
395,300.810180,16
396,301.547600,16
397,300.466740,18
398,300.604370,16
399,300.352090,15
400,300.952090,16
401,300.403750,17
402,301.070140,18
403,301.060290,14
404,300.873880,10
405,301.275170,14
406,300.530940,11
407,300.770630,16
408,300.745230,14
409,301.602800,16
410,301.219120,14
411,301.291310,12
412,301.213090,16
413,301.566120,14
414,300.900710,15
415,300.988930,12
416,299.908270,18
417,299.904480,10
418,300.275160,14
419,300.414610,15
420,300.193000,15
421,300.178120,14
422,299.912380,14
423,300.264710,14
424,300.131040,10
425,299.950610,17
426,301.049100,13
427,300.391420,12
428,299.705280,19
429,299.981670,13
430,300.277290,8
431,299.871630,10
432,300.853890,11
433,300.054950,9
434,300.293640,7
435,300.569180,10
436,299.676600,14
437,299.909660,10
438,300.150490,15
439,300.157590,8
440,300.045600,17
441,299.669040,12
442,300.361230,14
443,300.026890,10
444,299.793470,18
445,300.105520,10
446,299.476660,14
447,300.316320,11
448,300.183980,15
449,300.131760,18
450,300.634880,8
451,300.668680,9
452,300.712140,11
453,300.317970,10
454,299.973170,14
455,299.931100,11
456,300.257680,7
457,300.930700,11
458,300.484900,13
459,300.355790,9
460,299.922390,13
461,301.118090,13
462,300.097770,11
463,300.196840,12
464,300.470840,12
465,300.212600,12
466,301.111410,12
467,300.226020,16
468,299.949320,11
469,301.106950,13
470,300.883960,13
471,300.802460,16
472,301.020580,12
473,300.556160,15
474,300.213950,14
475,300.358280,16
476,300.271200,16
477,300.091300,14
478,301.290530,14
479,300.771500,15
480,300.801800,13
481,300.425480,10
482,300.257340,15
483,300.243520,13
484,300.835000,12
485,300.865080,13
486,300.375790,15
487,300.358320,13
488,299.964670,14
489,300.980610,10
490,300.091790,15
491,301.016240,12
492,301.924830,15
493,301.521310,15
494,300.858410,13
495,300.646850,12
496,300.969540,11
497,301.041010,14
498,301.296030,12
499,301.319970,10
500,301.856050,11
501,301.921560,15
502,301.944490,11
503,301.331190,10
504,301.539220,16
505,301.552160,12
506,302.288610,15
507,301.911960,11
508,301.300760,11
509,301.591620,15
510,301.863500,17
511,301.805160,15
512,300.767110,16
513,301.252450,13
514,300.888440,16
515,301.250460,13
516,301.745030,17
517,301.121440,13
518,300.571190,17
519,301.044330,16
520,300.739400,12
521,301.248610,18
522,300.207690,15
523,300.860720,13
524,300.975190,11
525,301.077340,16
526,300.905940,16
527,301.069870,14
528,300.600650,15
529,301.120730,12
530,300.457750,14
531,300.467910,19
532,300.455910,15
533,299.296540,19
534,300.966600,16
535,299.918250,15
536,300.579770,15
537,300.365700,12
538,300.591970,17
539,300.510170,15
540,299.175120,16
541,299.183540,14
542,298.897550,11
543,298.928680,13
544,298.851830,12
545,298.267980,14
546,298.406040,14
547,298.650230,11
548,298.442380,12
549,298.686790,15
550,298.168220,15
551,298.618330,13
552,298.755330,13
553,298.080440,14
554,297.970270,12
555,298.134190,13
556,297.953710,11
557,298.087000,12
558,297.542960,15
559,297.969740,14
560,298.112850,12
561,298.351210,10
562,298.292980,15
563,297.957840,13
564,297.791220,13
565,298.438910,13
566,297.854510,13
567,297.837970,13
568,299.344140,12
569,298.912530,13
570,298.398040,12
571,298.600780,8
572,298.883710,11
573,298.431090,14
574,298.411130,10
575,298.417670,12
576,299.149750,12
577,298.924030,12
578,298.905780,11
579,298.614070,13
580,297.994260,9
581,298.673990,13
582,297.300140,14
583,298.276080,10
584,297.539760,16
585,298.059340,10
586,298.508670,14
587,298.465510,9
588,298.909610,10
589,298.665700,12
590,298.156810,16
591,298.654090,13
592,299.034930,15
593,297.728310,17
594,298.189850,15
595,298.427950,14
596,298.550040,14
597,298.716660,14
598,298.182320,13
599,299.279280,18
600,298.463780,16
601,298.547280,17
602,297.676700,20
603,297.450890,15
604,297.579220,16
605,298.097380,17
606,298.057860,10
607,298.087440,18
608,297.137930,17
609,297.619280,18
610,297.753730,18
611,297.197290,13
612,297.060920,15
613,296.986750,14
614,297.988950,12
615,297.572100,13
616,296.679970,14
617,296.932490,16
618,297.545670,13
619,297.360440,14
620,296.470860,11
621,296.787680,11
622,296.492700,10
623,297.265920,11
624,297.494270,12
625,297.353040,10
626,297.234570,12
627,296.755130,9
628,296.832830,9
629,297.102410,11
630,297.540990,10
631,297.143390,11
632,297.017410,13
633,297.025120,13
634,296.719140,11
635,297.880670,11
636,297.114760,12
637,296.951240,9
638,296.795610,14
639,297.117580,12
640,296.573560,14
641,297.433120,14
642,296.310190,16
643,297.394600,16
644,296.930390,16
645,296.704960,15
646,297.357600,17
647,297.657460,18
648,297.892620,14
649,296.875710,12
650,296.769660,11
651,296.925810,11
652,296.235660,13
653,296.712320,11
654,296.666380,10
655,296.306450,13
656,296.181590,11
657,296.823410,16
658,296.272600,10
659,296.639840,6
660,295.975490,14
661,296.550290,16
662,297.076630,16
663,297.294080,17
664,296.256220,18
665,297.801160,19
666,296.551720,15
667,296.035830,16
668,297.211560,15
669,296.698840,16
670,296.421100,11
671,295.740390,16
672,295.910120,14
673,295.334090,13
674,296.740210,10
675,295.818420,15
676,295.977430,15
677,296.368120,14
678,296.153510,14
679,296.080450,11
680,296.117960,9
681,296.439410,9
682,295.945130,9
683,296.409200,12
684,296.398210,11
685,296.590070,14
686,296.820180,10
687,296.708660,12
688,296.800660,12
689,295.590280,10
690,295.236640,12
691,295.387830,14
692,295.105050,16
693,295.578910,13
694,295.349510,12
695,295.640390,15
696,295.956400,14
697,296.472580,13
698,296.032210,14
699,296.286290,16
700,294.773780,12
701,295.019080,13
702,294.476230,12
703,294.902640,8
704,294.464290,15
705,294.792030,14
706,295.380380,13
707,295.353110,14
708,295.164430,10
709,294.987200,15
710,295.060460,10
711,294.287880,14
712,294.287390,12
713,294.533630,13
714,295.100830,14
715,295.483650,12
716,295.776030,15
717,295.294160,13
718,294.566330,14
719,295.202460,11
720,295.990020,14
721,295.698230,14
722,294.833400,12
723,294.829190,15
724,295.115740,13
725,295.527260,16
726,294.864910,14
727,295.097200,12
728,295.175040,11
729,295.094220,12
730,295.538230,9
731,294.801880,9
732,295.411280,8
733,295.309860,13
734,295.569380,11
735,294.446750,11
736,295.184880,12
737,295.411850,12
738,295.371120,12
739,295.102400,12
740,295.056370,14
741,295.376070,16
742,294.819150,10
743,295.036360,13
744,294.696760,14
745,294.436640,13
746,295.264940,14
747,294.902770,11
748,294.347250,12
749,294.583550,10
750,295.263890,15
751,294.822890,15
752,295.374990,18
753,295.617220,13
754,294.383590,17
755,295.000950,16
756,294.677630,17
757,295.572660,15
758,294.854890,13
759,294.930710,18
760,294.790180,13
761,295.530210,10
762,295.690020,9
763,295.347950,9
764,295.318690,11
765,294.940750,12
766,295.732060,12
767,295.865540,14
768,295.542510,13
769,295.810700,13
770,295.388840,11
771,295.309430,11
772,295.147990,12
773,295.730400,13
774,295.007480,14
775,294.722670,14
776,294.914880,10
777,295.147460,11
778,295.559900,16
779,295.616350,14
780,295.340030,14
781,294.696450,15
782,295.456330,11
783,294.924630,11
784,295.890450,17
785,295.571320,12
786,295.254870,11
787,295.155430,15
788,295.181450,11
789,295.264710,13
790,295.088490,18
791,295.464990,10
792,294.923600,13
793,294.301630,14
794,295.436620,14
795,294.822520,14
796,295.072950,11
797,294.706110,14
798,294.835740,15
799,294.620960,15
800,295.205740,10
801,295.396280,14
802,295.171570,15
803,295.343200,16
804,295.636870,12
805,294.781960,9
806,295.147800,11
807,295.961970,10
808,294.852390,11
809,295.128010,10
810,294.483250,16
811,295.687500,18
812,294.891710,17
813,295.644300,15
814,294.402330,17
815,294.634280,14
816,295.398320,15
817,295.674440,14
818,295.534250,14
819,295.729890,15
820,295.668850,12
821,296.377800,8
822,297.126180,10
823,296.087660,11
824,296.575180,12
825,296.293160,11
826,295.868730,14
827,296.382840,13
828,295.923830,12
829,296.615180,12
830,296.683240,10
831,296.373400,8
832,296.023050,10
833,296.124220,6
834,295.803250,11
835,296.033670,10
836,295.706440,8
837,296.477210,11
838,296.292280,11
839,296.084590,5
840,295.928400,10
841,296.234390,12
842,295.683530,17
843,296.307510,13
844,296.626710,14
845,295.841880,15
846,295.654460,16
847,295.931630,10
848,296.444540,14
849,296.311150,9
850,296.210340,10
851,296.055170,10
852,296.002920,9
853,295.892850,8
854,295.831220,10
855,295.479220,13
856,295.792350,8
857,295.629880,12
858,295.884800,12
859,295.841790,10
860,296.064680,12
861,296.374630,14
862,296.087760,13
863,296.106750,12
864,296.505550,12
865,295.979790,11
866,295.161100,12
867,296.557280,13
868,295.780680,12
869,296.537550,12
870,295.910570,15
871,295.279870,12
872,295.625270,15
873,296.256840,15
874,295.789850,14
875,295.361560,13
876,295.575840,13
877,295.449970,12
878,295.368080,15
879,295.630230,14
880,295.462760,12
881,294.622420,12
882,295.182570,11
883,294.625890,16
884,295.671800,14
885,295.413440,16
886,295.381640,15
887,295.034150,16
888,295.311010,11
889,295.466350,9
890,295.141860,11
891,295.524430,12
892,295.665080,12
893,295.577000,11
894,295.996290,8
895,294.579610,16
896,295.489130,11
897,295.336940,10
898,295.004650,10
899,295.258800,14
900,295.533000,13
901,295.201210,14
902,295.058150,14
903,294.717930,11
904,295.680830,11
905,294.635880,14
906,295.056780,15
907,294.503070,14
908,295.478650,11
909,295.412980,15
910,294.739940,14
911,295.066880,12
912,295.199430,13
913,294.253440,17
914,294.982880,10
915,295.129020,14
916,294.922970,12
917,294.682770,13
918,295.467380,15
919,294.461040,16
920,295.165440,16
921,294.430660,13
922,293.959030,15
923,294.579410,13
924,295.382550,12
925,295.302060,12
926,294.928770,13
927,294.721510,14
928,295.202300,14
929,294.871610,13
930,294.650020,14
931,294.310290,15
932,295.203390,13
933,294.975450,10
934,294.779830,11
935,295.183870,16
936,295.152310,10
937,295.371390,14
938,295.053440,10
939,294.525360,10
940,295.243540,11
941,295.505620,13
942,295.757500,10
943,294.648540,11
944,295.140040,8
945,295.194300,9
946,294.992350,13
947,295.096920,8
948,295.034410,7
949,295.309300,9
950,295.437920,13
951,295.476340,9
952,295.471170,9
953,294.966940,8
954,295.102060,9
955,295.393830,12
956,295.074590,14
957,295.046670,10
958,295.224900,12
959,295.248620,11
960,295.878570,8
961,295.870260,8
962,295.831650,11
963,295.492390,7
964,295.422040,8
965,294.923030,11
966,295.141840,8
967,295.148310,11
968,295.360010,10
969,295.283000,10
970,294.950110,13
971,295.687580,11
972,295.492350,10
973,294.731790,13
974,295.922900,11
975,295.157120,12
976,295.534970,13
977,295.850200,13
978,295.369000,12
979,294.763640,12
980,294.662990,12
981,294.340050,12
982,295.152890,12
983,295.235740,16
984,293.858510,12
985,294.225990,13
986,294.950510,12
987,295.261330,12
988,294.692010,14
989,294.730850,14
990,294.975640,11
991,294.435750,13
992,294.622940,13
993,294.749120,13
994,294.951150,13
995,294.536980,10
996,295.092220,11
997,294.837650,15
998,294.496860,12
999,295.204070,14
1000,294.580270,10
1001,294.630400,12
1002,295.453060,11
1003,295.130280,10
1004,295.219100,11
1005,295.232010,12
1006,295.024760,10
1007,294.948560,11
1008,294.657880,12
1009,294.850840,11
1010,295.413170,16
1011,294.454410,11
1012,294.146570,16
1013,295.146270,14
1014,294.347960,16
1015,294.464090,15
1016,294.885360,13
1017,295.278440,13
1018,294.256860,17
1019,294.756410,15
1020,294.505300,14
1021,294.536490,12
1022,295.182380,12
1023,294.586180,12
1024,294.584260,12
1025,295.177640,12
1026,294.659490,14
1027,294.820450,10
1028,294.659260,11
1029,294.370940,15
1030,294.820070,13
1031,295.234010,10
1032,294.476060,11
1033,294.735730,11
1034,294.656640,13
1035,294.390410,12
1036,294.930140,12
1037,294.591780,11
1038,294.784320,10
1039,295.141270,11
1040,294.763310,13
1041,294.932620,11
1042,295.689880,12
1043,295.557850,10
1044,294.855720,12
1045,295.350100,11
1046,295.162100,12
1047,295.586010,11
1048,295.371210,9
1049,295.772840,13
1050,295.028400,11
1051,295.915270,13
1052,295.044030,14
1053,295.139220,12
1054,295.616640,12
1055,295.259180,13
1056,295.707890,11
1057,295.629040,16
1058,295.263980,12
1059,295.440990,13
1060,295.995980,14
1061,296.028920,12
1062,295.773980,11
1063,295.696390,11
1064,296.097470,9
1065,295.285450,12
1066,295.978470,10
1067,295.801220,10
1068,295.571100,12
1069,295.564550,12
1070,295.772110,14
1071,296.100640,14
1072,295.307470,15
1073,295.504060,15
1074,294.873830,13
1075,294.844010,14
1076,295.779410,12
1077,295.486200,13
1078,295.579470,14
1079,296.012410,16
1080,295.072770,11
1081,295.785150,15
1082,295.754650,17
1083,295.870280,15
1084,295.706290,9
1085,295.126010,15
1086,296.659500,13
1087,296.252250,16
1088,296.045480,12
1089,295.856560,15
1090,295.575300,11
1091,295.891300,13
1092,295.840400,15
1093,294.847120,13
1094,295.918850,11
1095,294.848990,16
1096,295.165350,13
1097,295.624590,11
1098,295.489570,9
1099,295.542930,10
1100,294.909830,14
1101,295.050170,15
1102,294.932950,17
1103,295.719670,16
1104,295.958200,16
1105,295.939580,15
1106,295.836100,13
1107,294.854410,13
1108,296.070390,16
1109,295.440590,14
1110,295.195650,11
1111,294.776070,10
1112,295.049200,14
1113,294.161430,17
1114,294.922260,11
1115,294.720520,13
1116,295.584270,11
1117,294.824210,12
1118,295.620330,13
1119,295.159250,13
1120,294.538240,11
1121,294.629720,13
1122,295.255510,14
1123,294.858090,14
1124,294.900820,13
1125,294.685340,12
1126,294.703670,17
1127,294.455880,12
1128,294.950020,12
1129,294.479390,11
1130,294.611020,12
1131,294.629370,11
1132,294.657120,13
1133,294.250490,11
1134,294.677030,11
1135,294.526930,10
1136,294.746360,8
1137,294.605280,7
1138,294.729650,8
1139,294.881830,13
1140,294.453330,11
1141,294.069360,15
1142,294.737660,16
1143,294.113020,11
1144,294.295170,14
1145,294.775250,14
1146,294.544780,14
1147,294.395770,13
1148,294.142550,16
1149,294.606350,13
1150,295.342230,8
1151,295.001210,12
1152,295.667080,12
1153,295.276180,11
1154,295.390330,12
1155,295.717040,11
1156,295.350350,13
1157,294.840120,10
1158,295.004330,13
1159,295.289280,9
1160,295.276610,14
1161,294.638220,15
1162,294.228810,13
1163,295.401370,13
1164,295.164490,15
1165,294.927930,15
1166,295.547560,16
1167,295.196320,11
1168,295.177570,13
1169,295.636090,15
1170,295.429710,15
1171,295.116690,10
1172,294.431580,12
1173,295.083910,11
1174,295.615740,11
1175,294.958880,14
1176,295.103910,11
1177,294.614180,12
1178,295.124480,11
1179,294.914680,13
1180,294.328430,10
1181,294.323110,8
1182,294.205140,8
1183,294.020240,10
1184,294.584770,12
1185,294.770720,9
1186,294.171720,9
1187,294.544230,8
1188,294.686200,12
1189,293.770630,11
1190,295.086560,16
1191,294.758080,16
1192,294.137670,15
1193,294.492270,14
1194,294.990990,13
1195,294.658630,13
1196,293.871840,16
1197,294.831950,12
1198,294.256750,12
1199,295.403450,20
1200,294.990030,11
1201,294.901110,14
1202,294.106560,10
1203,294.466940,11
1204,294.754640,10
1205,294.272420,16
1206,294.091190,13
1207,294.930180,15
1208,293.965750,14
1209,294.481590,15
1210,294.934930,9
1211,295.190230,11
1212,294.855400,9
1213,295.003890,7
1214,295.312780,9
1215,294.768320,13
1216,295.379140,12
1217,294.943660,11
1218,295.776460,11
1219,294.952730,12
1220,295.441220,18
1221,295.673650,11
1222,295.228710,13
1223,295.651430,16
1224,296.022460,14
1225,295.032400,12
1226,295.948880,15
1227,296.035840,14
1228,295.134160,11
1229,295.644850,13
1230,295.772030,12
1231,296.224640,15
1232,295.814620,18
1233,295.808210,17
1234,295.220250,16
1235,296.127390,15
1236,296.077190,15
1237,296.295990,15
1238,295.971070,14
1239,295.286970,13
1240,295.836510,12
1241,295.921470,14
1242,295.067990,10
1243,295.111240,14
1244,295.538830,11
1245,295.646040,13
1246,295.625750,9
1247,295.430390,12
1248,295.409250,9
1249,294.935280,12
1250,294.413110,12
1251,294.808250,12
1252,295.268050,11
1253,294.960410,14
1254,295.179900,12
1255,295.241350,14
1256,294.694570,8
1257,295.088640,8
1258,295.192210,12
1259,294.500250,17
1260,293.807990,12
1261,295.142540,10
1262,294.992710,14
1263,294.156200,14
1264,295.052450,14
1265,294.643010,14
1266,294.772570,14
1267,294.975810,12
1268,293.824930,12
1269,294.092130,13
1270,294.099180,14
1271,293.787620,13
1272,293.707930,13
1273,294.666000,15
1274,294.911290,16
1275,294.441540,14
1276,293.673200,14
1277,294.203190,14
1278,293.564090,10
1279,294.188440,13
1280,294.930710,13
1281,293.932830,12
1282,294.765900,12
1283,294.281120,10
1284,293.679160,13
1285,294.528630,11
1286,293.562460,14
1287,294.516880,11
1288,293.946280,11
1289,294.540880,8
1290,294.752820,10
1291,294.192480,11
1292,294.919340,14
1293,294.323050,12
1294,294.069650,14
1295,294.556190,10
1296,294.612880,13
1297,294.539150,13
1298,294.455580,10
1299,294.448550,11
1300,294.530030,15
1301,294.530200,15
1302,294.352080,9
1303,294.396900,13
1304,294.912680,14
1305,294.848230,18
1306,294.764640,17
1307,295.270260,14
1308,294.141370,12
1309,295.059760,17
1310,294.637450,13
1311,294.754760,12
1312,294.010680,13
1313,294.013660,13
1314,294.393810,10
1315,295.002510,12
1316,294.568410,12
1317,294.682840,13
1318,294.757940,14
1319,294.656770,15
1320,294.314680,14
1321,294.386590,12
1322,294.462990,8
1323,294.314570,16
1324,293.752660,16
1325,294.931020,16
1326,293.940980,13
1327,294.090390,16
1328,294.639770,13
1329,293.628910,14
1330,293.225140,13
1331,293.418810,13
1332,293.145930,12
1333,292.721260,15
1334,293.411670,10
1335,293.419130,11
1336,293.752790,16
1337,293.286590,13
1338,293.578020,13
1339,293.007180,10
1340,293.378400,16
1341,292.564920,12
1342,292.437160,15
1343,292.686770,11
1344,292.638420,13
1345,292.384850,9
1346,292.610290,13
1347,293.330800,10
1348,293.066600,12
1349,292.892390,16
1350,292.674530,15
1351,292.784920,13
1352,292.298750,12
1353,292.118330,12
1354,292.692670,11
1355,292.592920,12
1356,292.583110,12
1357,292.293310,12
1358,292.083650,12
1359,292.707010,11
1360,291.492810,15
1361,292.386780,15
1362,292.601520,12
1363,291.753000,15
1364,292.291880,15
1365,292.906180,15
1366,292.567900,12
1367,292.683350,13
1368,292.259020,10
1369,292.689320,12
1370,292.751600,12
1371,292.325000,12
1372,293.267640,17
1373,292.146660,11
1374,292.079270,15
1375,292.908250,11
1376,292.250910,15
1377,292.321630,12
1378,293.229260,12
1379,292.319680,13
1380,292.135710,13
1381,292.416990,13
1382,291.553420,14
1383,291.644700,15
1384,291.791840,14
1385,291.260770,11
1386,291.805330,13
1387,291.670120,9
1388,291.897880,15
1389,291.430350,15
1390,291.608830,15
1391,290.755410,9
1392,291.360270,15
1393,291.578850,15
1394,291.579500,13
1395,291.012240,12
1396,292.386100,18
1397,291.812370,14
1398,291.340710,10
1399,291.858900,15
1400,291.484190,13
1401,291.526590,15
1402,291.544180,14
1403,290.949120,14
1404,290.448320,15
1405,291.867270,14
1406,290.790850,14
1407,292.444820,15
1408,291.416770,12
1409,290.989790,14
1410,291.190960,12
1411,291.293750,13
1412,291.894150,14
1413,291.345670,13
1414,291.781410,15
1415,291.512020,14
1416,291.041890,13
1417,291.874360,13
1418,291.218500,14
1419,290.750010,11
1420,290.184430,9
1421,291.037030,14
1422,290.931760,12
1423,290.241340,11
1424,290.678760,12
1425,290.553140,11
1426,291.132000,12
1427,290.629470,14
1428,290.781990,10
1429,291.486490,9
1430,291.566100,15
1431,291.161110,10
1432,290.992910,14
1433,291.137090,11
1434,290.802890,14
1435,291.025130,15
1436,291.402850,12
1437,291.384610,14
1438,291.783590,12
1439,291.847720,12
1440,290.919340,11
1441,290.736650,9
1442,291.210320,11
1443,291.688710,11
1444,290.399160,11
1445,290.767560,10
1446,290.369370,11
1447,290.784010,12
1448,291.181390,12
1449,291.128690,12
1450,290.710790,12
1451,290.877980,14
1452,290.314440,12
1453,290.371140,14
1454,290.477570,12
1455,291.197730,14
1456,290.659700,12
1457,290.088960,11
1458,290.339020,12
1459,290.511460,13
1460,290.179830,9
1461,290.570410,10
1462,290.669880,12
1463,290.443780,11
1464,290.105230,13
1465,290.239550,13
1466,290.146000,16
1467,290.836170,15
1468,290.630880,13
1469,289.582240,16
1470,289.753390,13
1471,289.667800,12
1472,289.293130,13
1473,290.495550,17
1474,289.347470,15
1475,289.258710,13
1476,288.886240,14
1477,289.495040,18
1478,289.259290,15
1479,290.311870,14
1480,290.411750,11
1481,291.157820,11
1482,290.285280,11
1483,290.655610,14
1484,290.411210,10
1485,290.218250,9
1486,289.993450,12
1487,290.202430,12
1488,290.474150,10
1489,290.009760,11
1490,291.637580,18
1491,291.229430,14
1492,291.011820,18
1493,290.570280,15
1494,290.602860,12
1495,291.164530,10
1496,290.514680,13
1497,291.450950,18
1498,290.792440,12
1499,290.994360,15
1500,290.395970,12
1501,290.630200,12
1502,290.945380,16
1503,289.851420,15
1504,290.209320,15
1505,290.828670,14
1506,289.436870,17
1507,289.763600,12
1508,290.688840,11
1509,290.844890,14
1510,290.501650,15
1511,290.589930,13
1512,290.769970,19
1513,290.038710,15
1514,290.446160,17
1515,289.902160,15
1516,290.109420,18
1517,290.402390,14
1518,290.427890,15
1519,290.900520,15
1520,290.701810,11
1521,290.664920,14
1522,289.893580,15
1523,290.270340,12
1524,290.654180,10
1525,291.089190,12
1526,290.803810,14
1527,290.624360,12
1528,290.410970,11
1529,291.188750,10
1530,290.659090,14
1531,290.901580,10
1532,290.424160,14
1533,290.299390,16
1534,290.178990,16
1535,290.119690,15
1536,290.719670,15
1537,290.866240,14
1538,290.388270,15
1539,290.178520,15
1540,291.605450,12
1541,292.162820,10
1542,291.950840,10
1543,291.508960,12
1544,291.210020,9
1545,291.826780,8
1546,290.981200,13
1547,291.462100,12
1548,291.263820,10
1549,292.014260,12
1550,291.555540,14
1551,291.497710,13
1552,290.837170,14
1553,292.045890,11
1554,291.547570,14
1555,291.355680,13
1556,291.986590,13
1557,291.707790,10
1558,292.008790,14
1559,291.133070,15
1560,291.015210,11
1561,290.981960,11
1562,291.224720,12
1563,290.855220,14
1564,291.323790,10
1565,291.119810,16
1566,290.712770,12
1567,291.545120,13
1568,291.421470,15
1569,290.967790,12
1570,291.268490,9
1571,290.707160,14
1572,291.314910,8
1573,291.296310,10
1574,290.689030,11
1575,291.516500,15
1576,291.137770,10
1577,291.596380,14
1578,291.040220,15
1579,291.561400,11
1580,291.009040,13
1581,291.134990,11
1582,291.237490,10
1583,291.642210,15
1584,291.365100,12
1585,291.234170,11
1586,291.120040,12
1587,291.743070,11
1588,291.823790,14
1589,291.661900,13
1590,292.095280,13
1591,291.791270,14
1592,291.437570,10
1593,292.028150,13
1594,291.596280,12
1595,291.965820,12
1596,291.416080,14
1597,292.078680,12
1598,291.604330,14
1599,291.739850,12
1600,291.490330,9
1601,291.954590,6
1602,291.688330,11
1603,291.641310,13
1604,291.328660,13
1605,291.131110,12
1606,292.117940,9
1607,291.989920,7
1608,291.252890,8
1609,290.994660,11
1610,291.425030,13
1611,292.391480,11
1612,291.803180,12
1613,291.890330,10
1614,290.702090,16
1615,291.167310,15
1616,290.780990,16
1617,291.424890,11
1618,292.783490,15
1619,291.956630,10
1620,292.671670,13
1621,292.330080,10
1622,292.559730,13
1623,292.119120,10
1624,291.683320,13
1625,292.349770,13
1626,291.828100,11
1627,292.191430,8
1628,292.377320,16
1629,292.207570,13
1630,292.450000,9
1631,292.344710,10
1632,292.307270,8
1633,291.948390,10
1634,292.009770,9
1635,291.975280,12
1636,291.430090,10
1637,291.927970,11
1638,292.460520,13
1639,292.108560,10
1640,291.820750,14
1641,292.145630,13
1642,291.576190,14
1643,292.541530,13
1644,292.782870,16
1645,292.543390,14
1646,292.309710,12
1647,291.580750,11
1648,291.379730,18
1649,292.340140,11
1650,292.683330,13
1651,292.876320,16
1652,292.793600,15
1653,292.902180,15
1654,293.321390,16
1655,292.396200,15
1656,292.610680,15
1657,292.984790,16
1658,292.560020,16
1659,292.874730,16
1660,291.885140,12
1661,292.309250,12
1662,292.985980,12
1663,292.228600,15
1664,292.382500,15
1665,292.803060,9
1666,292.458420,15
1667,291.918480,11
1668,292.166570,12
1669,292.578710,14
1670,292.059940,16
1671,291.114530,16
1672,291.742110,12
1673,292.126390,9
1674,292.496760,13
1675,291.986890,14
1676,291.715910,14
1677,291.900290,13
1678,292.081100,11
1679,292.639480,17
1680,292.573280,13
1681,292.349610,12
1682,292.130980,10
1683,291.592770,11
1684,292.095160,12
1685,291.386010,15
1686,291.952130,11
1687,293.128070,10
1688,292.947050,13
1689,292.369770,13
1690,292.238780,13
1691,292.184750,14
1692,292.666150,9
1693,292.050970,11
1694,291.873530,12
1695,292.023530,10
1696,292.796580,16
1697,292.278240,10
1698,292.012660,8
1699,292.078630,11
1700,292.012630,13
1701,292.193940,13
1702,291.444630,15
1703,292.657040,15
1704,291.808470,15
1705,292.086540,14
1706,291.291430,13
1707,292.732400,15
1708,291.994720,14
1709,292.486940,15
1710,291.350020,12
1711,291.953590,11
1712,292.284830,14
1713,291.828060,13
1714,291.757490,12
1715,291.552960,14
1716,291.354860,12
1717,291.358170,12
1718,291.936600,13
1719,291.464090,12
1720,291.951980,9
1721,292.045460,10
1722,291.872140,12
1723,292.543260,12
1724,291.598270,12
1725,292.266080,12
1726,292.061500,14
1727,291.750800,10
1728,291.973440,12
1729,291.837540,11
1730,291.881960,12
1731,292.566640,12
1732,291.894790,13
1733,291.931130,9
1734,291.350760,13
1735,292.490850,14
1736,292.472370,10
1737,292.596350,6
1738,292.285210,13
1739,292.122000,14
1740,291.936500,11
1741,291.824840,11
1742,292.111010,12
1743,292.460110,12
1744,292.537730,12
1745,290.820530,14
1746,292.413430,7
1747,290.847610,11
1748,292.586960,9
1749,291.609860,14
1750,291.503360,17
1751,291.571480,18
1752,292.224880,18
1753,291.510110,14
1754,292.095780,18
1755,291.172930,16
1756,292.172670,19
1757,290.758660,19
1758,290.989390,18
1759,292.071450,17
1760,291.690570,9
1761,291.710880,9
1762,291.923640,12
1763,292.048420,13
1764,291.462240,11
1765,292.729680,12
1766,291.733290,13
1767,291.975430,14
1768,292.610950,12
1769,291.976570,12
1770,292.313090,13
1771,292.334350,14
1772,292.657440,13
1773,292.474850,14
1774,292.797360,14
1775,291.497820,9
1776,293.093120,16
1777,291.916940,17
1778,292.308410,15
1779,291.893650,18
1780,292.695620,11
1781,292.806300,13
1782,293.345890,13
1783,292.357800,13
1784,292.629440,14
1785,293.292600,13
1786,293.098060,12
1787,293.538780,12
1788,293.238830,14
1789,293.220960,10
1790,293.103520,12
1791,292.911450,14
1792,293.742610,14
1793,292.776950,13
1794,293.233760,11
1795,293.112470,11
1796,293.544570,12
1797,293.113760,13
1798,293.411810,13
1799,293.057480,14
1800,293.482810,10
1801,293.663470,14
1802,293.523140,11
1803,293.119660,8
1804,293.370740,12
1805,292.902130,12
1806,293.439310,10
1807,293.353100,9
1808,293.035910,12
1809,293.422840,10
1810,293.231800,15
1811,293.762750,20
1812,293.017150,14
1813,292.872940,14
1814,292.265100,14
1815,292.546510,13
1816,292.881440,16
1817,292.987990,14
1818,293.066420,15
1819,293.220540,16
1820,293.464620,18
1821,292.591590,22
1822,294.117120,16
1823,293.668500,16
1824,293.575250,17
1825,292.671480,13
1826,292.953700,18
1827,293.653140,13
1828,292.174400,19
1829,292.960750,10
1830,293.251090,12
1831,293.840510,14
1832,293.769840,16
1833,292.973470,12
1834,293.143070,14
1835,293.038650,13
1836,292.978250,16
1837,293.268200,15
1838,294.028350,14
1839,293.339530,13
1840,293.780740,11
1841,293.601660,10
1842,294.195410,13
1843,294.273540,12
1844,293.115240,15
1845,293.020420,14
1846,294.035790,14
1847,293.794590,12
1848,293.877490,12
1849,293.303620,14
1850,293.282980,9
1851,293.938850,9
1852,293.641560,12
1853,293.062320,9
1854,293.425130,10
1855,293.722330,9
1856,293.311550,9
1857,292.967140,13
1858,293.228750,11
1859,293.877860,9
1860,293.847330,11
1861,292.640130,12
1862,293.662180,12
1863,292.825470,13
1864,293.039890,12
1865,292.349400,14
1866,292.911330,15
1867,293.625880,9
1868,293.066890,14
1869,293.384580,13
1870,294.144970,13
1871,293.527070,11
1872,293.237240,11
1873,293.386970,12
1874,293.425300,12
1875,293.091060,10
1876,292.736190,15
1877,293.517070,12
1878,293.431310,12
1879,293.183790,16
1880,293.299210,14
1881,293.591710,12
1882,294.273080,13
1883,294.109690,7
1884,293.685730,11
1885,294.147240,11
1886,294.446870,14
1887,294.523050,14
1888,293.439300,9
1889,294.259130,15
1890,293.091860,14
1891,292.855120,13
1892,293.539770,14
1893,292.754550,18
1894,292.796120,15
1895,293.545840,14
1896,293.507970,16
1897,294.098420,13
1898,293.665620,12
1899,293.910110,16
1900,293.874750,11
1901,292.970950,12
1902,293.297630,11
1903,293.667580,14
1904,293.502260,12
1905,293.630870,13
1906,293.413360,14
1907,293.474060,14
1908,293.238260,12
1909,292.492810,16
1910,293.770560,9
1911,293.682850,16
1912,292.945500,12
1913,293.564610,12
1914,293.489890,9
1915,293.521650,14
1916,293.441140,13
1917,293.698840,14
1918,293.369700,13
1919,293.303690,8
1920,293.188730,14
1921,292.853320,8
1922,292.698880,11
1923,292.581200,12
1924,292.636320,12
1925,293.189070,12
1926,293.189890,10
1927,293.089620,9
1928,293.182250,10
1929,292.979260,10
1930,293.464410,13
1931,292.689460,12
1932,292.948170,12
1933,293.921290,9
1934,292.995290,11
1935,293.023040,11
1936,293.311430,13
1937,293.611330,11
1938,293.393660,14
1939,292.954710,11
1940,291.950430,8
1941,292.841350,12
1942,291.940670,10
1943,292.307110,9
1944,292.393500,8
1945,291.815470,12
1946,292.513460,10
1947,292.275110,10
1948,291.895880,9
1949,292.277250,7
1950,292.067360,14
1951,292.103080,12
1952,292.318710,12
1953,292.333530,12
1954,291.360410,8
1955,291.802490,10
1956,292.597070,15
1957,291.620580,9
1958,292.182550,11
1959,291.904440,7
1960,292.405910,10
1961,291.583560,9
1962,292.313060,13
1963,292.187220,12
1964,292.230730,10
1965,291.480370,10
1966,292.075750,12
1967,291.848240,9
1968,291.967170,15
1969,292.261130,12
1970,292.150690,9
1971,291.534110,9
1972,291.935880,14
1973,292.279610,11
1974,291.832180,12
1975,291.903770,11
1976,291.806530,12
1977,291.529590,12
1978,292.383760,15
1979,292.187750,10
1980,292.083550,12
1981,291.319140,11
1982,291.538770,10
1983,291.514730,10
1984,291.236440,14
1985,291.183490,11
1986,291.397620,12
1987,291.198700,15
1988,291.462860,11
1989,291.223520,10
1990,290.997360,15
1991,290.778650,15
1992,291.688580,12
1993,291.489520,13
1994,291.483170,16
1995,291.186250,14
1996,290.845780,16
1997,291.220060,14
1998,290.690960,13
1999,291.018760,11
2000,291.161620,17
2001,290.693220,16
2002,290.458600,17
2003,291.047670,16
2004,290.228710,19
2005,291.262310,20
2006,290.411140,18
2007,290.994460,15
2008,291.116520,20
2009,290.996490,16
2010,290.987920,12
2011,291.892050,10
2012,291.495610,8
2013,291.381610,11
2014,291.907390,11
2015,291.680820,9
2016,291.033380,10
2017,291.579930,12
2018,291.537800,7
2019,291.845130,13
2020,291.624380,14
2021,291.595410,12
2022,291.670230,12
2023,291.900290,10
2024,291.505590,16
2025,291.186060,15
2026,291.139890,11
2027,291.395170,14
2028,291.509940,14
2029,291.714960,14
2030,291.054820,13
2031,291.594020,14
2032,291.685330,14
2033,290.786530,19
2034,290.860270,11
2035,291.592350,15
2036,291.689120,16
2037,290.939160,14
2038,291.167650,14
2039,291.736570,14
2040,292.136620,15
2041,291.957340,10
2042,292.485310,13
2043,292.737850,16
2044,291.836720,17
2045,291.728510,13
2046,291.632840,14
2047,291.376840,17
2048,292.104010,14
2049,291.891550,15
2050,293.098170,11
2051,293.133970,10
2052,292.545920,10
2053,292.144490,7
2054,293.217100,12
2055,293.018360,12
2056,292.866920,10
2057,292.673940,13
2058,292.402890,13
2059,292.522820,7
2060,292.078260,18
2061,292.614670,11
2062,292.537020,13
2063,291.899090,15
2064,291.559910,15
2065,292.750920,11
2066,292.651700,16
2067,292.212140,9
2068,292.228150,12
2069,292.153100,13
2070,291.989260,12
2071,291.897010,13
2072,291.934930,12
2073,292.294220,11
2074,291.972510,10
2075,292.556540,11
2076,292.132040,11
2077,291.907780,11
2078,292.312630,8
2079,291.553400,11
2080,291.722730,12
2081,292.103370,9
2082,292.142820,13
2083,292.240190,10
2084,292.020050,8
2085,291.729330,11
2086,291.722930,13
2087,292.328420,9
2088,292.102760,11
2089,292.362760,10
2090,291.120380,15
2091,292.469400,12
2092,291.986950,17
2093,292.790450,15
2094,291.276060,12
2095,292.043940,15
2096,291.512970,16
2097,292.476190,14
2098,292.014080,14
2099,291.906220,13
2100,292.266490,14
2101,292.012990,12
2102,291.199550,14
2103,292.108380,14
2104,292.527160,15
2105,292.069720,15
2106,292.615160,17
2107,292.140470,14
2108,292.069890,17
2109,292.061190,13
2110,292.753740,15
2111,291.684060,17
2112,292.459130,14
2113,292.281360,16
2114,292.529590,17
2115,292.023640,17
2116,291.738740,17
2117,292.395260,19
2118,292.328050,13
2119,291.779830,16
2120,292.178270,8
2121,291.914990,12
2122,292.000890,9
2123,291.751110,10
2124,292.872390,12
2125,292.852430,12
2126,292.497610,13
2127,292.408770,9
2128,292.009030,10
2129,292.134150,12
2130,291.665280,16
2131,291.447810,14
2132,292.003050,13
2133,291.966890,14
2134,291.938580,11
2135,292.033440,13
2136,292.361750,14
2137,291.251630,14
2138,292.299900,15
2139,291.593540,14
2140,291.808490,6
2141,291.903160,13
2142,292.084750,9
2143,292.036140,8
2144,291.999190,8
2145,292.047360,10
2146,292.056390,7
2147,292.531750,7
2148,292.422410,9
2149,292.184800,8
2150,292.505100,8
2151,292.023490,10
2152,292.625240,12
2153,292.464440,14
2154,291.787860,15
2155,292.095050,12
2156,292.253550,14
2157,291.783340,12
2158,291.626250,12
2159,292.284440,11
2160,292.219360,19
2161,291.914420,15
2162,292.645440,14
2163,292.771450,15
2164,292.002530,13
2165,292.371060,15
2166,291.646470,15
2167,292.339960,18
2168,292.776530,16
2169,292.838300,14
2170,291.712950,14
2171,291.715230,15
2172,292.187100,15
2173,291.732690,14
2174,291.827880,15
2175,291.031010,16
2176,290.990760,14
2177,291.567750,14
2178,291.569220,13
2179,291.591900,19
2180,291.961390,10
2181,292.053970,11
2182,291.566940,8
2183,291.621620,12
2184,291.501880,10
2185,292.095710,11
2186,291.627140,9
2187,292.173820,12
2188,292.227950,11
2189,292.086230,11
2190,292.377820,12
2191,291.639620,16
2192,293.078230,13
2193,291.890260,15
2194,292.239630,17
2195,292.717230,12
2196,292.883630,14
2197,292.405870,13
2198,292.418420,15
2199,292.491960,13
2200,291.690880,12
2201,292.371810,10
2202,291.888560,15
2203,291.708700,13
2204,292.288500,14
2205,292.119260,14
2206,292.181460,14
2207,292.214540,15
2208,291.620830,13
2209,292.279730,13
2210,292.351550,14
2211,292.459840,13
2212,292.019250,12
2213,291.756520,13
2214,292.349960,14
2215,292.520230,14
2216,291.455620,13
2217,292.503520,11
2218,292.282160,14
2219,291.215400,14
2220,291.423550,11
2221,291.852760,13
2222,292.331520,14
2223,291.970250,13
2224,291.703440,9
2225,291.946970,17
2226,291.614570,13
2227,291.847230,9
2228,292.100590,10
2229,291.725930,10
2230,291.828830,13
2231,291.866500,12
2232,292.447180,11
2233,292.248380,13
2234,292.156790,11
2235,292.636410,9
2236,292.122210,8
2237,292.496730,13
2238,291.957130,12
2239,292.035220,12
2240,291.326120,10
2241,291.489950,13
2242,291.760980,8
2243,291.712610,7
2244,291.788200,13
2245,290.958680,9
2246,291.530640,13
2247,291.580110,10
2248,291.166850,10
2249,292.094800,10
2250,291.537980,12
2251,291.409500,14
2252,291.711010,11
2253,291.655350,15
2254,292.356620,12
2255,292.545420,15
2256,292.519200,13
2257,291.316530,15
2258,292.479500,10
2259,291.662160,11
2260,292.264940,13
2261,291.259880,14
2262,291.680000,13
2263,291.193970,14
2264,292.186790,15
2265,291.926840,11
2266,290.875280,16
2267,291.228060,12
2268,292.075360,13
2269,291.761380,12
2270,291.104410,10
2271,291.555950,11
2272,292.064050,11
2273,291.085570,15
2274,290.878800,11
2275,291.889370,10
2276,291.204410,13
2277,292.022010,15
2278,291.449780,13
2279,290.958480,12
2280,290.834310,12
2281,291.147440,13
2282,290.737850,13
2283,291.021490,15
2284,290.596930,15
2285,292.040480,12
2286,291.114600,15
2287,291.753360,15
2288,290.871950,12
2289,291.020850,16
2290,290.383240,12
2291,290.445940,10
2292,290.816800,13
2293,290.780450,13
2294,291.360420,9
2295,290.414260,12
2296,290.098520,14
2297,291.532020,10
2298,290.401600,13
2299,291.167810,13
2300,291.966020,13
2301,291.722260,15
2302,291.458160,12
2303,291.944180,13
2304,291.884560,13
2305,291.543750,11
2306,291.949290,18
2307,292.040820,13
2308,291.920360,17
2309,292.515250,14
2310,291.862050,11
2311,291.809010,13
2312,291.451850,14
2313,292.463740,13
2314,292.291390,11
2315,291.542710,15
2316,292.850690,17
2317,291.962400,15
2318,291.709550,14
2319,291.986670,13
2320,292.957480,13
2321,292.719470,12
2322,292.408450,14
2323,291.687120,12
2324,292.055240,12
2325,292.372350,11
2326,292.426020,9
2327,292.058610,10
2328,292.695150,12
2329,292.945010,14
2330,293.638910,12
2331,293.435160,17
2332,292.863740,12
2333,292.469340,14
2334,292.786990,15
2335,292.797630,14
2336,293.183510,14
2337,292.566150,15
2338,292.586840,14
2339,293.648190,16
2340,294.400520,14
2341,294.433700,15
2342,294.109790,12
2343,294.157950,13
2344,294.066010,15
2345,294.320910,10
2346,294.023820,12
2347,293.787720,14
2348,294.184630,12
2349,293.926410,11
2350,293.273960,16
2351,293.071480,16
2352,293.703590,14
2353,293.843980,12
2354,293.811070,16
2355,293.979900,16
2356,294.002970,15
2357,293.517070,12
2358,293.333060,15
2359,294.347660,13
2360,294.781070,14
2361,294.434670,14
2362,293.926430,15
2363,294.395090,10
2364,294.459040,13
2365,294.528520,12
2366,293.921320,12
2367,293.906130,12
2368,293.891550,15
2369,294.175270,16
2370,294.320670,12
2371,294.609920,13
2372,294.431030,14
2373,294.535340,11
2374,295.001570,13
2375,294.432410,11
2376,294.211240,15
2377,294.967030,13
2378,293.727370,13
2379,294.222860,17
2380,293.817420,12
2381,294.354590,11
2382,293.646610,12
2383,293.686870,12
2384,293.431190,12
2385,294.116960,12
2386,293.574920,14
2387,294.116730,13
2388,293.928870,13
2389,294.371230,11
2390,295.186250,11
2391,294.713560,11
2392,294.373930,10
2393,294.968790,10
2394,294.891530,9
2395,294.552370,15
2396,294.400710,13
2397,294.670540,13
2398,294.688720,11
2399,294.827250,11
2400,295.545780,13
2401,294.771080,14
2402,295.013800,14
2403,295.098190,16
2404,295.034920,13
2405,295.310810,14
2406,295.025400,14
2407,295.063300,18
2408,295.001490,18
2409,294.794120,14
2410,294.719680,12
2411,294.441770,17
2412,294.950090,11
2413,295.056650,13
2414,294.513600,15
2415,295.171000,13
2416,295.408040,14
2417,294.628310,11
2418,294.081900,16
2419,295.288500,12
2420,294.945230,14
2421,294.502790,13
2422,294.740380,11
2423,295.327960,14
2424,295.415490,13
2425,294.667030,14
2426,295.187760,16
2427,294.668490,13
2428,295.686660,14
2429,295.127930,14
2430,295.023290,13
2431,294.778400,13
2432,294.663010,15
2433,294.667880,11
2434,295.148220,12
2435,294.884840,10
2436,295.175170,11
2437,296.232810,18
2438,295.215960,12
2439,294.011880,15
2440,294.111260,11
2441,294.689580,12
2442,294.531540,16
2443,294.495710,13
2444,294.262640,11
2445,294.433960,10
2446,294.599180,14
2447,294.224550,10
2448,294.112980,10
2449,294.059730,14
2450,293.643030,14
2451,294.161450,16
2452,294.390220,20
2453,293.215270,14
2454,293.512300,16
2455,293.200530,17
2456,293.643640,12
2457,292.931320,14
2458,293.389120,13
2459,293.990010,14
2460,294.102870,10
2461,293.349580,12
2462,293.803960,15
2463,294.424510,11
2464,293.592350,10
2465,293.380960,14
2466,293.751860,12
2467,293.932260,9
2468,293.878600,10
2469,293.067680,10
2470,293.633280,15
2471,293.401880,17
2472,294.187180,16
2473,293.869440,12
2474,294.155990,12
2475,294.355020,15
2476,293.602780,15
2477,294.207800,13
2478,294.319920,13
2479,293.473010,15
2480,293.057560,17
2481,294.013020,12
2482,293.752430,12
2483,293.604120,14
2484,293.970100,12
2485,294.819220,16
2486,294.235740,14
2487,294.118370,11
2488,293.378230,14
2489,293.666540,13
2490,294.206060,15
2491,294.081460,14
2492,293.509920,11
2493,293.406420,8
2494,294.311930,14
2495,293.751490,9
2496,293.669880,13
2497,293.414740,13
2498,293.629840,13
2499,294.088300,14
2500,295.241620,11
2501,295.034420,12
2502,294.965970,8
2503,295.531240,11
2504,294.930990,13
2505,295.009670,9
2506,295.102790,13
2507,295.117040,10
2508,294.825690,9
2509,294.964300,13
2510,294.214840,16
2511,294.505900,13
2512,294.203670,17
2513,295.021920,13
2514,294.844740,12
2515,294.443480,15
2516,294.189970,16
2517,294.335690,15
2518,294.458170,11
2519,294.864620,11
2520,295.216630,13
2521,294.753620,15
2522,295.370120,11
2523,295.575140,12
2524,295.263090,15
2525,295.113880,13
2526,295.089720,10
2527,295.013440,12
2528,295.354390,14
2529,294.412970,13
2530,295.066300,13
2531,295.938510,13
2532,295.412030,13
2533,295.917750,15
2534,295.633740,14
2535,295.241050,14
2536,295.067680,16
2537,295.718930,10
2538,295.803700,13
2539,295.159880,14
2540,295.216320,18
2541,294.447350,16
2542,297.919550,15
2543,293.917620,8
2544,295.769070,16
2545,293.814520,8
2546,294.521090,16
2547,294.429890,14
2548,294.457500,13
2549,294.664400,12
2550,294.217460,12
2551,294.209420,13
2552,294.677610,14
2553,294.778940,14
2554,294.983660,17
2555,294.139330,12
2556,294.111810,12
2557,294.862090,12
2558,294.034170,15
2559,293.787890,15
2560,294.462110,13
2561,295.194910,12
2562,294.728160,12
2563,294.028460,17
2564,295.114850,11
2565,295.473370,17
2566,294.892610,12
2567,294.418310,15
2568,295.316570,10
2569,294.691140,10
2570,294.598580,11
2571,293.946910,11
2572,294.729060,15
2573,294.431210,11
2574,294.781980,12
2575,293.907580,10
2576,294.536770,13
2577,293.710460,13
2578,293.645560,12
2579,293.616760,10
2580,294.380410,13
2581,294.946900,14
2582,293.839220,16
2583,294.771920,15
2584,294.116720,13
2585,294.619370,12
2586,294.487930,12
2587,294.210990,15
2588,294.285340,16
2589,294.289350,13
2590,294.408610,13
2591,294.290550,15
2592,294.949320,12
2593,294.247050,13
2594,295.677330,14
2595,293.986340,13
2596,294.372340,14
2597,294.717560,16
2598,294.523740,10
2599,295.032010,13
2600,295.196670,12
2601,294.607690,15
2602,293.926990,15
2603,294.058110,15
2604,293.979360,14
2605,294.842710,13
2606,294.256040,15
2607,295.056730,13
2608,294.162350,16
2609,294.499780,11
2610,294.294420,15
2611,294.143990,14
2612,293.725980,16
2613,294.035640,14
2614,294.154070,16
2615,293.695790,13
2616,293.861650,15
2617,293.889510,14
2618,294.794070,17
2619,294.329540,15
2620,294.087470,10
2621,294.199520,12
2622,293.402530,13
2623,293.035140,13
2624,294.091340,11
2625,293.708580,13
2626,293.578170,11
2627,294.116700,15
2628,294.351230,15
2629,293.459490,13
2630,293.441250,9
2631,293.300170,14
2632,293.257710,11
2633,293.408890,13
2634,294.187540,11
2635,293.146950,14
2636,293.238000,15
2637,293.967340,10
2638,293.038060,15
2639,293.110750,13
2640,293.166960,12
2641,292.684640,9
2642,293.262810,12
2643,292.520060,13
2644,293.210730,11
2645,292.912670,14
2646,292.587430,15
2647,293.242890,11
2648,293.300060,12
2649,293.757800,10
2650,293.599010,16
2651,293.463870,12
2652,293.251850,9
2653,293.049200,14
2654,292.777490,13
2655,292.703630,17
2656,292.998710,12
2657,293.274050,16
2658,293.357250,14
2659,292.923500,13
2660,293.457860,19
2661,293.458430,18
2662,293.628400,16
2663,293.792990,15
2664,292.902500,14
2665,293.814450,12
2666,293.776630,13
2667,293.300590,17
2668,293.744570,13
2669,293.440910,14
2670,293.709860,10
2671,293.762690,13
2672,293.784070,13
2673,292.805420,11
2674,293.378640,13
2675,293.504420,9
2676,294.313440,11
2677,293.150580,12
2678,293.077100,11
2679,293.932020,10
2680,294.167440,15
2681,293.938700,13
2682,294.542240,11
2683,294.246970,13
2684,293.910270,12
2685,293.864620,16
2686,294.032130,11
2687,293.452440,14
2688,294.275460,16
2689,292.933720,18
2690,293.499220,7
2691,293.248180,7
2692,292.594740,12
2693,293.090450,9
2694,293.164060,12
2695,293.531830,14
2696,292.485400,10
2697,292.855170,14
2698,293.780050,14
2699,292.569910,12
2700,292.135340,16
2701,292.636310,11
2702,292.611020,13
2703,293.002030,13
2704,293.097920,14
2705,293.181450,13
2706,292.546530,13
2707,293.056000,16
2708,292.719280,12
2709,293.438290,14
2710,293.553450,14
2711,292.999690,14
2712,292.447930,11
2713,293.161210,12
2714,292.983630,13
2715,292.986330,12
2716,292.849860,11
2717,291.983990,12
2718,292.285210,11
2719,292.776950,14
2720,292.408010,12
2721,292.075860,14
2722,292.619080,11
2723,292.279070,14
2724,291.769960,13
2725,292.311710,12
2726,292.728870,13
2727,292.556250,13
2728,292.847610,12
2729,292.447310,11
2730,292.362600,12
2731,291.879280,14
2732,292.578880,11
2733,292.428130,12
2734,292.055440,13
2735,292.652290,14
2736,292.462220,14
2737,292.660920,12
2738,292.974500,18
2739,292.582030,10
2740,292.898470,18
2741,293.230840,11
2742,292.963430,12
2743,292.797630,15
2744,293.257460,17
2745,293.855980,14
2746,292.343330,14
2747,292.771640,11
2748,293.024840,15
2749,292.418120,17
2750,292.674480,8
2751,292.696530,9
2752,293.061520,11
2753,292.725020,9
2754,293.024190,11
2755,293.063950,10
2756,293.252760,10
2757,293.446860,10
2758,293.161230,8
2759,293.271980,10
2760,293.149790,16
2761,292.744560,16
2762,291.825070,16
2763,292.884060,15
2764,292.083820,17
2765,292.826480,17
2766,293.351710,17
2767,293.444560,15
2768,292.569100,16
2769,292.746980,13
2770,293.152590,11
2771,292.474890,13
2772,292.406530,10
2773,292.557420,12
2774,292.307010,10
2775,292.272690,8
2776,293.009600,9
2777,292.914220,7
2778,292.762540,8
2779,293.144420,8
2780,293.399050,17
2781,292.763800,14
2782,293.702540,15
2783,293.593370,11
2784,293.523880,10
2785,293.797550,13
2786,292.774610,14
2787,293.405530,11
2788,292.959460,12
2789,292.741370,13
2790,293.663250,10
2791,293.629350,10
2792,293.713490,12
2793,293.006300,11
2794,293.706730,10
2795,293.280140,9
2796,293.754970,9
2797,293.431710,9
2798,293.952810,13
2799,293.736490,12
2800,293.380330,13
2801,293.749730,13
2802,293.302520,15
2803,293.787300,13
2804,293.786180,12
2805,294.399880,14
2806,294.013310,16
2807,293.319570,11
2808,293.673810,14
2809,293.884130,14
2810,293.825450,14
2811,293.447160,11
2812,293.459300,10
2813,293.546830,12
2814,293.228160,12
2815,294.062420,11
2816,293.930690,10
2817,293.269970,12
2818,293.410490,10
2819,293.494840,11
2820,293.456610,12
2821,293.426270,12
2822,293.946560,12
2823,292.768980,10
2824,293.433040,9
2825,293.071520,6
2826,293.865930,11
2827,293.421640,14
2828,293.108230,12
2829,293.303660,10
2830,292.762350,13
2831,293.504110,11
2832,293.499900,12
2833,293.555590,13
2834,293.227220,11
2835,292.832290,16
2836,293.114900,12
2837,293.661060,13
2838,293.715090,10
2839,293.412120,13
2840,294.162940,14
2841,294.216600,14
2842,293.382960,14
2843,293.767760,15
2844,293.733580,10
2845,293.923030,15
2846,293.402410,13
2847,293.688500,12
2848,293.223550,12
2849,292.773350,13
2850,293.302230,9
2851,293.812970,10
2852,293.177360,7
2853,293.372180,10
2854,293.348560,11
2855,293.053410,10
2856,293.579130,13
2857,293.308520,12
2858,293.627140,12
2859,293.368430,10
2860,293.725080,15
2861,293.434020,18
2862,293.581790,14
2863,294.453850,17
2864,294.105030,12
2865,294.057930,16
2866,293.635940,13
2867,293.522200,12
2868,294.268070,15
2869,294.390270,14
2870,293.758100,12
2871,293.654020,13
2872,293.938480,13
2873,293.404240,12
2874,293.477010,13
2875,293.496510,12
2876,293.511010,14
2877,293.797300,19
2878,294.435790,11
2879,293.923310,12
2880,294.454500,13
2881,293.818280,10
2882,294.146180,10
2883,293.861110,10
2884,294.052740,8
2885,293.291770,10
2886,293.827680,13
2887,293.831980,9
2888,294.253660,13
2889,294.057800,10
2890,294.065730,13
2891,293.645330,10
2892,293.962700,11
2893,294.130350,14
2894,293.541810,12
2895,293.592950,12
2896,294.238200,9
2897,293.838590,15
2898,294.036070,12
2899,293.825270,15
2900,295.557840,17
2901,294.092430,14
2902,294.072410,10
2903,293.904130,14
2904,295.087760,12
2905,293.614000,11
2906,294.657200,15
2907,294.251620,14
2908,294.017710,16
2909,294.167190,13
2910,294.250380,15
2911,295.012550,16
2912,294.954550,13
2913,293.446560,14
2914,293.854120,15
2915,294.247690,15
2916,294.690230,16
2917,293.797660,16
2918,294.687210,19
2919,294.366160,17
2920,294.733710,12
2921,294.301040,13
2922,294.060050,8
2923,294.139020,13
2924,294.348450,14
2925,293.857700,12
2926,294.002140,10
2927,293.699000,13
2928,293.586400,14
2929,295.106310,17
2930,295.257710,17
2931,294.186310,14
2932,294.450170,19
2933,295.065600,15
2934,294.385040,15
2935,294.175090,17
2936,294.787230,19
2937,295.351320,14
2938,295.154790,14
2939,294.920290,15
2940,294.952000,16
2941,294.852590,15
2942,294.550640,18
2943,295.360250,18
2944,294.430440,19
2945,294.550950,20
2946,294.503310,15
2947,294.685880,20
2948,294.366050,18
2949,294.437480,15
2950,294.318670,13
2951,294.630990,11
2952,294.728050,9
2953,294.606490,10
2954,294.492820,17
2955,294.090700,16
2956,294.286620,9
2957,294.285260,9
2958,294.445190,12
2959,294.312300,9
2960,294.415010,9
2961,295.063530,11
2962,295.268520,11
2963,294.968630,14
2964,294.374880,12
2965,294.503530,10
2966,294.657820,14
2967,294.062790,9
2968,294.760910,12
2969,294.590420,10
2970,295.266180,13
2971,294.964050,14
2972,294.964350,16
2973,295.224500,13
2974,294.885500,12
2975,295.540610,14
2976,294.893950,14
2977,294.425420,17
2978,294.063170,13
2979,294.940900,14
2980,294.528710,17
2981,294.698300,16
2982,295.211210,15
2983,295.826740,12
2984,295.708830,16
2985,295.493440,15
2986,295.154220,16
2987,294.710660,13
2988,294.564590,16
2989,295.518470,16
2990,295.200230,11
2991,296.134720,15
2992,295.785800,13
2993,295.863860,13
2994,295.975260,14
2995,296.297370,15
2996,295.760790,10
2997,295.644040,15
2998,295.757070,12
2999,296.306660,13
3000,295.515560,14
3001,295.883800,14
3002,296.005080,10
3003,295.967090,9
3004,296.144010,13
3005,295.531210,12
3006,296.587170,15
3007,296.482990,12
3008,295.565800,14
3009,295.543690,17
3010,296.348010,10
3011,296.158650,11
3012,295.590510,10
3013,295.775430,5
3014,296.662700,11
3015,295.785570,8
3016,295.499980,10
3017,295.298120,8
3018,296.335870,10
3019,296.314590,8
3020,295.302250,14
3021,295.421690,17
3022,295.647840,13
3023,295.244860,12
3024,295.735600,12
3025,295.645480,13
3026,296.166380,17
3027,295.947870,11
3028,295.306920,17
3029,296.066850,15
3030,294.630690,13
3031,295.774890,10
3032,295.649260,14
3033,295.363150,12
3034,294.965820,15
3035,295.440830,15
3036,295.394370,14
3037,295.207770,13
3038,295.054910,12
3039,295.510960,13
3040,295.173590,15
3041,295.672910,12
3042,295.198830,14
3043,295.305400,14
3044,295.928880,13
3045,295.822590,13
3046,295.561210,12
3047,294.887600,11
3048,294.577630,11
3049,295.086430,14
3050,294.939210,12
3051,294.894750,16
3052,295.021260,13
3053,295.961290,13
3054,295.027120,8
3055,295.380950,11
3056,295.634850,10
3057,295.132620,11
3058,295.276320,14
3059,295.411160,12
3060,295.610610,13
3061,296.248670,15
3062,295.631590,13
3063,295.385700,12
3064,296.124010,14
3065,295.935280,13
3066,295.356860,14
3067,296.589010,15
3068,295.028000,15
3069,295.340630,15
3070,295.045470,9
3071,294.940490,12
3072,295.512470,11
3073,294.949820,11
3074,295.526620,13
3075,295.021840,13
3076,295.650280,14
3077,295.784670,13
3078,295.376270,12
3079,294.911320,15
3080,295.231150,10
3081,295.287210,12
3082,294.615400,11
3083,294.964120,9
3084,294.555250,12
3085,295.127540,14
3086,295.485350,13
3087,294.774010,13
3088,294.991630,12
3089,294.626400,12
3090,294.974770,14
3091,294.895710,11
3092,294.872230,15
3093,295.101770,10
3094,295.071190,11
3095,295.572310,11
3096,295.020350,16
3097,295.709110,15
3098,295.139980,12
3099,294.750190,16
3100,294.628340,11
3101,294.381800,14
3102,294.913120,12
3103,294.442670,12
3104,294.665360,12
3105,295.437470,11
3106,295.164220,12
3107,295.366530,13
3108,294.580600,13
3109,295.040650,14
3110,295.216960,14
3111,295.920610,16
3112,295.825040,15
3113,295.259980,15
3114,296.059440,18
3115,296.156010,10
3116,295.236990,14
3117,295.465360,14
3118,295.654910,11
3119,295.094130,13
3120,294.991050,11
3121,295.763700,18
3122,295.433670,16
3123,294.921160,14
3124,295.522910,15
3125,295.366340,15
3126,295.286290,17
3127,295.006620,16
3128,294.418030,14
3129,295.283540,15
3130,294.503530,15
3131,295.593580,13
3132,294.686680,14
3133,294.983590,15
3134,294.418620,16
3135,294.057740,13
3136,294.672050,13
3137,294.639400,13
3138,294.766770,16
3139,295.082120,14
3140,294.722820,11
3141,294.908990,14
3142,295.413480,14
3143,294.933840,11
3144,294.471110,8
3145,295.264510,11
3146,294.933680,13
3147,295.291480,10
3148,294.477310,12
3149,294.971320,11
3150,294.951440,11
3151,294.944010,13
3152,294.811730,14
3153,294.161120,15
3154,294.462610,16
3155,294.772990,15
3156,294.876890,12
3157,294.624840,14
3158,295.193540,12
3159,294.532050,14
3160,295.284270,10
3161,294.516170,12
3162,294.678210,13
3163,294.960710,12
3164,294.591320,11
3165,295.426130,12
3166,295.808190,12
3167,295.530240,11
3168,294.941510,14
3169,294.441210,13
3170,294.711340,13
3171,295.184660,17
3172,295.206890,16
3173,294.573930,14
3174,294.938000,14
3175,295.389030,17
3176,294.530690,17
3177,294.671600,18
3178,295.980970,16
3179,295.286250,14
3180,294.319630,11
3181,295.276390,11
3182,294.740990,12
3183,294.771580,13
3184,295.253440,12
3185,295.376950,12
3186,295.204690,12
3187,296.029950,13
3188,294.852960,13
3189,295.609180,9
3190,296.232060,12
3191,295.973520,10
3192,296.340520,14
3193,295.531330,11
3194,295.423640,13
3195,295.716060,13
3196,295.756330,10
3197,296.099230,12
3198,296.179790,13
3199,295.051720,10
3200,295.448220,13
3201,295.158960,16
3202,295.171810,14
3203,295.574590,11
3204,295.564230,10
3205,295.490690,13
3206,295.958440,14
3207,295.419510,12
3208,295.910980,11
3209,295.630060,10
3210,295.582990,9
3211,295.972810,12
3212,294.999500,12
3213,295.925680,15
3214,295.130770,10
3215,295.263740,12
3216,294.955270,10
3217,295.565380,14
3218,295.480490,12
3219,295.768380,9
3220,295.567940,13
3221,295.709940,13
3222,295.939030,17
3223,295.521740,14
3224,296.149380,14
3225,296.458540,17
3226,295.245960,16
3227,295.372790,17
3228,296.155180,17
3229,295.521130,18
3230,295.952360,10
3231,295.264580,15
3232,296.157870,10
3233,296.074660,9
3234,295.468300,12
3235,296.403620,10
3236,296.137890,11
3237,296.642860,14
3238,296.056890,11
3239,295.047940,12
3240,295.750180,14
3241,295.495660,14
3242,295.776850,14
3243,295.037770,13
3244,296.211800,16
3245,296.015860,14
3246,295.278130,15
3247,295.049520,13
3248,294.753010,14
3249,295.346030,15
3250,295.219420,13
3251,296.334430,11
3252,296.030550,14
3253,295.860130,10
3254,295.644220,12
3255,294.898730,9
3256,294.941730,15
3257,294.831650,16
3258,295.746520,13
3259,295.577030,12
3260,296.778790,14
3261,295.272620,11
3262,296.061230,14
3263,296.434190,17
3264,295.754890,13
3265,296.235130,15
3266,296.131770,12
3267,296.402410,14
3268,295.485820,13
3269,296.578300,14
3270,296.063510,11
3271,296.038180,12
3272,295.305320,15
3273,295.429570,12
3274,296.092670,14
3275,295.756810,13
3276,296.684790,15
3277,295.316480,13
3278,295.828230,16
3279,296.659570,14
3280,294.798060,12
3281,294.972970,17
3282,294.681570,18
3283,295.289200,16
3284,296.043230,15
3285,295.908380,11
3286,295.180460,15
3287,294.942630,14
3288,295.638980,15
3289,294.993600,13
3290,296.008700,9
3291,295.339960,7
3292,295.492620,9
3293,295.552670,9
3294,295.731820,8
3295,295.825130,12
3296,295.751870,11
3297,295.092750,11
3298,295.703440,9
3299,295.546170,6
3300,295.872910,14
3301,295.974340,13
3302,296.121780,17
3303,295.132320,14
3304,295.321630,14
3305,296.357160,14
3306,295.662580,10
3307,296.014550,16
3308,295.451600,16
3309,296.094220,12
3310,295.541070,12
3311,295.469500,11
3312,295.423080,12
3313,295.388790,13
3314,295.439830,15
3315,295.563750,9
3316,295.747450,8
3317,295.037860,13
3318,295.853350,14
3319,294.430300,12
3320,295.238820,13
3321,294.952200,15
3322,295.131380,13
3323,295.216950,11
3324,296.223750,15
3325,296.352090,18
3326,295.584880,13
3327,295.358850,12
3328,295.209940,14
3329,296.053600,13
3330,295.572510,10
3331,295.773790,16
3332,296.239950,10
3333,296.345040,13
3334,296.395480,9
3335,296.321320,9
3336,296.206140,9
3337,295.796550,9
3338,295.589730,9
3339,295.284670,12
3340,295.495980,12
3341,295.798790,13
3342,295.671820,12
3343,295.506640,12
3344,295.681990,15
3345,295.542640,13
3346,295.186990,14
3347,295.559360,16
3348,295.756110,12
3349,295.726310,12
3350,295.613310,15
3351,296.251250,14
3352,295.930280,13
3353,296.521290,15
3354,295.442240,17
3355,295.851040,15
3356,295.691270,15
3357,295.382820,15
3358,295.690030,14
3359,295.962220,14
3360,296.274890,14
3361,296.774010,14
3362,295.949310,10
3363,295.327960,12
3364,295.644060,15
3365,295.987400,15
3366,295.164490,12
3367,296.076330,15
3368,295.605640,8
3369,295.895520,15
3370,295.815420,15
3371,295.942010,11
3372,296.693160,14
3373,296.647960,13
3374,296.172550,12
3375,295.619760,14
3376,296.384910,10
3377,296.246060,12
3378,296.652770,9
3379,296.691570,13
3380,296.291380,17
3381,295.487950,13
3382,295.255390,15
3383,296.829030,16
3384,296.450950,15
3385,295.678690,14
3386,295.481650,15
3387,296.379390,16
3388,296.528040,16
3389,296.013140,19
3390,296.213800,12
3391,296.358770,16
3392,295.510180,12
3393,296.123340,11
3394,296.347580,14
3395,296.101320,10
3396,296.261540,9
3397,296.387180,11
3398,296.446890,11
3399,296.476510,10
3400,296.328920,17
3401,297.036430,15
3402,295.851440,16
3403,296.675930,15
3404,296.688270,17
3405,296.775930,14
3406,296.455370,16
3407,297.070990,17
3408,296.841270,15
3409,296.143270,17
3410,295.645990,9
3411,296.332530,9
3412,295.923520,12
3413,295.733240,11
3414,295.917030,12
3415,296.418040,10
3416,296.068820,13
3417,296.065170,13
3418,295.662780,12
3419,296.157350,11
3420,296.311790,14
3421,295.335990,11
3422,295.947870,10
3423,295.700380,11
3424,295.415080,12
3425,296.229450,15
3426,295.783870,13
3427,295.231190,13
3428,295.741760,11
3429,295.486830,13
3430,295.768000,16
3431,295.263230,10
3432,294.998780,13
3433,295.404260,13
3434,295.769070,15
3435,294.971990,12
3436,295.566310,13
3437,295.208200,12
3438,295.360560,10
3439,295.026260,12
3440,294.560740,12
3441,295.208060,12
3442,294.493150,15
3443,294.890710,9
3444,294.347880,12
3445,294.492230,12
3446,295.309400,12
3447,294.445930,17
3448,295.753770,14
3449,294.609630,12
3450,295.257650,13
3451,294.937560,13
3452,294.767170,14
3453,295.285530,13
3454,295.216390,12
3455,294.957530,14
3456,295.020920,11
3457,293.958340,13
3458,294.271540,11
3459,295.066000,16
3460,294.321190,15
3461,293.870520,15
3462,295.210620,12
3463,294.593480,15
3464,294.040550,11
3465,294.206990,12
3466,295.245360,14
3467,295.004680,13
3468,293.942860,15
3469,294.739050,11
3470,294.041610,10
3471,293.971930,11
3472,293.761410,12
3473,294.628170,9
3474,293.926310,14
3475,294.531710,13
3476,294.370400,11
3477,294.442270,8
3478,294.051210,11
3479,294.017280,13
3480,294.231050,10
3481,293.721220,10
3482,294.326490,7
3483,294.284490,10
3484,293.795830,9
3485,293.841010,10
3486,294.137960,9
3487,293.986570,8
3488,293.962470,12
3489,294.065230,11
3490,294.018510,9
3491,294.162600,8
3492,293.855920,13
3493,293.517970,8
3494,293.456540,9
3495,293.764460,9
3496,293.554360,10
3497,293.657560,10
3498,293.737950,9
3499,294.431780,9
3500,293.281950,16
3501,294.092220,14
3502,294.102450,12
3503,293.480630,14
3504,293.842660,9
3505,293.800680,15
3506,293.475870,13
3507,293.588830,13
3508,294.006290,14
3509,293.860410,15
3510,294.360980,14
3511,294.081880,11
3512,293.950920,15
3513,293.740880,11
3514,294.287880,12
3515,294.240980,11
3516,294.150720,15
3517,293.676730,14
3518,294.160210,14
3519,293.269070,12
3520,294.794560,17
3521,293.971190,15
3522,294.673320,17
3523,295.041420,18
3524,294.663500,14
3525,294.862510,15
3526,294.222830,16
3527,294.628670,18
3528,294.746220,16
3529,295.190790,17
3530,295.038010,14
3531,294.956780,10
3532,295.292390,16
3533,294.838640,12
3534,294.976510,13
3535,294.929640,9
3536,295.252850,15
3537,295.822210,15
3538,294.733130,8
3539,295.617540,14
3540,294.922710,14
3541,294.019420,12
3542,294.257400,12
3543,294.275590,12
3544,294.517050,15
3545,294.291140,14
3546,293.494510,12
3547,293.441170,11
3548,294.310570,11
3549,293.486700,10
3550,294.694660,13
3551,293.818090,13
3552,294.155660,11
3553,293.677190,13
3554,293.691030,13
3555,293.393130,13
3556,293.820690,10
3557,293.892590,9
3558,294.365220,15
3559,293.285620,13
3560,293.687130,12
3561,294.049850,13
3562,293.552850,8
3563,293.156180,13
3564,293.428910,10
3565,293.386670,14
3566,293.293410,8
3567,293.760560,12
3568,293.427090,13
3569,293.838850,13
3570,293.168200,10
3571,293.213380,12
3572,293.471330,11
3573,293.400230,10
3574,293.615680,13
3575,293.070760,11
3576,293.452250,11
3577,293.702350,15
3578,293.291240,14
3579,294.313730,16
3580,293.739570,13
3581,293.732790,15
3582,293.850500,16
3583,293.275300,12
3584,293.309900,12
3585,293.118110,15
3586,293.708650,14
3587,293.318230,12
3588,293.621740,11
3589,294.172010,14
3590,293.522270,12
3591,294.011840,10
3592,294.770530,17
3593,294.448410,11
3594,294.009100,12
3595,293.793870,11
3596,294.052370,12
3597,293.990050,14
3598,294.405870,14
3599,293.971100,14
3600,294.519720,10
3601,294.684870,18
3602,294.050860,11
3603,293.983560,14
3604,293.688480,14
3605,293.818560,18
3606,294.625080,15
3607,294.344430,14
3608,294.069310,15
3609,294.137870,17
3610,295.021200,13
3611,294.971120,12
3612,294.687540,7
3613,295.021510,8
3614,294.780660,10
3615,294.918620,14
3616,294.891780,10
3617,294.524570,12
3618,295.626480,9
3619,294.991670,10
3620,295.477480,15
3621,295.361600,16
3622,296.265710,15
3623,296.107990,17
3624,295.871830,15
3625,295.691040,12
3626,295.548690,12
3627,295.773490,16
3628,295.458720,15
3629,295.200870,14
3630,294.805650,13
3631,295.380750,11
3632,294.809230,9
3633,295.484500,10
3634,294.994020,13
3635,294.737710,10
3636,295.500080,9
3637,294.577370,9
3638,294.767410,9
3639,295.033380,13
3640,294.671610,13
3641,294.374580,13
3642,294.835560,15
3643,295.026470,15
3644,294.401460,14
3645,294.868620,16
3646,294.567170,13
3647,294.625500,12
3648,295.205460,14
3649,294.612420,13
3650,295.557250,14
3651,294.508160,13
3652,294.728460,7
3653,295.225020,13
3654,294.895010,13
3655,294.869480,14
3656,295.046890,13
3657,294.651240,15
3658,295.383360,11
3659,294.686640,13
3660,295.592830,17
3661,295.573180,17
3662,295.286510,15
3663,294.693560,20
3664,295.876940,16
3665,294.855900,19
3666,295.159580,15
3667,294.483580,16
3668,294.912580,18
3669,294.489940,16
3670,294.762550,14
3671,294.538950,10
3672,294.388330,9
3673,294.953650,11
3674,294.055770,9
3675,294.107200,12
3676,294.410100,10
3677,293.902990,11
3678,294.913900,9
3679,294.619370,9
3680,295.208380,8
3681,295.377840,12
3682,295.693050,9
3683,295.597460,11
3684,294.955970,8
3685,295.427210,11
3686,295.080530,7
3687,295.554890,7
3688,295.680410,9
3689,295.726720,10
3690,296.237770,14
3691,295.380750,10
3692,295.265310,12
3693,295.579270,12
3694,295.645050,11
3695,295.874090,9
3696,296.047050,13
3697,295.763180,13
3698,295.242050,12
3699,295.579810,11
3700,295.481580,9
3701,295.304160,10
3702,296.080070,9
3703,295.319230,9
3704,295.317800,14
3705,295.993310,10
3706,295.514960,12
3707,295.754330,11
3708,295.746170,8
3709,295.493540,11
3710,295.800560,15
3711,296.386170,14
3712,295.701410,13
3713,296.092700,12
3714,296.466850,10
3715,296.179950,15
3716,295.620810,12
3717,296.255900,13
3718,296.524170,11
3719,295.805190,13
3720,296.848590,14
3721,296.897180,14
3722,296.860400,12
3723,296.874780,10
3724,296.923690,16
3725,296.304310,14
3726,296.616780,14
3727,296.463280,14
3728,297.251230,18
3729,295.999020,12
3730,296.399640,16
3731,296.354810,13
3732,296.004800,12
3733,296.697260,16
3734,296.744730,16
3735,295.929210,12
3736,295.917590,13
3737,295.898770,12
3738,296.410340,15
3739,296.270930,12
3740,296.083740,11
3741,295.721530,13
3742,296.145650,12
3743,295.663500,16
3744,296.464750,12
3745,296.192170,12
3746,295.446160,15
3747,296.238340,11
3748,296.794740,13
3749,295.836790,12
3750,296.525590,10
3751,296.190030,14
3752,296.189000,8
3753,295.985150,14
3754,296.603480,16
3755,296.022130,14
3756,296.140930,15
3757,295.646430,15
3758,295.128560,14
3759,296.409490,12
3760,297.191550,15
3761,297.851350,16
3762,296.519670,13
3763,296.238190,12
3764,297.351710,16
3765,296.495230,15
3766,297.028850,12
3767,297.564950,12
3768,297.432200,13
3769,296.788130,15
3770,296.984370,13
3771,296.522660,17
3772,297.197120,14
3773,296.607520,17
3774,296.990210,14
3775,296.939290,16
3776,297.067960,15
3777,296.404210,14
3778,296.986170,16
3779,296.313280,18
3780,296.672150,15
3781,296.638280,16
3782,296.798880,16
3783,297.176330,18
3784,296.875250,15
3785,296.657530,16
3786,296.512680,15
3787,296.719590,15
3788,297.025810,20
3789,297.524420,17
3790,296.349610,11
3791,296.523990,10
3792,296.355660,8
3793,297.035840,11
3794,297.230900,13
3795,297.210110,13
3796,296.144660,11
3797,296.694890,10
3798,296.780720,12
3799,297.009400,12
3800,295.881260,9
3801,295.822770,9
3802,296.205480,14
3803,295.632790,11
3804,296.289170,11
3805,295.877330,13
3806,295.739290,14
3807,295.680330,12
3808,295.777940,12
3809,296.295180,8
3810,295.774610,16
3811,295.975280,11
3812,296.366730,12
3813,295.696270,12
3814,296.118870,16
3815,295.352210,13
3816,296.358000,12
3817,295.517480,11
3818,296.292510,13
3819,295.594160,10
3820,296.025860,14
3821,296.803220,17
3822,295.294880,16
3823,296.577330,11
3824,295.645620,17
3825,296.797330,14
3826,295.752820,14
3827,295.527720,12
3828,295.955350,16
3829,296.807410,14
3830,296.056100,16
3831,296.459550,12
3832,297.104160,11
3833,296.490270,9
3834,296.606190,9
3835,296.768030,11
3836,296.673020,14
3837,296.176260,10
3838,295.524990,13
3839,296.717520,14
3840,296.488290,11
3841,296.251660,14
3842,297.139090,13
3843,296.752330,14
3844,297.210120,13
3845,296.485380,12
3846,297.392330,12
3847,297.362310,11
3848,296.757420,14
3849,296.606090,13
3850,296.805410,10
3851,297.054400,12
3852,296.962420,15
3853,296.751710,11
3854,296.785960,9
3855,296.515130,13
3856,296.171660,11
3857,296.539290,9
3858,296.337940,9
3859,296.145830,11
3860,296.614970,11
3861,297.044410,11
3862,297.372040,10
3863,296.694320,12
3864,296.858150,11
3865,297.167770,13
3866,296.268770,12
3867,296.901970,12
3868,296.920300,12
3869,296.442240,12
3870,295.987540,16
3871,297.896570,15
3872,296.516440,10
3873,296.790000,14
3874,297.057250,16
3875,296.520540,16
3876,297.045230,15
3877,295.629720,17
3878,296.375720,12
3879,296.406570,13
3880,296.456180,12
3881,296.188660,11
3882,296.296810,14
3883,296.492330,13
3884,296.089740,9
3885,296.717160,10
3886,295.941860,12
3887,296.419450,9
3888,295.935540,9
3889,295.984350,11
3890,294.921300,17
3891,297.154360,13
3892,295.627430,12
3893,295.713810,13
3894,295.763340,9
3895,296.219300,14
3896,296.084400,14
3897,295.794680,13
3898,295.910030,15
3899,296.626000,12
3900,296.741550,14
3901,296.198260,12
3902,295.805180,15
3903,297.202830,17
3904,295.817040,12
3905,295.941840,14
3906,295.910190,13
3907,295.080520,15
3908,296.126910,12
3909,295.997370,12
3910,296.090280,11
3911,296.318040,13
3912,296.521980,15
3913,296.315720,14
3914,296.936530,13
3915,296.503140,14
3916,296.652820,15
3917,296.071320,10
3918,296.563800,20
3919,297.485110,13
3920,297.182030,14
3921,297.139690,15
3922,296.754090,12
3923,296.326180,14
3924,297.273260,18
3925,296.562970,14
3926,297.238480,17
3927,296.294060,18
3928,296.364670,16
3929,297.297780,16
3930,297.401400,18
3931,296.964270,15
3932,297.427660,11
3933,297.730470,13
3934,296.712860,15
3935,297.656490,14
3936,297.898170,19
3937,297.479040,14
3938,297.306160,12
3939,297.605110,15
3940,297.514620,14
3941,296.370830,11
3942,296.303090,16
3943,296.791240,15
3944,296.281180,11
3945,297.543510,12
3946,296.592120,12
3947,297.593140,14
3948,296.280560,16
3949,296.293420,15
3950,296.645910,14
3951,296.959250,12
3952,296.387000,12
3953,296.773220,10
3954,295.479520,13
3955,295.748620,13
3956,296.094780,12
3957,296.504450,15
3958,295.796340,15
3959,296.719300,11
3960,295.857460,12
3961,296.329150,10
3962,296.085650,15
3963,296.360930,11
3964,296.899280,15
3965,296.187760,12
3966,295.867210,17
3967,296.359920,14
3968,296.244150,15
3969,296.353650,13
3970,296.697930,12
3971,296.374210,13
3972,296.793450,9
3973,297.193280,15
3974,296.598830,11
3975,297.263550,14
3976,296.801540,12
3977,296.688120,12
3978,296.655390,13
3979,296.801180,9
3980,297.152590,14
3981,296.382800,11
3982,296.352050,10
3983,297.008140,10
3984,296.315060,10
3985,297.130080,11
3986,296.761840,12
3987,296.623900,11
3988,297.412770,9
3989,296.945420,14
3990,297.882510,17
3991,297.631870,15
3992,297.110570,14
3993,297.724210,11
3994,297.898100,18
3995,297.690990,16
3996,297.121650,19
3997,297.554890,14
3998,297.335060,13
3999,298.683560,19
4000,298.221030,15
4001,297.110230,20
4002,297.416010,12
4003,298.722160,12
4004,297.415080,15
4005,298.676440,16
4006,297.759570,12
4007,298.458840,14
4008,298.140550,15
4009,297.888670,10
4010,298.631530,13
4011,298.071340,10
4012,298.404620,13
4013,298.059830,7
4014,298.134300,10
4015,297.589590,12
4016,298.062560,11
4017,297.549830,9
4018,297.823960,8
4019,297.640730,11
4020,297.676440,8
4021,297.647390,11
4022,298.090200,12
4023,298.241280,16
4024,297.931250,9
4025,297.533220,11
4026,297.360860,12
4027,297.640370,12
4028,297.834460,8
4029,297.754530,16
4030,296.711800,14
4031,297.267720,11
4032,296.713780,13
4033,296.442610,15
4034,297.334290,14
4035,297.566760,13
4036,296.860640,15
4037,297.545550,15
4038,297.318440,16
4039,296.596360,10
4040,296.568500,13
4041,296.980460,13
4042,296.642610,17
4043,297.472870,14
4044,296.988470,12
4045,296.054960,12
4046,296.603450,12
4047,297.417320,12
4048,297.398460,16
4049,296.656630,12
4050,296.386510,16
4051,296.557730,13
4052,296.151840,8
4053,296.445790,12
4054,296.116950,11
4055,296.962790,12
4056,296.866510,11
4057,296.348660,13
4058,297.148970,14
4059,297.134190,12
4060,296.648980,13
4061,296.868870,8
4062,297.327480,13
4063,296.664800,11
4064,297.282770,13
4065,297.204550,11
4066,296.578110,10
4067,296.511530,12
4068,296.448090,12
4069,296.512900,11
4070,297.043570,10
4071,297.283110,12
4072,296.302220,12
4073,297.123790,9
4074,296.789360,12
4075,297.218410,13
4076,297.055550,12
4077,296.646340,9
4078,296.974450,13
4079,296.854240,14
4080,296.461210,9
4081,296.769420,13
4082,296.503930,10
4083,296.570280,11
4084,296.528890,14
4085,295.807580,17
4086,296.661080,12
4087,296.752900,12
4088,295.900090,13
4089,296.105560,10
4090,296.828540,14
4091,296.062660,12
4092,296.395680,14
4093,296.189860,14
4094,296.497470,10
4095,296.419190,16
4096,297.844490,16
4097,296.632300,14
4098,296.846750,12
4099,296.361480,10
4100,296.876690,13
4101,296.577840,11
4102,296.567930,14
4103,296.439110,10
4104,296.364360,12
4105,296.672570,14
4106,296.437650,13
4107,296.448550,11
4108,296.311730,13
4109,296.258970,11
4110,296.227660,17
4111,295.956880,11
4112,295.995820,11
4113,295.988830,12
4114,296.176540,16
4115,296.592560,12
4116,296.405700,13
4117,295.666130,15
4118,296.660120,12
4119,296.555730,11
4120,296.758880,12
4121,295.597070,15
4122,295.587200,10
4123,296.924190,14
4124,296.218120,15
4125,296.130350,13
4126,296.246900,9
4127,295.805320,12
4128,295.921280,9
4129,296.003000,14
4130,295.322130,15
4131,295.500060,15
4132,295.677110,13
4133,295.777280,10
4134,296.173740,14
4135,296.201570,14
4136,295.944670,14
4137,295.949370,10
4138,295.574310,10
4139,295.297390,12
4140,294.928120,10
4141,295.859590,11
4142,295.351470,8
4143,295.222170,7
4144,295.348610,8
4145,294.831620,9
4146,295.280030,7
4147,295.153600,9
4148,295.497480,7
4149,295.765930,5
4150,295.453280,20
4151,295.449340,12
4152,295.600950,10
4153,295.944080,11
4154,295.106830,13
4155,295.421540,14
4156,295.306860,13
4157,295.873230,14
4158,295.048620,16
4159,295.705210,12
4160,294.234330,13
4161,294.946980,11
4162,294.755920,12
4163,294.360930,10
4164,295.285730,11
4165,294.572710,13
4166,294.357190,9
4167,294.613210,10
4168,294.904190,8
4169,294.635240,7
4170,295.209270,11
4171,294.303380,14
4172,294.407140,13
4173,295.301010,12
4174,294.424280,13
4175,294.324720,13
4176,293.950810,14
4177,294.065820,13
4178,294.704860,11
4179,295.345350,13
4180,294.587570,12
4181,295.111370,15
4182,294.467420,15
4183,294.934620,15
4184,294.637040,13
4185,294.328610,15
4186,294.725170,14
4187,295.228270,13
4188,294.824540,12
4189,294.541980,16
4190,294.797860,13
4191,294.860170,12
4192,294.056640,11
4193,294.859980,11
4194,294.798120,13
4195,294.212160,13
4196,294.573770,13
4197,295.579720,15
4198,294.426120,13
4199,294.920340,13
4200,295.687520,18
4201,295.048240,17
4202,294.842160,15
4203,294.677080,21
4204,294.594570,15
4205,294.228190,17
4206,294.679780,16
4207,294.544240,18
4208,294.459750,19
4209,295.228820,18
4210,295.465440,12
4211,295.594870,11
4212,294.920380,10
4213,295.358680,7
4214,294.813970,10
4215,295.056300,7
4216,294.834970,9
4217,295.219370,9
4218,295.087740,11
4219,295.406060,9
4220,293.922510,18
4221,294.567650,18
4222,294.315800,15
4223,294.350930,16
4224,294.511540,12
4225,295.022570,14
4226,294.995460,15
4227,294.813060,16
4228,294.462530,17
4229,294.764090,16
4230,295.028730,9
4231,295.150980,8
4232,294.494460,10
4233,294.314670,11
4234,294.529900,9
4235,294.814560,13
4236,294.962220,10
4237,294.863980,11
4238,295.096330,12
4239,294.908270,10
4240,294.484290,11
4241,294.513220,11
4242,294.857800,12
4243,294.632470,9
4244,294.217950,13
4245,294.767590,8
4246,295.140580,6
4247,294.880000,14
4248,294.412860,12
4249,294.892220,14
4250,295.356580,10
4251,295.602450,7
4252,295.437150,11
4253,295.503680,10
4254,295.249970,8
4255,295.620940,11
4256,295.215370,11
4257,295.017250,12
4258,295.309350,10
4259,295.179200,11
4260,295.395200,11
4261,295.161680,15
4262,295.304530,12
4263,295.546830,13
4264,295.087060,7
4265,294.618530,12
4266,295.321630,6
4267,294.794390,11
4268,294.683830,8
4269,294.908160,10
4270,294.797520,9
4271,294.986280,11
4272,294.271350,8
4273,294.867320,9
4274,294.779540,13
4275,294.716310,10
4276,295.028710,11
4277,294.711860,9
4278,294.863660,9
4279,295.317240,9
4280,295.510330,14
4281,294.849720,14
4282,295.474140,13
4283,296.354510,17
4284,295.682880,11
4285,294.948650,12
4286,296.273710,14
4287,295.984710,15
4288,295.315490,10
4289,295.839710,14
4290,295.225110,10
4291,295.510450,11
4292,295.431770,9
4293,295.119170,14
4294,295.141050,11
4295,295.611310,12
4296,295.654150,14
4297,295.160830,10
4298,296.126800,11
4299,296.260750,10
4300,295.776870,11
4301,295.969950,11
4302,295.664320,8
4303,295.948480,8
4304,295.729300,12
4305,295.841300,13
4306,295.556830,15
4307,295.059030,11
4308,294.253200,13
4309,295.592000,11
4310,297.043950,14
4311,296.533520,13
4312,296.573610,14
4313,296.011820,16
4314,296.691530,14
4315,296.076520,16
4316,295.916950,13
4317,296.177420,14
4318,295.654130,16
4319,296.459150,12
4320,296.367830,10
4321,296.062210,15
4322,296.135400,11
4323,296.408590,14
4324,296.059180,13
4325,296.046370,14
4326,295.624440,14
4327,295.975410,11
4328,295.698840,11
4329,296.400660,13
4330,296.326460,11
4331,296.701880,9
4332,296.255010,10
4333,296.355730,11
4334,296.273740,13
4335,296.537350,11
4336,296.331230,13
4337,296.002540,12
4338,296.269030,9
4339,296.279420,14
4340,296.870540,11
4341,296.170320,12
4342,296.645040,9
4343,296.685770,16
4344,297.171060,13
4345,296.650550,12
4346,296.551510,14
4347,297.299520,13
4348,296.202310,14
4349,296.639970,12
4350,296.248170,14
4351,297.290400,14
4352,297.391180,16
4353,297.084140,15
4354,296.704020,13
4355,296.735360,16
4356,297.368680,17
4357,297.160790,13
4358,296.700800,16
4359,297.205790,14
4360,297.128030,15
4361,296.845590,13
4362,296.815350,16
4363,296.117800,12
4364,297.007260,13
4365,296.047660,10
4366,296.324790,16
4367,297.267410,14
4368,295.988320,17
4369,296.534540,13
4370,295.687570,14
4371,296.486610,13
4372,296.716430,17
4373,296.560980,17
4374,295.822190,17
4375,295.853780,14
4376,296.162080,16
4377,295.683180,18
4378,296.561630,14
4379,296.825310,17
4380,296.808340,15
4381,297.230200,15
4382,296.117590,12
4383,295.721820,15
4384,295.879800,14
4385,296.693450,10
4386,295.891560,12
4387,295.826690,12
4388,296.347560,9
4389,296.190230,13
4390,296.139150,12
4391,295.842240,9
4392,296.242850,9
4393,295.430970,13
4394,295.614290,10
4395,296.194580,11
4396,296.008600,8
4397,295.921210,13
4398,295.446930,12
4399,296.172690,13
4400,296.240370,15
4401,296.008940,12
4402,296.564840,10
4403,296.581160,14
4404,296.282450,11
4405,296.423540,12
4406,296.770650,15
4407,296.819040,12
4408,297.333920,15
4409,296.793460,13
4410,295.736780,11
4411,296.330610,10
4412,295.780940,12
4413,296.709880,11
4414,296.400740,8
4415,296.083800,10
4416,295.795540,8
4417,295.972410,9
4418,296.320710,9
4419,296.379420,9
4420,296.420200,16
4421,296.607350,10
4422,296.537650,13
4423,296.581530,10
4424,296.110890,8
4425,296.121990,12
4426,296.935800,15
4427,296.458470,17
4428,296.223360,11
4429,297.127160,12
4430,296.788860,13
4431,296.452950,12
4432,297.089260,10
4433,296.905550,11
4434,296.653140,11
4435,296.758240,9
4436,296.132080,6
4437,297.021750,10
4438,296.579270,12
4439,295.959210,12
4440,295.892820,11
4441,295.746670,9
4442,296.063750,9
4443,296.402120,12
4444,296.162410,9
4445,296.139510,9
4446,295.647870,11
4447,295.401660,12
4448,296.286940,8
4449,296.215760,9
4450,296.014960,10
4451,296.776060,17
4452,295.597370,15
4453,296.059570,11
4454,296.110660,14
4455,296.350020,13
4456,295.518220,12
4457,296.610920,13
4458,295.953070,17
4459,296.793510,15
4460,296.278700,13
4461,296.825940,11
4462,297.028850,15
4463,296.373890,12
4464,297.183640,13
4465,296.466200,14
4466,297.195890,12
4467,296.980370,10
4468,297.419090,13
4469,296.812480,12
4470,296.694410,17
4471,298.105190,20
4472,296.152180,15
4473,296.869700,12
4474,297.307440,20
4475,297.638090,15
4476,297.304410,16
4477,295.587720,19
4478,297.195400,16
4479,296.103870,13
4480,296.130640,13
4481,296.296510,16
4482,296.746210,14
4483,296.151070,14
4484,296.827440,15
4485,296.423050,15
4486,295.953600,13
4487,296.662600,16
4488,296.949550,13
4489,297.136830,17
4490,295.699850,9
4491,296.150200,13
4492,295.500020,11
4493,295.694170,13
4494,296.036830,13
4495,295.845100,7
4496,295.797850,6
4497,296.276350,12
4498,295.173140,10
4499,295.861860,10
4500,295.716450,12
4501,296.040810,9
4502,295.969020,12
4503,296.448690,7
4504,296.360740,9
4505,295.825770,7
4506,296.010550,12
4507,295.870460,10
4508,296.342750,5
4509,296.489750,13
4510,296.746090,12
4511,295.970380,16
4512,295.524760,11
4513,296.462320,14
4514,296.046870,13
4515,295.568370,11
4516,296.442530,15
4517,295.932350,14
4518,295.980820,14
4519,296.417310,16
4520,296.357960,16
4521,296.747420,12
4522,296.243790,14
4523,296.923090,14
4524,296.866150,11
4525,296.344700,13
4526,296.829610,18
4527,296.268840,16
4528,295.703930,13
4529,296.100090,14
4530,296.227230,15
4531,296.204070,16
4532,296.092150,15
4533,296.718520,17
4534,295.908930,18
4535,295.430250,16
4536,295.211960,15
4537,295.441250,14
4538,295.674630,14
4539,295.796070,16
4540,294.947740,12
4541,295.540780,11
4542,295.012570,9
4543,294.978520,9
4544,295.190600,10
4545,295.571250,13
4546,295.184310,11
4547,295.229550,12
4548,295.051660,10
4549,295.693860,10
4550,295.302790,12
4551,295.336490,12
4552,295.707400,15
4553,295.110710,11
4554,295.247130,11
4555,295.358960,14
4556,295.277670,14
4557,295.080490,14
4558,295.040850,12
4559,295.098070,10
4560,294.824590,13
4561,295.488610,10
4562,295.322880,8
4563,295.569890,13
4564,295.483820,12
4565,295.362550,11
4566,295.072740,8
4567,295.295600,8
4568,295.214790,13
4569,295.238710,13
4570,294.281190,17
4571,295.438190,16
4572,295.311790,13
4573,294.779210,13
4574,295.109590,14
4575,295.535700,12
4576,294.478170,15
4577,295.180540,12
4578,295.658320,18
4579,295.818890,14
4580,295.716550,17
4581,294.211220,17
4582,294.937990,15
4583,295.162780,13
4584,295.560500,14
4585,295.631100,14
4586,295.496330,14
4587,294.994020,15
4588,294.989600,12
4589,295.588560,12
4590,295.584500,17
4591,295.402160,14
4592,295.690820,18
4593,295.068680,16
4594,295.259510,15
4595,295.321840,14
4596,294.944310,20
4597,294.950790,16
4598,295.278780,17
4599,295.161810,14
4600,294.688500,15
4601,295.089190,12
4602,295.189300,10
4603,294.980850,12
4604,295.392990,9
4605,294.935490,13
4606,295.279230,12
4607,295.082790,13
4608,296.109530,12
4609,295.470530,11
4610,294.670220,17
4611,295.139560,15
4612,295.102820,18
4613,295.060320,15
4614,296.180230,15
4615,295.610050,12
4616,295.637150,14
4617,295.873300,13
4618,295.374160,17
4619,295.491030,12
4620,294.909750,13
4621,294.743220,11
4622,294.441630,12
4623,295.342860,12
4624,295.294360,14
4625,295.091740,8
4626,294.761000,10
4627,294.888470,13
4628,294.885440,8
4629,294.927710,12
4630,295.610640,15
4631,294.881210,13
4632,295.930770,16
4633,295.973180,15
4634,295.730210,12
4635,295.228710,12
4636,295.668820,13
4637,295.324740,14
4638,295.422520,10
4639,296.090490,15
4640,295.300300,11
4641,295.444110,12
4642,296.218650,10
4643,296.283380,14
4644,294.983260,12
4645,295.056030,13
4646,295.151200,10
4647,295.566950,11
4648,296.613040,12
4649,295.226050,9
4650,295.428680,10
4651,295.063820,9
4652,295.851620,12
4653,295.775510,9
4654,294.972400,9
4655,295.541450,6
4656,295.052070,12
4657,295.204190,11
4658,295.396200,8
4659,295.062200,10
4660,295.149870,13
4661,295.229450,9
4662,295.813820,11
4663,295.466560,12
4664,295.117730,10
4665,295.455920,12
4666,295.202960,9
4667,295.692020,14
4668,296.016030,11
4669,295.887870,12
4670,295.278390,13
4671,296.062540,11
4672,295.890460,10
4673,295.106300,13
4674,295.671900,13
4675,295.558930,14
4676,295.466260,10
4677,295.606650,9
4678,295.470430,10
4679,295.370150,9
4680,295.404250,10
4681,295.388120,12
4682,295.041030,11
4683,295.622110,11
4684,295.694830,12
4685,295.923470,14
4686,295.658860,8
4687,295.032040,14
4688,295.238610,17
4689,295.615490,9
4690,294.667540,15
4691,294.963980,12
4692,295.120340,11
4693,294.716650,13
4694,295.848650,10
4695,295.868200,11
4696,294.985300,12
4697,294.674020,13
4698,294.723390,12
4699,295.349550,14
4700,295.397260,13
4701,295.614550,15
4702,295.525880,15
4703,295.268120,14
4704,294.837970,13
4705,295.747700,14
4706,294.178070,14
4707,294.442530,15
4708,294.874930,13
4709,294.446380,18
4710,295.387360,12
4711,296.053770,14
4712,295.868870,8
4713,295.509770,11
4714,294.884570,13
4715,296.214520,12
4716,295.561620,13
4717,295.976050,14
4718,295.709950,14
4719,296.088710,12
4720,296.030640,13
4721,296.057680,12
4722,295.893620,13
4723,296.181230,15
4724,296.174810,12
4725,296.125770,16
4726,295.795280,15
4727,296.134290,12
4728,295.387640,15
4729,295.894770,14
4730,295.606430,18
4731,296.622130,18
4732,295.791210,18
4733,296.726200,16
4734,295.980650,17
4735,295.445310,15
4736,295.546590,18
4737,296.419990,14
4738,296.001150,16
4739,294.927660,24
4740,294.284970,12
4741,295.438290,13
4742,294.858790,13
4743,296.088500,11
4744,295.107970,12
4745,295.525520,13
4746,295.273150,15
4747,294.538370,13
4748,295.057140,15
4749,295.029090,14
4750,293.901450,13
4751,294.115420,11
4752,293.882780,13
4753,294.277980,11
4754,294.698110,14
4755,294.981270,11
4756,294.655540,12
4757,295.459980,16
4758,294.483550,14
4759,294.821110,12
4760,294.281830,13
4761,294.803690,13
4762,294.937290,11
4763,294.340840,16
4764,294.054170,9
4765,294.386350,13
4766,294.438890,8
4767,294.144980,15
4768,293.559960,13
4769,293.473180,12
4770,294.731010,11
4771,294.496400,9
4772,294.402730,9
4773,294.772050,8
4774,294.349700,8
4775,294.034780,8
4776,294.847340,11
4777,293.828820,8
4778,294.665320,8
4779,294.322590,5
4780,294.466310,11
4781,294.058760,11
4782,295.012860,10
4783,294.599280,10
4784,294.634840,7
4785,294.989510,12
4786,294.653360,10
4787,294.393470,3
4788,294.158610,8
4789,294.766980,11
4790,294.970410,17
4791,294.932920,16
4792,295.132530,11
4793,295.232810,15
4794,295.052730,20
4795,295.503430,16
4796,294.996510,13
4797,294.518910,16
4798,294.811760,15
4799,294.200440,16
4800,294.294480,14
4801,293.432500,13
4802,293.996170,13
4803,293.782840,10
4804,293.927160,13
4805,294.515850,13
4806,293.715010,11
4807,293.494270,12
4808,294.469400,12
4809,293.545330,16
4810,294.353220,10
4811,294.775630,10
4812,294.778950,17
4813,294.949220,16
4814,294.525650,16
4815,294.633260,11
4816,294.313290,15
4817,293.608340,17
4818,294.411600,10
4819,294.145560,14
4820,294.015010,14
4821,294.249480,10
4822,294.379170,14
4823,293.996060,12
4824,294.039320,15
4825,294.052450,12
4826,293.392140,11
4827,294.136130,10
4828,294.396580,14
4829,293.467950,11
4830,293.756970,8
4831,293.250440,13
4832,293.999120,9
4833,293.100980,9
4834,292.995340,11
4835,292.968430,10
4836,293.162470,8
4837,293.101660,14
4838,294.202230,11
4839,293.378780,15
4840,293.386760,13
4841,293.130450,10
4842,293.909900,12
4843,293.317350,8
4844,293.580040,13
4845,293.804290,9
4846,294.160650,11
4847,293.458200,10
4848,294.003280,10
4849,293.599840,10
4850,294.004030,18
4851,293.693330,12
4852,293.576870,14
4853,293.658930,12
4854,293.140900,17
4855,293.427050,11
4856,294.081830,14
4857,293.132500,15
4858,292.888300,16
4859,292.803130,15
4860,294.343860,14
4861,293.542320,9
4862,294.064590,11
4863,294.019040,11
4864,293.792370,10
4865,293.872730,17
4866,293.351890,10
4867,293.866270,9
4868,294.119680,10
4869,293.563750,14
4870,293.619700,12
4871,292.764370,16
4872,293.924820,14
4873,293.664970,11
4874,293.770350,12
4875,293.220490,14
4876,293.255780,14
4877,292.755130,12
4878,293.201590,14
4879,293.908760,12
4880,293.246270,15
4881,293.132830,10
4882,293.442570,11
4883,293.186060,10
4884,292.461330,17
4885,292.760340,14
4886,292.777580,13
4887,293.450200,13
4888,293.521740,12
4889,294.755630,16
4890,294.390580,15
4891,293.952070,11
4892,294.491480,8
4893,294.184870,13
4894,294.461160,14
4895,294.698070,10
4896,294.133180,10
4897,293.797110,15
4898,294.921380,14
4899,294.737550,16
4900,294.780340,12
4901,294.769020,11
4902,294.104990,9
4903,294.545630,12
4904,294.493890,13
4905,294.139610,14
4906,294.723970,14
4907,294.477110,13
4908,295.420260,15
4909,294.732690,11
4910,293.941070,16
4911,295.072690,10
4912,294.611770,6
4913,295.027370,12
4914,294.543960,13
4915,294.319040,9
4916,294.603280,14
4917,294.584960,14
4918,294.678490,14
4919,294.436300,11
4920,294.570460,15
4921,294.942590,10
4922,294.198480,15
4923,294.913960,16
4924,294.410610,10
4925,294.643990,9
4926,294.542770,12
4927,294.728750,13
4928,294.730480,13
4929,294.437960,13
4930,294.814560,11
4931,294.175720,16
4932,294.568140,14
4933,294.264780,17
4934,294.828740,18
4935,294.147790,14
4936,293.657680,13
4937,294.280270,17
4938,294.935990,13
4939,294.188510,14
4940,293.964670,16
4941,294.118320,15
4942,294.315910,15
4943,294.147660,17
4944,293.930200,16
4945,294.162460,16
4946,293.116410,18
4947,294.449890,15
4948,293.629130,18
4949,295.198790,18
4950,294.558090,12
4951,294.280250,10
4952,295.329310,10
4953,294.874080,11
4954,294.213120,10
4955,295.102930,12
4956,295.176900,11
4957,295.479230,11
4958,295.038980,11
4959,294.953460,14
4960,294.992860,14
4961,294.646250,11
4962,294.459590,11
4963,294.430070,11
4964,294.955380,12
4965,294.811990,14
4966,294.714780,10
4967,294.178910,14
4968,295.395310,14
4969,293.759580,14
4970,293.194840,15
4971,293.464300,14
4972,293.448140,13
4973,293.700090,16
4974,292.807900,17
4975,293.780090,12
4976,293.914180,12
4977,293.362910,15
4978,293.479430,16
4979,294.179130,15
4980,294.163900,16
4981,292.796190,14
4982,292.655380,17
4983,293.113150,18
4984,292.425120,17
4985,293.407700,17
4986,293.648850,20
4987,293.722720,17
4988,293.632390,17
4989,293.277760,17
4990,294.285070,13
4991,293.778370,12
4992,293.624670,9
4993,293.314380,16
4994,294.052450,13
4995,293.882950,11
4996,293.742680,12
4997,294.385960,11
4998,293.529190,18
4999,294.262930,9
5000,293.463680,11
5001,293.904930,15
5002,294.096470,10
5003,293.903830,12
5004,293.571040,12
5005,293.472950,13
5006,294.131210,13
5007,293.336700,13
5008,294.207510,15
5009,293.328830,13
5010,293.645700,13
5011,292.572880,13
5012,293.188590,15
5013,292.857580,17
5014,292.692520,13
5015,292.760710,8
5016,291.989300,16
5017,292.694730,13
5018,292.900990,13
5019,293.203240,9
5020,293.034210,15
5021,293.175780,12
5022,293.289590,10
5023,293.660010,11
5024,293.558110,11
5025,293.468190,10
5026,293.934990,15
5027,293.745480,9
5028,293.395300,13
5029,293.543100,14
5030,292.704060,10
5031,292.736520,7
5032,292.725460,12
5033,292.435870,14
5034,292.664770,12
5035,292.856160,9
5036,292.906890,10
5037,292.492070,11
5038,292.986720,10
5039,292.363270,10
5040,292.542540,14
5041,293.541060,14
5042,292.113150,15
5043,293.710190,15
5044,293.138420,19
5045,292.368320,13
5046,293.583670,13
5047,292.609980,13
5048,292.386610,13
5049,292.703790,15
5050,292.233650,11
5051,292.003610,10
5052,292.654050,13
5053,292.392220,9
5054,292.539320,13
5055,292.441620,13
5056,292.422910,12
5057,292.279870,11
5058,292.105170,15
5059,293.168470,12
5060,294.016480,14
5061,293.068830,12
5062,293.208040,14
5063,292.647070,15
5064,292.588430,14
5065,293.267670,13
5066,292.903560,15
5067,293.090140,14
5068,292.591710,17
5069,293.142130,14
5070,293.887580,15
5071,294.386450,18
5072,294.111670,16
5073,293.250600,15
5074,293.558810,13
5075,293.705970,14
5076,293.359330,15
5077,294.139890,15
5078,293.824530,16
5079,293.594490,19
5080,293.509050,12
5081,293.514950,12
5082,293.707380,13
5083,294.393240,13
5084,293.844320,12
5085,293.889260,13
5086,294.230820,13
5087,293.786810,13
5088,293.984300,13
5089,293.660190,13
5090,294.041100,14
5091,293.209170,11
5092,293.475770,12
5093,293.777360,10
5094,293.907240,12
5095,293.738030,15
5096,293.807640,9
5097,294.003440,11
5098,294.030690,16
5099,293.766250,11
5100,293.829810,9
5101,294.388080,15
5102,293.762450,11
5103,293.962760,17
5104,294.138350,13
5105,293.740880,12
5106,293.702650,15
5107,293.770740,15
5108,292.915530,17
5109,293.467980,14
5110,293.420270,10
5111,293.371940,14
5112,294.461370,15
5113,293.813970,13
5114,294.479110,12
5115,294.234530,13
5116,293.774460,14
5117,293.805010,12
5118,293.984700,13
5119,294.508850,13
5120,294.360930,11
5121,294.480880,13
5122,294.508580,14
5123,293.897050,13
5124,294.034640,9
5125,294.331270,13
5126,293.983250,11
5127,292.796140,14
5128,294.062800,14
5129,293.651400,15
5130,294.223530,13
5131,294.518990,17
5132,293.933180,11
5133,294.088110,12
5134,294.494360,12
5135,294.796550,13
5136,293.930040,12
5137,293.846320,16
5138,293.124190,15
5139,294.225750,12
5140,293.801220,13
5141,293.948730,11
5142,293.575180,12
5143,294.741640,13
5144,294.661320,11
5145,294.103600,13
5146,294.310490,8
5147,294.721140,12
5148,294.550460,11
5149,293.603560,10
5150,293.781890,10
5151,293.726750,14
5152,293.991650,9
5153,294.463480,16
5154,294.337880,12
5155,294.422150,12
5156,294.320050,16
5157,294.444060,15
5158,293.894220,13
5159,294.427920,14
5160,294.620740,10
5161,294.038270,14
5162,294.600990,11
5163,294.705950,11
5164,294.662210,10
5165,294.617540,13
5166,294.589040,11
5167,294.331570,10
5168,294.200940,8
5169,294.129180,10
5170,293.819570,17
5171,293.407740,14
5172,294.032580,14
5173,294.572300,14
5174,294.270110,16
5175,293.563800,12
5176,294.653300,15
5177,293.664860,12
5178,294.400230,16
5179,293.772450,19
5180,294.778330,11
5181,294.844450,11
5182,294.136020,11
5183,294.711970,16
5184,295.243660,12
5185,294.551420,13
5186,294.328870,16
5187,294.566640,13
5188,294.860590,11
5189,294.634820,11
5190,295.025910,15
5191,294.075200,15
5192,293.660340,14
5193,293.571090,15
5194,293.916460,14
5195,293.900560,13
5196,294.906530,13
5197,294.226030,13
5198,294.515910,14
5199,293.751680,12
5200,293.751680,0
