step,price,volume
0,301.223170,15
1,300.138820,12
2,300.039040,10
3,300.764340,10
4,300.301550,10
5,300.423910,13
6,300.426650,11
7,300.592250,13
8,300.165000,11
9,300.279410,14
10,299.950670,14
11,300.385270,14
12,300.515490,15
13,300.040480,16
14,300.958580,11
15,299.920660,16
16,299.895770,19
17,300.228940,12
18,300.052980,14
19,301.374780,14
20,300.427640,11
21,300.661350,14
22,301.057980,15
23,299.996950,14
24,300.023810,11
25,300.181870,17
26,300.655570,13
27,299.825760,13
28,300.096140,14
29,300.171660,14
30,299.999940,11
31,299.333790,10
32,300.078120,11
33,299.429540,13
34,299.405150,14
35,299.531490,12
36,299.891350,13
37,299.970310,13
38,299.440960,13
39,300.850720,13
40,300.964710,17
41,299.526310,14
42,300.381490,10
43,300.556900,12
44,300.351790,10
45,300.360850,15
46,300.144340,9
47,299.991130,13
48,299.954490,11
49,300.230710,13
50,301.159650,12
51,300.346580,14
52,299.908550,15
53,300.165910,10
54,301.560990,15
55,301.213930,15
56,300.932310,17
57,300.375940,12
58,301.049010,13
59,300.772490,16
60,300.904210,12
61,300.775780,11
62,300.778750,12
63,301.098370,12
64,300.498140,14
65,301.221260,8
66,301.781950,15
67,301.114570,11
68,301.241390,12
69,300.488340,14
70,300.350750,12
71,300.212280,13
72,300.414190,11
73,301.021430,16
74,300.798020,10
75,300.631380,15
76,300.895490,15
77,300.550360,15
78,300.769280,10
79,301.335480,12
80,300.468610,10
81,301.414410,11
82,301.162260,13
83,300.019120,10
84,300.765210,14
85,301.195410,13
86,300.539720,13
87,300.952300,12
88,299.958910,16
89,301.225630,12
90,301.540640,9
91,301.725340,14
92,300.773630,9
93,301.657430,9
94,301.266030,15
95,301.645670,7
96,301.380370,13
97,301.038440,12
98,300.691260,14
99,300.926050,10
100,301.149400,10
101,301.698190,13
102,301.847850,13
103,301.435970,14
104,302.166450,12
105,302.024260,14
106,302.016330,12
107,301.697660,16
108,301.394040,12
109,301.190030,10
110,301.267640,13
111,301.946960,11
112,301.584530,12
113,301.294760,9
114,301.477260,12
115,302.063510,11
116,301.843730,14
117,301.195790,7
118,301.664760,12
119,301.435870,10
120,301.568390,14
121,300.953190,17
122,301.308490,14
123,302.038690,15
124,301.534940,11
125,301.181070,13
126,301.820670,15
127,301.635700,13
128,301.736900,17
129,301.904830,16
130,301.099330,17
131,300.968170,14
132,300.604400,16
133,301.861910,19
134,301.351570,14
135,301.945520,16
136,301.538610,15
137,300.562010,18
138,301.184270,12
139,301.191770,17
140,300.782630,14
141,301.194470,12
142,300.791120,10
143,300.848670,13
144,300.568210,15
145,300.995040,10
146,301.078160,12
147,301.133460,14
148,301.505820,12
149,301.774980,11
150,301.254330,11
151,302.025120,9
152,301.497290,13
153,302.098980,11
154,301.239610,13
155,301.854080,12
156,301.776280,15
157,301.780800,13
158,300.795740,14
159,301.831680,15
160,302.053260,9
161,302.014950,9
162,302.086170,9
163,301.629510,7
164,302.166990,11
165,302.105010,12
166,302.371640,12
167,302.186380,12
168,301.812340,9
169,302.101410,8
170,301.367580,16
171,301.747650,12
172,302.595380,17
173,301.478260,11
174,301.550680,15
175,301.730900,14
176,301.149990,15
177,301.563340,13
178,301.390150,13
179,301.296590,12
180,300.787820,13
181,301.732510,14
182,302.010950,14
183,300.833390,12
184,301.069010,15
185,300.880110,12
186,300.736700,13
187,300.811000,12
188,301.437980,12
189,301.853680,15
190,302.152920,19
191,301.579150,17
192,301.699080,10
193,301.457230,16
194,302.074400,15
195,301.659190,13
196,302.001270,15
197,301.581160,18
198,300.977280,15
199,301.030190,15
200,301.531770,13
201,300.511940,15
202,300.405280,17
203,301.276510,13
204,300.563910,15
205,301.725570,17
206,301.149950,16
207,300.562140,15
208,301.530080,14
209,301.024780,15
210,301.075970,8
211,301.208740,12
212,301.522400,13
213,301.936520,13
214,300.777860,13
215,300.800590,13
216,301.877510,12
217,300.580200,13
218,301.377430,10
219,301.437660,16
220,301.746570,11
221,301.266200,8
222,301.527190,12
223,301.538910,10
224,300.743340,10
225,300.526350,11
226,300.761910,12
227,300.843960,11
228,300.549490,11
229,300.686170,11
230,300.218670,15
231,301.015460,15
232,301.512750,17
233,301.069560,13
234,300.363900,17
235,300.073180,16
236,301.020000,13
237,301.538670,14
238,301.096810,13
239,301.121810,14
240,301.094420,11
241,301.214220,13
242,301.359250,14
243,300.885240,14
244,301.283160,13
245,300.948220,12
246,300.845620,14
247,301.080750,11
248,300.994880,13
249,301.067130,12
250,301.133790,14
251,302.010670,11
252,301.179100,12
253,301.430780,12
254,301.359940,12
255,301.333560,13
256,302.025960,14
257,300.139960,14
258,301.778310,15
259,300.891130,11
260,300.744880,15
261,300.440180,15
262,301.114100,8
263,301.356770,15
264,300.780430,14
265,300.952220,13
266,300.663910,12
267,300.671910,13
268,301.250090,16
269,301.530750,16
270,301.245630,14
271,302.070010,13
272,302.285310,14
273,301.184310,14
274,302.013080,11
275,301.537220,11
276,301.913270,14
277,301.467050,11
278,301.387850,14
279,301.820220,14
280,301.854400,13
281,300.783090,13
282,300.894610,11
283,302.255470,16
284,302.050710,13
285,300.446570,15
286,301.095870,15
287,300.629190,13
288,300.507600,12
289,301.477110,15
290,301.657770,18
291,301.698470,15
292,301.772500,16
293,300.451380,19
294,300.798500,16
295,302.187320,18
296,300.582000,18
297,300.816290,17
298,301.377640,16
299,300.633380,18
300,301.502120,12
301,301.045870,12
302,301.080680,13
303,302.002620,12
304,301.518380,8
305,301.751520,10
306,301.395520,12
307,301.221630,12
308,302.331240,14
309,301.958620,14
310,301.059480,14
311,301.823770,12
312,302.222320,14
313,301.553940,10
314,301.674340,16
315,302.297300,18
316,301.769620,12
317,302.351130,15
318,301.899200,14
319,301.156550,16
320,301.873610,13
321,302.147640,12
322,301.748800,10
323,301.649000,12
324,300.922670,12
325,301.444260,7
326,302.012840,10
327,301.061190,8
328,302.203030,13
329,301.834200,10
330,301.135920,12
331,300.771790,10
332,302.034460,9
333,301.406410,9
334,301.929890,12
335,301.225000,10
336,300.630120,13
337,301.533950,10
338,301.302330,14
339,301.601940,10
340,301.822240,11
341,300.890950,13
342,301.142520,11
343,301.735820,15
344,302.107040,15
345,302.360590,16
346,301.502370,13
347,300.865840,13
348,301.305860,16
349,300.935000,11
350,300.445080,14
351,300.682820,14
352,300.976740,16
353,300.823900,16
354,300.189280,12
355,301.148490,15
356,300.354690,14
357,300.460190,15
358,301.592940,14
359,300.868510,15
360,300.636820,15
361,300.490160,16
362,300.131960,16
363,300.940480,15
364,300.279790,11
365,301.014640,14
366,300.478910,17
367,300.479060,15
368,300.575540,19
369,300.919430,18
370,300.433170,12
371,300.656280,11
372,300.732490,15
373,300.533690,12
374,300.449860,14
375,300.301810,11
376,301.001750,12
377,300.277910,7
378,300.935710,12
379,300.889860,10
380,301.150720,8
381,301.553870,12
382,301.537380,5
383,301.470830,10
384,301.580270,11
385,301.662470,11
386,301.506050,11
387,301.612810,9
388,301.090230,14
389,301.703400,9
390,301.897210,13
391,302.244700,12
392,301.586600,10
393,300.970640,11
394,302.271760,10
395,301.553310,7
396,301.973020,11
397,301.439070,10
398,301.331920,12
399,301.360050,11
400,301.633440,9
401,302.004270,11
402,301.347800,13
403,301.391810,10
404,301.354770,9
405,300.908610,15
406,301.839390,13
407,302.024630,11
408,300.789500,13
409,301.603390,15
410,302.086360,14
411,301.996410,18
412,301.242420,12
413,300.791340,16
414,301.838290,11
415,302.056730,12
416,302.097830,13
417,301.603570,10
418,301.318510,11
419,301.488530,12
420,300.967310,15
421,301.598260,13
422,301.475640,9
423,301.343140,10
424,301.359280,12
425,301.109730,13
426,301.746650,12
427,301.158550,17
428,300.442910,13
429,301.450380,14
430,301.649410,16
431,302.048680,15
432,300.931340,11
433,301.140870,19
434,301.887410,14
435,302.183310,17
436,301.491730,15
437,301.054720,17
438,302.032990,15
439,301.608370,14
440,302.272890,16
441,302.063500,11
442,301.659930,9
443,302.013760,14
444,301.870270,13
445,301.515660,12
446,301.753880,14
447,301.445630,15
448,301.867260,12
449,302.020930,17
450,301.204140,13
451,301.752810,13
452,301.307420,15
453,301.859020,18
454,301.814180,15
455,300.887860,12
456,301.316140,12
457,301.038120,17
458,301.177360,12
459,300.522390,13
460,300.245740,15
461,300.963420,13
462,300.732980,11
463,301.610190,15
464,301.522460,18
465,300.579190,14
466,301.580650,14
467,300.885360,12
468,301.406320,16
469,301.199030,11
470,300.806180,12
471,299.879640,17
472,300.607810,13
473,301.168650,11
474,300.750290,11
475,301.343770,12
476,300.626770,14
477,301.714370,13
478,300.596170,12
479,301.818730,15
480,301.298130,13
481,301.185620,12
482,302.372110,15
483,301.868490,13
484,300.931490,15
485,301.551440,12
486,301.682890,13
487,301.134070,14
488,301.724980,13
489,301.483060,14
490,300.676430,15
491,300.876650,12
492,300.811250,14
493,301.523480,11
494,301.026710,11
495,300.705650,13
496,301.128600,13
497,301.247540,14
498,301.070580,16
499,300.849740,13
500,301.577600,11
501,301.210170,15
502,301.566910,13
503,301.547140,12
504,302.200250,13
505,301.138350,14
506,301.905550,15
507,301.738090,14
508,302.735250,19
509,301.889380,12
510,301.498460,12
511,302.104980,11
512,301.356320,11
513,301.905230,15
514,300.374770,15
515,301.139840,11
516,301.716430,12
517,301.541370,14
518,301.027730,13
519,301.713850,15
520,301.327540,13
521,301.909760,14
522,302.427350,16
523,301.943780,15
524,301.234260,15
525,301.223410,16
526,301.437450,14
527,301.044030,10
528,301.799790,12
529,301.522600,13
530,301.583550,12
531,301.306510,13
532,301.565240,13
533,301.139270,14
534,301.244780,12
535,300.694190,15
536,301.539010,12
537,301.475340,13
538,300.969910,13
539,300.690090,13
540,300.756550,15
541,300.797880,15
542,300.327780,14
543,301.626950,11
544,300.959940,15
545,301.493340,14
546,301.800880,14
547,301.364340,14
548,300.840850,13
549,301.912340,14
550,301.842030,14
551,302.376020,15
552,301.793750,12
553,301.721860,12
554,301.816730,14
555,301.313920,12
556,302.111750,12
557,301.501610,13
558,302.177530,14
559,301.068770,14
560,302.595870,17
561,302.097770,12
562,301.335270,17
563,301.589310,15
564,301.457500,15
565,301.595170,17
566,301.278020,14
567,301.791960,14
568,301.427030,18
569,301.028370,17
570,300.968980,14
571,302.020040,11
572,301.506140,12
573,301.326220,14
574,302.234660,17
575,302.106730,14
576,301.954950,12
577,302.275850,13
578,301.917720,16
579,301.745980,14
580,302.496180,16
581,301.822130,7
582,301.534900,12
583,301.821510,11
584,301.226890,13
585,301.429430,14
586,301.706120,12
587,301.089750,13
588,301.822940,13
589,301.024400,12
590,301.126990,17
591,301.448360,12
592,300.363510,18
593,301.393380,17
594,300.843840,18
595,301.581410,17
596,301.968290,15
597,300.316840,16
598,300.482680,20
599,300.548050,14
600,300.743950,15
601,300.911250,14
602,302.284520,17
603,301.166920,12
604,301.989820,14
605,301.281030,17
606,302.179230,15
607,301.808230,15
608,301.064750,15
609,302.318370,18
610,301.003800,11
611,301.297780,12
612,300.758610,9
613,300.893050,8
614,301.390620,11
615,301.359420,15
616,300.415200,13
617,301.703620,14
618,300.824070,11
619,301.585140,10
620,300.863260,19
621,300.774940,16
622,301.865260,19
623,300.393950,16
624,301.929560,13
625,301.621840,16
626,302.020430,14
627,301.059760,14
628,301.528150,16
629,301.163480,17
630,300.821220,17
631,301.164540,17
632,301.387270,16
633,300.769720,15
634,300.870650,14
635,300.699770,17
636,301.437450,13
637,301.517520,15
638,301.322500,16
639,301.537010,14
640,301.691470,13
641,302.403310,15
642,300.537660,19
643,301.475490,16
644,301.196800,14
645,301.578170,17
646,301.611070,17
647,300.806010,16
648,301.930510,13
649,301.180870,16
650,301.871370,16
651,300.946530,11
652,302.042890,10
653,302.352440,12
654,302.230910,11
655,301.850780,12
656,301.951700,15
657,301.180540,12
658,302.427000,13
659,302.052650,9
660,302.217300,12
661,301.693620,14
662,301.277530,16
663,301.194010,15
664,301.866840,14
665,301.803200,15
666,301.500320,15
667,301.524960,18
668,302.197270,14
669,302.080960,16
670,301.727550,12
671,301.824770,8
672,302.541060,14
673,301.624460,13
674,301.543050,11
675,301.843680,11
676,301.617560,14
677,302.004570,9
678,301.366440,12
679,301.475460,11
680,301.691710,14
681,301.468870,14
682,301.734790,12
683,301.896880,11
684,301.748950,14
685,302.120800,15
686,301.311720,12
687,301.998990,13
688,301.779580,11
689,301.831430,15
690,301.845440,13
691,301.367040,10
692,301.041890,14
693,301.263580,11
694,302.121080,10
695,302.041860,14
696,301.901090,13
697,301.561560,10
698,301.265790,8
699,301.890000,11
700,301.196730,11
701,300.610210,16
702,301.930220,17
703,301.661900,17
704,302.078520,15
705,300.447340,17
706,301.289470,14
707,301.720600,14
708,301.472920,10
709,301.427310,13
710,301.779570,15
711,301.239370,11
712,301.718410,10
713,301.712290,9
714,301.268080,11
715,301.159460,12
716,301.898240,12
717,301.319510,11
718,301.563190,11
719,301.694730,11
720,301.051310,13
721,302.097990,15
722,301.708740,11
723,301.261810,13
724,301.353170,12
725,301.069670,12
726,300.998960,16
727,301.650430,14
728,301.677970,13
729,300.949450,12
730,302.034730,10
731,301.211250,14
732,301.640470,13
733,300.892800,9
734,300.826310,14
735,301.143720,13
736,301.509520,13
737,301.706290,13
738,302.097360,14
739,301.177300,9
740,300.899720,12
741,301.722600,14
742,301.029830,10
743,300.834290,17
744,301.762080,13
745,301.500080,15
746,300.543070,12
747,301.224220,13
748,301.292060,17
749,300.509460,16
750,301.868400,13
751,302.158690,10
752,300.623170,13
753,301.344140,11
754,302.237370,9
755,301.503220,11
756,301.142230,11
757,301.417910,10
758,301.091190,13
759,301.176940,13
760,301.192290,13
761,301.180700,12
762,300.889950,16
763,301.280460,11
764,301.681560,12
765,301.468000,13
766,300.919180,11
767,301.688750,14
768,301.443170,10
769,301.428400,13
770,301.207820,13
771,301.424620,12
772,301.114960,15
773,300.621420,15
774,300.764110,15
775,300.998730,11
776,300.429070,16
777,300.183020,15
778,301.547610,16
779,301.103480,12
780,300.905470,11
781,301.174630,13
782,301.061070,13
783,301.214150,10
784,301.460040,14
785,300.991840,13
786,300.850440,15
787,300.928190,11
788,301.636570,12
789,301.448980,12
790,301.973600,12
791,301.572360,8
792,301.957100,12
793,300.767010,10
794,301.462620,13
795,301.744830,14
796,301.666210,12
797,300.817800,14
798,301.229590,12
799,301.612970,11
800,301.472820,14
801,300.058820,15
802,300.984870,12
803,301.559340,13
804,301.731570,15
805,301.610530,12
806,301.816050,16
807,300.568320,15
808,301.543720,12
809,300.824150,14
810,300.991350,15
811,300.823460,11
812,301.126330,20
813,301.520900,15
814,301.609470,17
815,300.952390,17
816,301.171520,15
817,302.058730,16
818,301.019870,15
819,300.535630,16
820,300.942520,14
821,300.609460,16
822,301.418860,15
823,301.337140,18
824,301.318620,14
825,301.733850,15
826,300.295120,17
827,300.264140,16
828,301.305600,13
829,300.897550,19
830,301.730640,10
831,301.979500,13
832,302.045920,10
833,301.731460,11
834,302.162010,12
835,302.608740,9
836,302.303510,6
837,301.815010,11
838,302.528550,12
839,302.094470,11
840,302.739970,11
841,302.032510,13
842,302.766340,13
843,303.187180,12
844,302.356120,13
845,302.099700,12
846,302.605400,9
847,301.521070,13
848,302.656340,10
849,302.414150,12
850,302.079860,12
851,302.442660,13
852,301.858320,13
853,302.270970,12
854,301.921470,13
855,302.451990,10
856,302.699760,11
857,302.534000,12
858,302.143180,12
859,302.206310,11
860,302.565020,10
861,302.277130,8
862,301.448330,13
863,302.061290,13
864,302.092020,15
865,301.772860,12
866,302.495230,13
867,301.733020,11
868,302.190460,15
869,302.267070,12
870,302.461380,15
871,302.463780,16
872,302.386590,15
873,301.709710,16
874,301.979480,13
875,302.701120,15
876,301.694780,13
877,302.359400,13
878,302.558430,12
879,301.883810,12
880,302.414070,12
881,301.544490,11
882,301.827630,10
883,302.214720,11
884,302.099800,13
885,301.439600,12
886,302.503590,12
887,301.980650,13
888,301.688740,9
889,301.088720,12
890,300.970240,15
891,301.000640,10
892,301.048930,13
893,301.889730,14
894,301.633620,12
895,301.350960,13
896,301.515280,12
897,301.765920,14
898,301.343040,15
899,300.628830,14
900,300.975700,13
901,300.794320,14
902,300.019930,13
903,300.700850,11
904,300.732070,14
905,300.667180,13
906,300.553700,12
907,300.643980,15
908,300.744400,15
909,300.438760,14
910,301.907350,12
911,301.716390,12
912,301.422640,14
913,301.186080,14
914,301.100780,14
915,301.652000,13
916,301.791770,14
917,301.225970,15
918,302.049340,14
919,301.540840,14
920,301.283510,16
921,301.868180,13
922,301.665620,12
923,301.298260,14
924,300.840360,16
925,300.918270,15
926,301.039530,12
927,301.644050,17
928,302.113230,13
929,301.137410,11
930,301.335370,13
931,300.929040,13
932,301.105240,12
933,300.666280,9
934,301.351970,11
935,301.103750,12
936,301.301280,9
937,300.966860,13
938,301.576880,12
939,301.840650,13
940,299.565170,13
941,299.329560,8
942,299.496880,15
943,299.839180,10
944,300.712280,14
945,299.664720,12
946,300.053210,13
947,299.625060,12
948,299.745050,10
949,300.618080,11
950,299.719690,11
951,300.122790,11
952,300.577220,12
953,300.272980,12
954,300.043270,12
955,300.067810,10
956,299.050610,12
957,299.608360,11
958,300.207390,10
959,300.501180,11
960,300.117980,17
961,299.959130,15
962,300.366380,17
963,300.808360,12
964,301.052090,15
965,300.049870,14
966,300.523370,13
967,300.972280,14
968,300.797880,13
969,300.671290,16
970,300.740190,13
971,300.622500,12
972,300.759220,11
973,300.814860,7
974,301.263060,10
975,300.182490,13
976,300.641260,11
977,300.544460,14
978,300.662940,10
979,300.252940,13
980,299.879250,12
981,300.773010,13
982,300.955620,12
983,301.110690,14
984,301.118610,12
985,300.827550,14
986,300.747520,10
987,300.438510,11
988,300.594000,13
989,301.385280,13
990,299.772320,17
991,301.248750,16
992,300.799010,13
993,300.283520,15
994,299.322330,17
995,300.014480,14
996,300.047270,14
997,300.512700,14
998,300.202410,15
999,299.900240,19
1000,300.177110,12
1001,300.076060,10
1002,300.257530,13
1003,300.549040,17
1004,301.173790,15
1005,299.990910,14
1006,300.026840,12
1007,301.087180,13
1008,300.986440,13
1009,300.731430,14
1010,301.255360,16
1011,301.063640,13
1012,301.172090,13
1013,301.865180,13
1014,301.628650,11
1015,300.965690,14
1016,301.301020,15
1017,300.783420,12
1018,300.992240,13
1019,301.560100,15
1020,302.023020,12
1021,301.325770,11
1022,301.409710,12
1023,301.561170,11
1024,300.984940,10
1025,301.566950,15
1026,300.923190,10
1027,300.624920,12
1028,301.098250,9
1029,300.983800,11
1030,301.057490,12
1031,301.237250,10
1032,301.846940,13
1033,301.305750,12
1034,300.898780,10
1035,301.439250,9
1036,301.314980,10
1037,301.584980,13
1038,301.968020,14
1039,301.487040,12
1040,300.805600,15
1041,301.250650,14
1042,300.923310,15
1043,301.028180,14
1044,301.844030,15
1045,300.881950,16
1046,301.554090,15
1047,301.383520,14
1048,301.580570,13
1049,301.460590,15
1050,301.453560,12
1051,302.445110,16
1052,301.279890,13
1053,302.334610,12
1054,301.878740,14
1055,301.474370,12
1056,302.214220,13
1057,302.122080,16
1058,302.143220,14
1059,301.620610,11
1060,302.502040,14
1061,301.953890,12
1062,302.307080,9
1063,302.413250,12
1064,302.373720,15
1065,301.694860,9
1066,302.615760,14
1067,302.412170,10
1068,302.626320,17
1069,302.119270,13
1070,302.231460,13
1071,302.399080,12
1072,302.103920,11
1073,301.669650,12
1074,302.869580,11
1075,301.861780,9
1076,301.677290,13
1077,301.749440,15
1078,302.325520,13
1079,302.475120,11
1080,302.007620,12
1081,301.509240,13
1082,302.464710,15
1083,302.672450,15
1084,302.430650,13
1085,302.643470,13
1086,302.143950,14
1087,302.399150,13
1088,302.683860,13
1089,301.757210,12
1090,301.911320,15
1091,301.601270,12
1092,301.069020,14
1093,301.692980,13
1094,301.475660,14
1095,301.665750,14
1096,301.039660,15
1097,302.468300,12
1098,301.835730,13
1099,301.232230,15
1100,301.827750,9
1101,301.218590,9
1102,301.633950,13
1103,301.678410,11
1104,301.122520,11
1105,301.791660,9
1106,300.744260,12
1107,301.671110,10
1108,301.014050,13
1109,301.199800,11
1110,301.819990,10
1111,302.056680,13
1112,302.136210,14
1113,301.710990,7
1114,301.595680,10
1115,301.638470,10
1116,301.848140,8
1117,302.253250,9
1118,301.636900,12
1119,302.153150,10
1120,301.596500,17
1121,300.877200,17
1122,301.835030,11
1123,300.842510,18
1124,301.655750,14
1125,302.623140,17
1126,302.149370,16
1127,302.547280,14
1128,302.401140,13
1129,302.192210,15
1130,302.657320,14
1131,302.223390,14
1132,302.094660,19
1133,301.971340,14
1134,302.806390,14
1135,302.795240,14
1136,302.678810,14
1137,302.808310,15
1138,302.515580,13
1139,302.096920,13
1140,302.770490,10
1141,301.972030,12
1142,302.183560,11
1143,302.249320,13
1144,302.531720,11
1145,302.152130,9
1146,301.846070,13
1147,302.349130,12
1148,302.930340,13
1149,302.136100,12
1150,302.612500,8
1151,302.952310,10
1152,302.146330,12
1153,301.944990,12
1154,302.393270,10
1155,303.143830,11
1156,302.515020,8
1157,302.600700,14
1158,301.991150,12
1159,302.806950,13
1160,302.400110,12
1161,302.497270,15
1162,302.619490,13
1163,302.425020,13
1164,303.120940,15
1165,302.188110,14
1166,302.843500,11
1167,302.225670,10
1168,302.528980,14
1169,302.371860,13
1170,302.714950,14
1171,302.936340,14
1172,302.567670,9
1173,303.068040,11
1174,302.839850,13
1175,302.041140,12
1176,302.120270,12
1177,302.930520,12
1178,302.867660,12
1179,302.459760,13
1180,302.154480,12
1181,302.882790,16
1182,302.647750,11
1183,302.574520,13
1184,303.116580,12
1185,302.580990,14
1186,303.191820,14
1187,302.217890,14
1188,302.957760,14
1189,302.832190,10
1190,302.201430,15
1191,302.191140,18
1192,303.179140,13
1193,302.325770,14
1194,303.261730,13
1195,302.995780,13
1196,302.916460,14
1197,303.293880,16
1198,302.865870,13
1199,302.791070,15
1200,302.685170,13
1201,302.805770,12
1202,303.950600,17
1203,303.011110,12
1204,303.140620,10
1205,303.021370,13
1206,302.553210,11
1207,302.506190,13
1208,303.011090,11
1209,303.178150,13
1210,302.298840,11
1211,302.268260,12
1212,301.982130,13
1213,302.518670,15
1214,301.804480,11
1215,302.056930,11
1216,301.723180,15
1217,302.309200,12
1218,302.249670,13
1219,302.648060,14
1220,302.532440,12
1221,302.851080,14
1222,301.973660,15
1223,302.655850,13
1224,302.742380,11
1225,302.566480,14
1226,302.510890,8
1227,303.185360,16
1228,302.616680,11
1229,302.755490,11
1230,302.138100,18
1231,303.288200,14
1232,303.022160,12
1233,302.776200,12
1234,302.867140,11
1235,302.118860,13
1236,302.928340,14
1237,302.479940,13
1238,302.420520,16
1239,303.008040,14
1240,301.966790,14
1241,302.614010,15
1242,302.404450,12
1243,302.402610,11
1244,302.389850,12
1245,302.339770,9
1246,302.365790,11
1247,302.400970,14
1248,301.609470,8
1249,302.019880,12
1250,301.550700,12
1251,302.508400,14
1252,302.087940,18
1253,301.046980,14
1254,301.314800,16
1255,301.719220,13
1256,301.669220,14
1257,301.407630,16
1258,301.772760,14
1259,302.295330,16
1260,302.099800,16
1261,301.118190,14
1262,301.782160,12
1263,302.526670,14
1264,301.482570,12
1265,302.149050,14
1266,301.681550,14
1267,302.534030,13
1268,301.652660,16
1269,301.792090,16
1270,301.480440,11
1271,300.997380,15
1272,301.289370,11
1273,300.838460,15
1274,301.583080,11
1275,301.096030,14
1276,301.254940,11
1277,301.794880,13
1278,302.146410,14
1279,302.148650,18
1280,301.757460,12
1281,301.734710,10
1282,301.890990,17
1283,302.271040,14
1284,302.064390,14
1285,301.591630,11
1286,302.315000,14
1287,301.185670,14
1288,301.856350,11
1289,302.377350,12
1290,302.034990,13
1291,302.903870,12
1292,302.641400,12
1293,302.463050,14
1294,302.388810,13
1295,302.091400,9
1296,302.393570,13
1297,301.962970,11
1298,301.964500,11
1299,302.347750,12
1300,302.754110,15
1301,303.047870,12
1302,302.866760,13
1303,302.517080,11
1304,302.948440,15
1305,302.181810,15
1306,303.016660,13
1307,303.233090,10
1308,301.966390,16
1309,302.324240,14
1310,302.451620,10
1311,302.724090,8
1312,302.646600,12
1313,302.435180,9
1314,301.970230,10
1315,302.271250,11
1316,303.184220,9
1317,302.951510,12
1318,302.815680,8
1319,302.103740,14
1320,302.042900,8
1321,302.350600,12
1322,302.340100,13
1323,301.845310,8
1324,302.170150,14
1325,302.169610,9
1326,302.101830,13
1327,302.367950,10
1328,302.798110,15
1329,302.416350,14
1330,302.000220,10
1331,302.480100,13
1332,301.862420,10
1333,301.699490,12
1334,302.417790,12
1335,301.495980,13
1336,301.375230,14
1337,302.226020,12
1338,301.898540,8
1339,301.777280,16
1340,301.897780,13
1341,301.356440,14
1342,300.912010,13
1343,302.031020,12
1344,301.433910,13
1345,302.200570,13
1346,301.708020,14
1347,301.494730,12
1348,301.215520,14
1349,301.258150,13
1350,300.446410,16
1351,301.326540,12
1352,301.690850,10
1353,300.924980,11
1354,301.037190,15
1355,300.852700,9
1356,301.688200,13
1357,301.663110,13
1358,300.569150,11
1359,300.885570,9
1360,301.199200,12
1361,301.464350,13
1362,301.380490,11
1363,302.046620,12
1364,302.185380,17
1365,301.199560,11
1366,301.966160,20
1367,300.492020,16
1368,301.889890,16
1369,301.747140,13
1370,301.543270,12
1371,302.527310,12
1372,301.920240,12
1373,302.207170,9
1374,302.160640,11
1375,301.913270,14
1376,301.827500,13
1377,301.607680,13
1378,302.176270,10
1379,301.984250,9
1380,300.621310,14
1381,302.047120,10
1382,301.330570,10
1383,301.606260,10
1384,301.651880,11
1385,302.096280,12
1386,301.775910,12
1387,301.629210,11
1388,300.623010,17
1389,301.334980,9
1390,300.900370,14
1391,300.573530,10
1392,300.963120,11
1393,300.458200,12
1394,300.930020,15
1395,300.882000,13
1396,301.318480,13
1397,301.011000,15
1398,301.365800,9
1399,301.481430,14
1400,300.340540,17
1401,301.187010,14
1402,300.706220,13
1403,301.004830,14
1404,301.321520,19
1405,301.540630,14
1406,301.052550,16
1407,300.518540,15
1408,301.940320,19
1409,300.498510,17
1410,300.851160,11
1411,300.214770,14
1412,299.822330,15
1413,300.207780,15
1414,300.996700,10
1415,300.631270,12
1416,300.775660,14
1417,300.739850,11
1418,300.465170,10
1419,300.622870,11
1420,300.604950,13
1421,301.540810,15
1422,300.883250,11
1423,301.463780,17
1424,300.222200,16
1425,300.605630,13
1426,300.809800,14
1427,300.565720,17
1428,301.011550,14
1429,300.487120,15
1430,300.759220,13
1431,300.443180,13
1432,299.574200,14
1433,299.739350,18
1434,299.606100,15
1435,300.339930,13
1436,299.703900,13
1437,300.245800,14
1438,301.040470,19
1439,300.673880,10
1440,301.079760,12
1441,301.167190,11
1442,300.487960,13
1443,300.839810,12
1444,301.056620,9
1445,301.395690,15
1446,301.113170,7
1447,300.815140,11
1448,300.826020,10
1449,301.208870,9
1450,300.489870,13
1451,301.018840,15
1452,301.421610,11
1453,300.680970,12
1454,301.174560,14
1455,301.570860,15
1456,300.642600,14
1457,301.205800,14
1458,300.379900,10
1459,300.285880,13
1460,300.818910,14
1461,301.493370,14
1462,301.213210,17
1463,301.146340,14
1464,301.225070,15
1465,301.555810,14
1466,301.770970,13
1467,300.288390,16
1468,300.725400,15
1469,300.930240,10
1470,301.293660,14
1471,301.385390,11
1472,300.543330,16
1473,301.368390,13
1474,300.967030,12
1475,301.075980,8
1476,300.523290,15
1477,301.430890,10
1478,301.204180,11
1479,301.147440,14
1480,300.930950,12
1481,300.434870,14
1482,301.016730,15
1483,301.341070,13
1484,300.845860,13
1485,300.417910,13
1486,300.120600,14
1487,301.633980,17
1488,300.411830,16
1489,301.375520,12
1490,300.793320,10
1491,301.580300,12
1492,301.273690,13
1493,300.919410,11
1494,300.561390,12
1495,301.526990,13
1496,301.572940,12
1497,300.853330,14
1498,300.920770,14
1499,300.538590,12
1500,299.837720,21
1501,300.807380,9
1502,301.151140,16
1503,301.031480,12
1504,299.972020,16
1505,299.975800,14
1506,301.793880,17
1507,300.953490,15
1508,300.585770,14
1509,301.197830,15
1510,300.102150,12
1511,300.634220,10
1512,300.673730,11
1513,300.080170,13
1514,300.520530,11
1515,300.017830,15
1516,300.218780,9
1517,300.682380,12
1518,299.773710,11
1519,299.913910,10
1520,300.528110,10
1521,300.335190,10
1522,300.280220,7
1523,300.068300,10
1524,300.603570,7
1525,299.866930,10
1526,300.840650,11
1527,300.400500,9
1528,300.316700,8
1529,300.695620,10
1530,300.004440,13
1531,299.733980,8
1532,299.937820,11
1533,299.646480,9
1534,299.823210,13
1535,299.265540,14
1536,299.163520,13
1537,299.853160,12
1538,299.828150,13
1539,300.156490,8
1540,300.233450,14
1541,299.181280,13
1542,299.637330,14
1543,300.256950,17
1544,299.312120,15
1545,299.980700,13
1546,299.629950,12
1547,299.717470,12
1548,299.760220,14
1549,298.786780,17
1550,300.295080,13
1551,300.589320,10
1552,299.508870,16
1553,300.067270,13
1554,299.552340,14
1555,300.505030,14
1556,300.015700,15
1557,299.644030,11
1558,300.246130,16
1559,300.344350,15
1560,300.369900,12
1561,299.545020,12
1562,299.320270,15
1563,299.157610,11
1564,299.484730,13
1565,300.227990,15
1566,299.682170,13
1567,299.694730,14
1568,299.412340,12
1569,299.514810,17
1570,299.820580,13
1571,299.267970,14
1572,300.181840,14
1573,299.890630,13
1574,299.439200,14
1575,299.580230,16
1576,299.799940,13
1577,300.509210,17
1578,299.778170,14
1579,300.192340,12
1580,299.480700,14
1581,300.544540,11
1582,299.988820,14
1583,300.263530,9
1584,299.863390,12
1585,299.844150,9
1586,299.989390,14
1587,299.990720,10
1588,300.094920,13
1589,300.574160,13
1590,300.742090,16
1591,300.272960,14
1592,300.401480,15
1593,300.914690,15
1594,300.738850,18
1595,300.766600,12
1596,300.206690,11
1597,300.217470,12
1598,300.755140,12
1599,300.363770,11
1600,299.531080,13
1601,299.337310,9
1602,299.549630,9
1603,300.343250,13
1604,300.285580,12
1605,299.265810,11
1606,299.419170,13
1607,300.879990,17
1608,299.913460,15
1609,300.196030,14
1610,300.552020,10
1611,300.453900,13
1612,300.574260,16
1613,300.108580,12
1614,300.150210,9
1615,300.682520,13
1616,299.894430,14
1617,300.252480,7
1618,300.569700,12
1619,300.338090,13
1620,300.520240,11
1621,299.794220,14
1622,300.312690,9
1623,301.018890,11
1624,300.177260,10
1625,300.186510,12
1626,300.629870,11
1627,300.374020,11
1628,300.592780,9
1629,300.290430,12
1630,300.593580,12
1631,300.471750,11
1632,300.316220,11
1633,300.222670,11
1634,300.446240,11
1635,299.888050,11
1636,300.351110,11
1637,300.070920,9
1638,300.437350,10
1639,300.151110,9
1640,299.938550,17
1641,300.915250,18
1642,300.369280,18
1643,299.161200,14
1644,299.685190,11
1645,300.703100,14
1646,299.559780,17
1647,299.927490,15
1648,300.435200,16
1649,300.542580,14
1650,300.994680,12
1651,300.528800,13
1652,300.738660,11
1653,301.080070,12
1654,300.282570,12
1655,301.051340,11
1656,300.392340,11
1657,300.691280,13
1658,299.830600,17
1659,300.134050,13
1660,300.832080,14
1661,301.745730,15
1662,301.210370,10
1663,301.249780,17
1664,301.786200,13
1665,301.009730,15
1666,301.024420,12
1667,301.109420,10
1668,301.187180,11
1669,301.607100,11
1670,301.380280,14
1671,301.455430,18
1672,301.726850,17
1673,301.201130,11
1674,301.817480,16
1675,301.851820,16
1676,301.279920,16
1677,302.025280,12
1678,301.343100,13
1679,301.013710,14
1680,301.555230,13
1681,301.482940,12
1682,301.800060,12
1683,301.917870,12
1684,301.842000,11
1685,301.293720,12
1686,301.135800,14
1687,302.126280,11
1688,301.683440,10
1689,301.688270,12
1690,301.586560,15
1691,301.725430,14
1692,301.207920,11
1693,301.373670,13
1694,301.702280,14
1695,301.006960,13
1696,301.506050,15
1697,301.461840,12
1698,301.594630,14
1699,301.151050,10
1700,301.699230,15
1701,300.768580,13
1702,301.638920,16
1703,300.611360,13
1704,301.190130,14
1705,301.532420,19
1706,301.837590,16
1707,300.276070,17
1708,300.675720,12
1709,301.061180,14
1710,301.147580,14
1711,300.801490,10
1712,301.096500,15
1713,301.252880,13
1714,300.821890,12
1715,300.302960,10
1716,301.523300,14
1717,301.291420,11
1718,300.477090,13
1719,302.145360,12
1720,300.556360,16
1721,300.462180,14
1722,300.687130,12
1723,301.232720,12
1724,301.098760,12
1725,300.139380,14
1726,300.668080,10
1727,301.454690,12
1728,300.773600,17
1729,301.358160,15
1730,301.436690,12
1731,301.267140,14
1732,300.838900,12
1733,300.967090,12
1734,301.150920,13
1735,301.293470,15
1736,301.018790,11
1737,300.966000,12
1738,300.643850,14
1739,300.592570,13
1740,301.335790,13
1741,301.701130,13
1742,300.697330,11
1743,301.627810,13
1744,301.479800,18
1745,300.664970,12
1746,300.778890,11
1747,301.406590,15
1748,301.561110,13
1749,301.235500,14
1750,301.087080,11
1751,300.855300,11
1752,300.909540,10
1753,301.074190,9
1754,300.983700,13
1755,300.579480,13
1756,301.191550,8
1757,301.232190,9
1758,300.862040,8
1759,301.434340,9
1760,301.511810,18
1761,301.595820,14
1762,302.038130,15
1763,301.701550,15
1764,301.358250,14
1765,301.469440,14
1766,301.609390,17
1767,301.912190,14
1768,302.508730,15
1769,302.227180,15
1770,302.363850,10
1771,302.407170,12
1772,302.809060,10
1773,302.220790,12
1774,302.126230,8
1775,301.914310,9
1776,302.205030,7
1777,302.759210,11
1778,301.844930,8
1779,302.373970,7
1780,301.555280,15
1781,301.711330,12
1782,302.527430,14
1783,302.471670,14
1784,301.628490,12
1785,302.558420,9
1786,302.259330,13
1787,301.923850,9
1788,302.232200,16
1789,302.444720,14
1790,302.287450,12
1791,301.975370,15
1792,301.383630,12
1793,302.046620,15
1794,302.335020,9
1795,302.775100,15
1796,302.378280,11
1797,302.231930,15
1798,301.607440,12
1799,302.055840,15
1800,302.043590,15
1801,302.805240,16
1802,303.339020,12
1803,302.444460,14
1804,303.078320,16
1805,302.590520,14
1806,301.560570,14
1807,301.486940,16
1808,302.429750,11
1809,301.793190,18
1810,302.834960,10
1811,303.359740,13
1812,303.077900,15
1813,302.818700,14
1814,302.225710,13
1815,303.157300,16
1816,302.210550,15
1817,302.400760,12
1818,302.873130,14
1819,302.446150,9
1820,302.864410,10
1821,302.121090,14
1822,301.750590,15
1823,302.182430,12
1824,301.957520,13
1825,302.764270,14
1826,301.876990,16
1827,302.658310,12
1828,302.354610,13
1829,301.772340,15
1830,302.254310,15
1831,302.580830,16
1832,301.529340,15
1833,301.740710,15
1834,301.531360,15
1835,301.444560,12
1836,302.145960,15
1837,300.824190,19
1838,301.478820,13
1839,302.521830,16
1840,303.023310,16
1841,302.317140,10
1842,302.542780,14
1843,302.288780,16
1844,302.096220,14
1845,303.069480,15
1846,302.079650,12
1847,302.378700,15
1848,301.605300,15
1849,302.250810,14
1850,302.455170,14
1851,303.032570,14
1852,302.208070,10
1853,301.812120,16
1854,301.590310,15
1855,302.512970,14
1856,302.549720,11
1857,301.981910,11
1858,302.654950,13
1859,301.941040,14
1860,302.392210,15
1861,302.452840,16
1862,301.877170,14
1863,301.610600,17
1864,301.904580,17
1865,302.586000,16
1866,302.632240,12
1867,301.774100,14
1868,302.142720,14
1869,301.524970,14
1870,302.909430,10
1871,302.383460,9
1872,302.135630,10
1873,302.545120,13
1874,301.638120,16
1875,302.706100,10
1876,302.001160,13
1877,302.321650,11
1878,302.353580,12
1879,302.193680,10
1880,302.083810,12
1881,301.429000,14
1882,302.281690,12
1883,301.712520,10
1884,302.400560,12
1885,301.553940,12
1886,301.887010,16
1887,301.937230,16
1888,302.303850,12
1889,301.821670,13
1890,301.689910,14
1891,301.007590,15
1892,301.204870,14
1893,302.253350,15
1894,300.574590,15
1895,301.957650,13
1896,302.368960,15
1897,301.306010,12
1898,301.216180,16
1899,301.482910,12
1900,301.361780,13
1901,301.766990,13
1902,301.801110,12
1903,301.331850,13
1904,301.601180,11
1905,301.211670,9
1906,301.320530,14
1907,301.534830,9
1908,301.856180,14
1909,301.632350,11
1910,302.216180,11
1911,301.830770,13
1912,301.534130,13
1913,301.423620,12
1914,301.003920,14
1915,302.211090,13
1916,301.999840,10
1917,302.216780,14
1918,301.692700,10
1919,301.574810,10
1920,301.914990,15
1921,301.911450,11
1922,301.820680,12
1923,301.607730,15
1924,301.796360,11
1925,301.363970,12
1926,302.333700,11
1927,301.582850,10
1928,302.677940,11
1929,301.894720,11
1930,301.189570,13
1931,301.064270,13
1932,301.774950,12
1933,301.055790,14
1934,301.431070,11
1935,302.143100,12
1936,301.352880,9
1937,301.993430,12
1938,301.930840,15
1939,301.435050,13
1940,302.185430,10
1941,301.452660,10
1942,301.411140,11
1943,301.824800,13
1944,300.575700,14
1945,301.754480,10
1946,301.525730,10
1947,301.846410,11
1948,301.736020,7
1949,301.879770,11
1950,301.301760,17
1951,302.145020,16
1952,301.562780,15
1953,301.088060,19
1954,301.732810,13
1955,302.095270,16
1956,301.277160,17
1957,301.284600,14
1958,301.284310,15
1959,302.401050,14
1960,301.602890,19
1961,301.399760,15
1962,301.280860,17
1963,302.317050,16
1964,302.024760,11
1965,302.246510,18
1966,302.324250,14
1967,302.166870,18
1968,301.596310,15
1969,302.194840,18
1970,301.698350,10
1971,302.355660,12
1972,302.419880,11
1973,301.754130,12
1974,302.328150,10
1975,302.124820,9
1976,301.937440,15
1977,302.414340,10
1978,301.941320,11
1979,302.190880,9
1980,302.420670,11
1981,301.704540,10
1982,301.811010,9
1983,301.383940,13
1984,301.510340,12
1985,302.019540,10
1986,301.795210,13
1987,301.818900,12
1988,301.503440,10
1989,301.692360,13
1990,302.029750,13
1991,301.194770,12
1992,301.107820,10
1993,301.329340,16
1994,301.602730,10
1995,301.475300,12
1996,300.567980,16
1997,301.331380,12
1998,301.980560,13
1999,301.596310,9
2000,301.917070,16
2001,301.551770,12
2002,300.711010,18
2003,301.854760,14
2004,301.427270,13
2005,300.812970,12
2006,300.956090,13
2007,301.358230,12
2008,301.603440,10
2009,300.644160,14
2010,300.538080,12
2011,300.765160,13
2012,300.789860,13
2013,301.404480,13
2014,300.282940,13
2015,301.198180,13
2016,301.382180,14
2017,301.954810,14
2018,301.193820,11
2019,301.287640,11
2020,301.074380,13
2021,300.293720,18
2022,300.256760,14
2023,300.642310,16
2024,300.677290,17
2025,300.720730,15
2026,301.326800,16
2027,300.230930,17
2028,301.186280,16
2029,301.138970,16
2030,300.552080,9
2031,301.062860,11
2032,301.239330,12
2033,300.370240,12
2034,300.249800,11
2035,300.726560,10
2036,301.225710,12
2037,300.728040,9
2038,301.199110,9
2039,300.962840,8
2040,301.204360,15
2041,301.494320,16
2042,300.130200,13
2043,300.541110,15
2044,300.187200,13
2045,300.449270,15
2046,300.292030,14
2047,300.876770,14
2048,300.814320,16
2049,300.594880,13
2050,300.284460,15
2051,299.877730,15
2052,300.421940,12
2053,300.131990,12
2054,300.580000,15
2055,300.422230,12
2056,300.237070,15
2057,299.679850,14
2058,300.789420,12
2059,299.746230,13
2060,299.396120,13
2061,300.194680,15
2062,300.283670,10
2063,299.171460,15
2064,300.458050,13
2065,300.269950,16
2066,299.944760,13
2067,299.942390,15
2068,300.297100,14
2069,299.905190,14
2070,299.261200,14
2071,299.197020,12
2072,299.453710,11
2073,299.132360,14
2074,299.586670,12
2075,299.939690,11
2076,299.744910,11
2077,299.697790,10
2078,299.485930,12
2079,299.435090,12
2080,299.436210,16
2081,299.752580,14
2082,299.091280,14
2083,300.094770,17
2084,299.964650,14
2085,299.277080,12
2086,299.146220,15
2087,298.764690,17
2088,299.474160,14
2089,300.036010,15
2090,299.425510,13
2091,299.944270,12
2092,299.798320,12
2093,299.369000,11
2094,300.459790,14
2095,299.799530,9
2096,299.497060,10
2097,299.001120,10
2098,299.476190,14
2099,298.987140,12
2100,299.432030,13
2101,298.414850,14
2102,298.788530,14
2103,299.321280,13
2104,298.861460,10
2105,299.663910,11
2106,299.016080,15
2107,298.948640,11
2108,299.433210,9
2109,299.208470,11
2110,298.871650,11
2111,299.616340,12
2112,298.734710,12
2113,299.129470,13
2114,298.755390,13
2115,299.267160,13
2116,299.471120,11
2117,298.987680,10
2118,299.150000,13
2119,299.727610,12
2120,298.487250,13
2121,298.415440,12
2122,298.425700,16
2123,298.225070,14
2124,297.302950,14
2125,298.862580,10
2126,297.603310,15
2127,298.988520,13
2128,299.081580,7
2129,297.499460,15
2130,297.201550,14
2131,298.085540,12
2132,297.687440,13
2133,297.980550,14
2134,297.149680,12
2135,297.673080,10
2136,297.066990,16
2137,298.325910,15
2138,297.157250,14
2139,297.583460,10
2140,297.062630,17
2141,297.560890,12
2142,297.952240,12
2143,297.435220,10
2144,298.242240,15
2145,296.633440,14
2146,297.576340,11
2147,297.826340,17
2148,298.016490,15
2149,297.217890,13
2150,297.059550,11
2151,296.736190,10
2152,296.614870,11
2153,297.246890,9
2154,296.743020,12
2155,296.883430,9
2156,297.323360,9
2157,296.954330,5
2158,296.819560,11
2159,297.178890,10
2160,296.743510,14
2161,296.528130,13
2162,297.866140,16
2163,296.940990,12
2164,297.630490,14
2165,297.938850,13
2166,297.069130,15
2167,297.539790,12
2168,296.620780,20
2169,296.907570,14
2170,297.839540,10
2171,297.421860,10
2172,297.096450,11
2173,297.765910,10
2174,297.360880,9
2175,297.715610,11
2176,297.726640,6
2177,297.495060,10
2178,297.671490,11
2179,297.877210,11
2180,297.418150,14
2181,298.244030,9
2182,298.492140,14
2183,298.082800,11
2184,298.274820,12
2185,298.040670,9
2186,298.238580,10
2187,297.994290,12
2188,298.670520,9
2189,298.058150,11
2190,298.261620,11
2191,297.739560,12
2192,297.646770,10
2193,297.788140,12
2194,298.170680,12
2195,297.780730,10
2196,297.454530,12
2197,297.803610,12
2198,297.313350,10
2199,297.974620,10
2200,298.337080,13
2201,298.103670,8
2202,298.051350,11
2203,297.953050,12
2204,297.679010,9
2205,297.539250,10
2206,297.924960,12
2207,297.984440,12
2208,297.531750,7
2209,298.012710,14
2210,297.391210,12
2211,297.421450,15
2212,297.229160,13
2213,297.981880,14
2214,297.441520,9
2215,296.835650,15
2216,297.483620,13
2217,297.051230,14
2218,297.269120,11
2219,298.124710,11
2220,297.525590,21
2221,297.667310,18
2222,297.269590,19
2223,297.723240,16
2224,298.505320,16
2225,297.802390,16
2226,298.660130,16
2227,298.586390,14
2228,296.924050,19
2229,297.369800,15
2230,297.526640,13
2231,298.044090,12
2232,298.057610,15
2233,297.228440,12
2234,297.526610,15
2235,297.120100,12
2236,297.138050,15
2237,297.724310,13
2238,297.355440,12
2239,297.606890,10
2240,297.689300,14
2241,297.244490,17
2242,297.897830,12
2243,297.339580,14
2244,297.173660,10
2245,297.420760,14
2246,297.456110,13
2247,297.914310,17
2248,297.203650,15
2249,297.726210,18
2250,296.969290,10
2251,297.542210,8
2252,297.801870,9
2253,297.039280,13
2254,297.314220,12
2255,297.228330,14
2256,297.374760,10
2257,297.135310,10
2258,297.918530,12
2259,297.966030,11
2260,297.128800,12
2261,297.485690,14
2262,297.236460,15
2263,298.056800,16
2264,297.586540,18
2265,298.010840,15
2266,298.262560,16
2267,297.745610,17
2268,298.194160,17
2269,297.003280,19
2270,297.517540,10
2271,296.880220,12
2272,296.859350,11
2273,296.847310,7
2274,296.630790,10
2275,297.783060,12
2276,297.358110,12
2277,297.266360,9
2278,297.161820,10
2279,297.617570,9
2280,297.610940,10
2281,297.518670,11
2282,298.251570,13
2283,297.992530,11
2284,297.506420,9
2285,297.337380,15
2286,298.344920,10
2287,297.813500,9
2288,298.174190,12
2289,297.984670,10
2290,297.469600,15
2291,297.977560,13
2292,296.802020,15
2293,297.640740,13
2294,298.278390,10
2295,297.497200,13
2296,298.098770,12
2297,297.702250,12
2298,297.635670,14
2299,297.223210,12
2300,297.257100,15
2301,298.067390,14
2302,298.100160,9
2303,297.323240,13
2304,297.620720,13
2305,297.404870,13
2306,298.022260,10
2307,298.184190,9
2308,297.485570,13
2309,297.463200,11
2310,297.690500,11
2311,298.002360,12
2312,298.449580,12
2313,297.589920,6
2314,298.172570,14
2315,298.198660,12
2316,297.735640,9
2317,297.965470,11
2318,298.132370,10
2319,298.294870,13
2320,298.226220,12
2321,298.123900,13
2322,298.646910,12
2323,298.230340,14
2324,298.190820,11
2325,298.050800,12
2326,298.007750,11
2327,298.111910,12
2328,298.439750,12
2329,298.790410,12
2330,297.698720,15
2331,297.930010,13
2332,299.304380,15
2333,298.393970,11
2334,297.908750,11
2335,297.771850,12
2336,298.507660,13
2337,297.958480,13
2338,298.633460,12
2339,297.926640,11
2340,298.358220,19
2341,298.371470,15
2342,298.484760,13
2343,298.464810,9
2344,298.824490,12
2345,299.293380,11
2346,297.810230,12
2347,298.659560,14
2348,298.532480,13
2349,298.968130,14
2350,298.865370,12
2351,298.441980,14
2352,298.600760,16
2353,298.405920,15
2354,298.832790,15
2355,298.567820,15
2356,298.742540,14
2357,298.603620,13
2358,298.966140,13
2359,298.608260,9
2360,298.269580,16
2361,298.578740,12
2362,298.561410,13
2363,298.249340,8
2364,298.118950,14
2365,298.512080,11
2366,298.315930,11
2367,298.696180,11
2368,299.025690,12
2369,298.209450,11
2370,298.490270,15
2371,298.367410,8
2372,298.764490,11
2373,298.153940,12
2374,298.343120,10
2375,298.140230,15
2376,298.322320,11
2377,297.904390,10
2378,298.977170,13
2379,298.495620,10
2380,299.334530,14
2381,298.813390,11
2382,298.623530,14
2383,298.366340,14
2384,298.838780,12
2385,299.116590,13
2386,298.938840,15
2387,299.666900,12
2388,299.851410,12
2389,299.044620,13
2390,298.630190,15
2391,298.556900,13
2392,298.091630,15
2393,298.939210,15
2394,299.381960,18
2395,297.894100,14
2396,298.747110,14
2397,298.963470,13
2398,298.944880,13
2399,299.050850,12
2400,298.575720,11
2401,298.674970,9
2402,298.385980,13
2403,299.023390,12
2404,298.979140,12
2405,298.715610,10
2406,298.724210,9
2407,298.249730,11
2408,298.169510,15
2409,298.526310,12
2410,298.058940,10
2411,297.588900,11
2412,298.055270,10
2413,298.375360,11
2414,298.186120,12
2415,298.304130,13
2416,297.617970,13
2417,297.739990,9
2418,297.715310,15
2419,297.948980,9
2420,297.940180,8
2421,298.077580,10
2422,297.976250,8
2423,298.014920,8
2424,298.704160,10
2425,298.164360,7
2426,297.829020,13
2427,298.348380,7
2428,298.822880,7
2429,298.692380,12
2430,297.974460,14
2431,298.222270,12
2432,298.540610,12
2433,298.146100,11
2434,298.511350,11
2435,298.808080,14
2436,297.475230,12
2437,298.655380,12
2438,297.749580,14
2439,298.034480,13
2440,297.799530,12
2441,298.533330,12
2442,298.099580,13
2443,299.301380,15
2444,298.514410,15
2445,298.612660,12
2446,298.440700,15
2447,298.562720,14
2448,297.961090,14
2449,298.950430,15
2450,298.464470,10
2451,298.714640,12
2452,297.904520,12
2453,297.504560,16
2454,297.942730,15
2455,298.082770,11
2456,298.150570,13
2457,298.571500,14
2458,298.453210,13
2459,297.965220,12
2460,298.410680,12
2461,298.072640,12
2462,298.070550,8
2463,298.709640,13
2464,298.834220,13
2465,298.410190,8
2466,298.059340,15
2467,297.997950,12
2468,297.629860,13
2469,298.803690,10
2470,298.669190,12
2471,297.937500,11
2472,298.924430,13
2473,298.363030,10
2474,298.047680,14
2475,298.277510,12
2476,297.601040,9
2477,297.796470,13
2478,298.513920,9
2479,298.311660,13
2480,298.297300,12
2481,298.738400,13
2482,297.883820,12
2483,298.257360,13
2484,298.400020,11
2485,297.911440,14
2486,298.714620,13
2487,297.845790,14
2488,297.979830,13
2489,298.400950,10
2490,298.082920,17
2491,298.129300,14
2492,298.572240,16
2493,298.043220,19
2494,299.018300,13
2495,298.082810,14
2496,298.861420,15
2497,298.639460,15
2498,298.365570,17
2499,299.047550,17
2500,298.655850,13
2501,297.570950,14
2502,297.924310,13
2503,298.322300,12
2504,297.989310,12
2505,298.046680,16
2506,298.371650,14
2507,297.548360,14
2508,297.715140,14
2509,297.831070,10
2510,298.068610,11
2511,297.225620,14
2512,298.089790,11
2513,297.873330,11
2514,297.814880,11
2515,297.385140,12
2516,298.149230,16
2517,297.483990,13
2518,297.543780,11
2519,297.691600,8
2520,298.045990,13
2521,297.541900,14
2522,297.638490,13
2523,297.217550,14
2524,297.846240,14
2525,297.917260,16
2526,297.785070,16
2527,297.832680,15
2528,298.392020,16
2529,297.614760,13
2530,297.663100,10
2531,298.060630,11
2532,297.764790,11
2533,297.161160,13
2534,297.138700,12
2535,297.028490,12
2536,297.071100,12
2537,298.655580,12
2538,297.203220,12
2539,298.714860,13
2540,296.963680,16
2541,297.548700,15
2542,298.253170,14
2543,297.497710,14
2544,297.298530,16
2545,297.865950,14
2546,297.542280,13
2547,297.528960,12
2548,297.567310,11
2549,296.923690,15
2550,298.293850,11
2551,298.227400,10
2552,298.465490,11
2553,298.715360,9
2554,298.051380,11
2555,298.773160,10
2556,298.670310,9
2557,297.793400,11
2558,298.242060,10
2559,298.555160,11
2560,298.361770,19
2561,298.638600,12
2562,298.535300,13
2563,298.745860,12
2564,298.457910,10
2565,298.742480,13
2566,297.856060,14
2567,298.053000,14
2568,298.273100,13
2569,297.947730,9
2570,298.047340,15
2571,298.132230,11
2572,297.794970,11
2573,297.871620,10
2574,298.228010,10
2575,297.607300,14
2576,297.647600,15
2577,297.902080,13
2578,298.177700,10
2579,298.418390,8
2580,298.833130,15
2581,298.414490,15
2582,297.576770,12
2583,298.846320,14
2584,298.208950,14
2585,298.438700,14
2586,298.447040,13
2587,297.980540,14
2588,298.658340,11
2589,298.620020,15
2590,296.932880,14
2591,297.933520,17
2592,297.982860,15
2593,297.450140,12
2594,296.943680,16
2595,297.396530,12
2596,297.276890,17
2597,297.453160,13
2598,297.079320,14
2599,297.357000,18
2600,297.569020,17
2601,297.217270,17
2602,298.019440,16
2603,297.876530,17
2604,297.970340,12
2605,296.841080,17
2606,298.669840,16
2607,296.467030,16
2608,297.708210,14
2609,297.006970,18
2610,298.153790,19
2611,298.076140,17
2612,298.210350,15
2613,297.781820,15
2614,298.581790,17
2615,297.542300,18
2616,298.023230,16
2617,298.039750,16
2618,298.596330,17
2619,298.545210,16
2620,297.504310,12
2621,298.107060,10
2622,297.692590,13
2623,297.559100,10
2624,297.833600,9
2625,298.152080,16
2626,297.522530,9
2627,297.554000,11
2628,297.781100,12
2629,297.549960,10
2630,297.444070,11
2631,297.645770,12
2632,297.886470,14
2633,298.016310,11
2634,297.548570,17
2635,297.272900,15
2636,297.304770,15
2637,297.249680,12
2638,297.579670,17
2639,297.734250,12
2640,297.408190,14
2641,297.473280,19
2642,297.900670,13
2643,297.124830,12
2644,297.164370,12
2645,297.005680,10
2646,297.599530,13
2647,297.645170,13
2648,297.502900,13
2649,296.876460,12
2650,297.938380,11
2651,297.166820,10
2652,296.847610,11
2653,297.060480,15
2654,298.202890,11
2655,297.766160,13
2656,297.276810,14
2657,298.000190,16
2658,297.834950,13
2659,297.333880,11
2660,297.310360,11
2661,297.905320,10
2662,297.779530,10
2663,298.126010,12
2664,297.905540,10
2665,298.090220,6
2666,297.441940,15
2667,297.555090,9
2668,297.725340,7
2669,298.217130,12
2670,297.096790,11
2671,298.057680,13
2672,297.589340,10
2673,297.347280,14
2674,297.214950,13
2675,297.521520,12
2676,298.011870,16
2677,297.320850,13
2678,298.007880,13
2679,297.508710,14
2680,297.756200,14
2681,297.857570,17
2682,296.874780,13
2683,297.396360,15
2684,297.638040,14
2685,296.519040,16
2686,297.200390,14
2687,296.948160,16
2688,297.342280,15
2689,296.521090,16
2690,297.158170,15
2691,297.403950,13
2692,297.683580,13
2693,297.032850,11
2694,297.502700,11
2695,296.418700,13
2696,296.923530,13
2697,297.340710,14
2698,296.813590,10
2699,296.376120,16
2700,296.394290,15
2701,296.540610,13
2702,296.419210,15
2703,296.984700,11
2704,295.908440,18
2705,297.228610,15
2706,297.209920,12
2707,296.040920,18
2708,297.108500,15
2709,296.659390,12
2710,296.568760,11
2711,296.284880,13
2712,296.621400,13
2713,295.900240,14
2714,296.562840,14
2715,296.698320,14
2716,296.105320,12
2717,296.479510,14
2718,296.828030,12
2719,296.786730,14
2720,296.149770,14
2721,296.443850,17
2722,295.825920,17
2723,296.020460,14
2724,296.408350,17
2725,294.848800,14
2726,295.460840,15
2727,296.023560,15
2728,296.246580,15
2729,296.417080,13
2730,295.942270,8
2731,295.778180,9
2732,296.421970,16
2733,296.117140,9
2734,295.915180,13
2735,296.554700,11
2736,296.367150,11
2737,295.908940,10
2738,296.854380,15
2739,295.528930,13
2740,297.205360,14
2741,296.775700,12
2742,296.260660,8
2743,295.779550,10
2744,296.237920,12
2745,296.327120,13
2746,297.422130,10
2747,296.610600,9
2748,296.965070,11
2749,296.470530,11
2750,296.427960,13
2751,296.301990,10
2752,296.713890,14
2753,296.360820,11
2754,297.108890,13
2755,296.073040,10
2756,296.382280,7
2757,296.230340,15
2758,296.110340,11
2759,296.069750,11
2760,295.368950,16
2761,295.281370,15
2762,295.070910,16
2763,295.585670,15
2764,294.796730,13
2765,295.103080,11
2766,296.175050,17
2767,294.773390,15
2768,295.304530,16
2769,295.399110,16
2770,295.362350,13
2771,295.445240,15
2772,296.001590,13
2773,296.233140,15
2774,295.839980,14
2775,295.945840,15
2776,296.159620,16
2777,295.968240,17
2778,295.042270,16
2779,296.255220,14
2780,295.914680,11
2781,295.565550,10
2782,295.522290,16
2783,295.418510,13
2784,295.512970,15
2785,296.453020,14
2786,296.130560,14
2787,296.623790,11
2788,295.776620,13
2789,295.578550,12
2790,295.962690,15
2791,296.125860,14
2792,296.178590,12
2793,295.596390,9
2794,295.555360,12
2795,296.217470,15
2796,296.381880,14
2797,295.985920,12
2798,295.569190,11
2799,295.968570,11
2800,295.948360,11
2801,296.385640,10
2802,296.239640,13
2803,296.311560,9
2804,296.691240,9
2805,296.344650,13
2806,296.020390,10
2807,296.040140,12
2808,296.069330,13
2809,296.331980,9
2810,295.438040,10
2811,295.906140,9
2812,295.550520,13
2813,296.239130,7
2814,295.646180,8
2815,295.777420,7
2816,296.338420,11
2817,296.471850,10
2818,295.687960,9
2819,295.913010,8
2820,295.898270,13
2821,295.173630,12
2822,295.484450,12
2823,296.132010,9
2824,295.671170,14
2825,295.533070,12
2826,295.223780,11
2827,295.779900,11
2828,295.208340,13
2829,296.096650,12
2830,295.998700,13
2831,296.362550,13
2832,296.322420,13
2833,295.322310,14
2834,296.447830,14
2835,295.819460,15
2836,296.410070,11
2837,295.384160,15
2838,295.511310,13
2839,295.395580,12
2840,295.924900,13
2841,295.832110,15
2842,296.712920,12
2843,295.678680,14
2844,295.893700,14
2845,295.806480,12
2846,296.512110,15
2847,296.461520,13
2848,296.409080,14
2849,296.160050,12
2850,296.376420,9
2851,296.665870,14
2852,296.480300,10
2853,296.432450,9
2854,296.353970,11
2855,296.093110,11
2856,295.926810,7
2857,296.438260,14
2858,295.650980,8
2859,295.843850,13
2860,296.452900,17
2861,296.734590,18
2862,297.054690,13
2863,296.836350,15
2864,295.867480,14
2865,296.316790,12
2866,296.789790,14
2867,295.648670,15
2868,296.176110,11
2869,296.208730,14
2870,296.550870,14
2871,297.130200,14
2872,295.993210,16
2873,295.272400,12
2874,295.641770,15
2875,295.885430,13
2876,295.597440,12
2877,295.633050,15
2878,296.289250,15
2879,296.230940,13
2880,296.537390,11
2881,296.649360,10
2882,296.205850,9
2883,295.774840,12
2884,295.893380,8
2885,295.917820,11
2886,296.158990,11
2887,295.809710,15
2888,296.408550,12
2889,296.053320,11
2890,295.248470,17
2891,295.967810,16
2892,295.010980,11
2893,295.486370,15
2894,295.526600,12
2895,295.804140,17
2896,296.220900,17
2897,295.124940,12
2898,295.146120,10
2899,295.788040,12
2900,295.253490,9
2901,295.160440,7
2902,295.478100,12
2903,295.857060,9
2904,295.704250,10
2905,295.945410,9
2906,295.370050,10
2907,295.343750,12
2908,296.392610,11
2909,295.837360,12
2910,295.810120,13
2911,295.678140,11
2912,296.091540,12
2913,295.551400,8
2914,296.016990,16
2915,296.636120,10
2916,295.883290,7
2917,295.645200,12
2918,296.745130,12
2919,295.617460,11
2920,295.825670,12
2921,295.898950,16
2922,295.763020,16
2923,296.001590,16
2924,295.343740,13
2925,294.923810,17
2926,295.995610,10
2927,295.379390,13
2928,296.005500,13
2929,295.260840,14
2930,295.481480,9
2931,295.747520,13
2932,296.067140,14
2933,295.752620,13
2934,296.530750,13
2935,296.590630,12
2936,295.613060,13
2937,295.507580,12
2938,296.195260,14
2939,295.904700,11
2940,295.296990,17
2941,295.925060,17
2942,296.179740,14
2943,296.270360,16
2944,296.257960,15
2945,294.749720,16
2946,295.799340,13
2947,295.643270,16
2948,295.584690,12
2949,296.196760,16
2950,295.513260,14
2951,295.593460,15
2952,295.534110,13
2953,296.613840,12
2954,295.036960,14
2955,296.558230,14
2956,296.033550,13
2957,296.322490,15
2958,294.895550,15
2959,296.408170,14
2960,296.337120,14
2961,295.775100,13
2962,296.617570,14
2963,296.198140,11
2964,296.090130,12
2965,296.328460,15
2966,296.251800,16
2967,295.944320,13
2968,296.754730,12
2969,297.178700,13
2970,296.130640,14
2971,296.305900,14
2972,296.631930,11
2973,296.609970,9
2974,296.090990,11
2975,296.955230,12
2976,296.796410,13
2977,297.584240,14
2978,297.836690,16
2979,296.908610,8
2980,296.658990,12
2981,297.094110,15
2982,296.708890,14
2983,297.351560,14
2984,296.667180,14
2985,297.097010,12
2986,296.925190,17
2987,297.130040,13
2988,296.936630,16
2989,297.250070,13
2990,296.645110,16
2991,297.141360,10
2992,296.337170,10
2993,296.369090,11
2994,296.744000,9
2995,296.630540,9
2996,297.312540,9
2997,296.958350,16
2998,297.172760,11
2999,297.103170,13
3000,296.477970,12
3001,296.322900,11
3002,296.635900,12
3003,297.006840,14
3004,296.804730,12
3005,296.715040,12
3006,296.426600,15
3007,297.051840,13
3008,296.045480,12
3009,297.346170,14
3010,296.066400,11
3011,296.381180,13
3012,295.902110,15
3013,296.149030,9
3014,296.721720,15
3015,296.491890,9
3016,296.468050,10
3017,295.242240,14
3018,296.940840,11
3019,295.952930,12
3020,295.985550,7
3021,296.715930,9
3022,295.676830,12
3023,296.267440,8
3024,295.851670,14
3025,296.118160,11
3026,296.056880,12
3027,295.901930,10
3028,296.147540,11
3029,296.384440,9
3030,295.368000,9
3031,296.382780,14
3032,295.628710,10
3033,296.027640,10
3034,295.923380,11
3035,296.099380,11
3036,295.936860,7
3037,296.170330,11
3038,295.753870,9
3039,295.795870,10
3040,295.729730,14
3041,296.277880,14
3042,296.591170,12
3043,296.396580,12
3044,295.387460,14
3045,296.040960,12
3046,295.329090,14
3047,295.794630,13
3048,295.564970,17
3049,295.910040,12
3050,296.513530,10
3051,296.170090,15
3052,295.918480,13
3053,296.006020,13
3054,295.728840,15
3055,295.841730,11
3056,295.851710,13
3057,295.899880,12
3058,296.343230,8
3059,296.085540,12
3060,296.237520,11
3061,296.244780,10
3062,296.403880,12
3063,295.581990,12
3064,296.066680,13
3065,295.658240,11
3066,295.104310,13
3067,295.644970,10
3068,296.054860,13
3069,295.745600,12
3070,295.725140,10
3071,296.074870,10
3072,295.287990,11
3073,295.796500,11
3074,295.484450,16
3075,295.895130,14
3076,294.950160,12
3077,295.760650,9
3078,295.851510,13
3079,295.673410,12
3080,295.815120,8
3081,295.194310,12
3082,295.727360,9
3083,295.211310,8
3084,295.660110,10
3085,295.517480,9
3086,295.798460,7
3087,295.922580,10
3088,295.116410,8
3089,295.503230,11
3090,294.971560,16
3091,296.353170,17
3092,295.206080,16
3093,295.260310,13
3094,296.053620,17
3095,295.599240,14
3096,294.860100,19
3097,294.895080,17
3098,295.787940,17
3099,294.792440,17
3100,295.306050,13
3101,295.270950,13
3102,295.512110,13
3103,295.677710,11
3104,295.661590,12
3105,296.046670,13
3106,295.376370,14
3107,295.311330,13
3108,295.440280,17
3109,295.265080,14
3110,295.942680,18
3111,294.473400,14
3112,295.910490,16
3113,295.050070,18
3114,295.286730,16
3115,294.680440,17
3116,294.727410,18
3117,295.850650,17
3118,295.104520,17
3119,295.756130,14
3120,294.435990,16
3121,295.658780,15
3122,294.326180,13
3123,294.926670,13
3124,294.893450,12
3125,294.598210,13
3126,294.352050,17
3127,294.495650,14
3128,294.997770,13
3129,293.943550,15
3130,294.375830,16
3131,294.661520,12
3132,294.081260,14
3133,294.990610,15
3134,294.067260,14
3135,293.981890,11
3136,294.287440,14
3137,294.759870,15
3138,294.279630,12
3139,294.381090,11
3140,294.362920,10
3141,294.739880,10
3142,294.129130,15
3143,294.755690,14
3144,294.814250,11
3145,294.829250,11
3146,294.862480,12
3147,294.504660,13
3148,294.391410,11
3149,294.399890,15
3150,294.978980,7
3151,295.033130,10
3152,294.829710,11
3153,295.148610,11
3154,295.292950,10
3155,295.191380,10
3156,295.116210,11
3157,294.729850,8
3158,294.663730,8
3159,295.292060,8
3160,294.973880,10
3161,294.860050,13
3162,295.178610,17
3163,294.552380,13
3164,294.958310,12
3165,295.664340,13
3166,294.499640,12
3167,294.602300,17
3168,294.301960,12
3169,294.921380,13
3170,294.357300,12
3171,294.338590,12
3172,293.934000,14
3173,293.811200,14
3174,294.717180,12
3175,295.265740,11
3176,294.960860,15
3177,294.485070,10
3178,294.175380,12
3179,294.771500,13
3180,295.160150,14
3181,295.291190,13
3182,294.202490,14
3183,295.327940,14
3184,294.242210,18
3185,294.863960,14
3186,294.715020,17
3187,294.660380,16
3188,294.014170,15
3189,294.604860,16
3190,294.969610,13
3191,295.101870,11
3192,294.784260,14
3193,294.809370,14
3194,295.034320,10
3195,295.515720,11
3196,295.062260,9
3197,295.520430,18
3198,295.360680,13
3199,295.154630,10
3200,295.671490,14
3201,295.253330,11
3202,294.739620,9
3203,294.936400,11
3204,294.757650,13
3205,295.087860,10
3206,295.369640,14
3207,295.007990,7
3208,295.627330,10
3209,294.928420,12
3210,294.487900,15
3211,294.646640,14
3212,295.360720,13
3213,294.245670,15
3214,294.537900,10
3215,294.634520,11
3216,294.825220,13
3217,295.038980,13
3218,294.470100,13
3219,295.289490,16
3220,294.447780,13
3221,294.886940,12
3222,295.406830,17
3223,295.182570,12
3224,295.279210,15
3225,294.389790,14
3226,294.856190,15
3227,294.375490,13
3228,294.168970,14
3229,294.744240,15
3230,294.160010,14
3231,294.544720,14
3232,294.818220,15
3233,294.334060,12
3234,294.680210,13
3235,295.716590,14
3236,294.207730,14
3237,294.496560,14
3238,294.495640,19
3239,294.404990,12
3240,294.273320,11
3241,293.820310,14
3242,293.779510,14
3243,293.075380,16
3244,294.530100,13
3245,294.067820,12
3246,293.994510,11
3247,293.645410,13
3248,294.064910,14
3249,294.233880,9
3250,293.993950,14
3251,294.646130,12
3252,293.937730,11
3253,294.056790,12
3254,294.272450,10
3255,294.642320,11
3256,294.353160,10
3257,294.718230,17
3258,294.541820,10
3259,294.517480,11
3260,294.811840,10
3261,294.310020,10
3262,294.410670,10
3263,294.782530,11
3264,294.639820,11
3265,294.920070,11
3266,294.278100,12
3267,295.426280,11
3268,294.954450,12
3269,294.941760,10
3270,295.333780,12
3271,294.674500,10
3272,294.138670,11
3273,295.318050,14
3274,294.751030,14
3275,294.701130,16
3276,294.529000,10
3277,294.413050,13
3278,295.250900,12
3279,294.801460,12
3280,294.653090,10
3281,294.809120,15
3282,294.904770,14
3283,294.836300,13
3284,295.123960,12
3285,294.971720,11
3286,294.080330,16
3287,295.231650,14
3288,295.114510,10
3289,294.316140,15
3290,294.713370,14
3291,293.728640,12
3292,295.495070,12
3293,294.237680,13
3294,294.603730,12
3295,294.665330,13
3296,294.602550,15
3297,294.439740,14
3298,295.053980,14
3299,294.003510,18
3300,294.803310,11
3301,294.606090,15
3302,294.731350,13
3303,294.484000,12
3304,294.916890,12
3305,294.126950,14
3306,294.088920,11
3307,294.121830,12
3308,294.597120,11
3309,294.534280,14
3310,295.403710,14
3311,295.024390,20
3312,295.925190,16
3313,294.164140,17
3314,294.371510,16
3315,294.826650,14
3316,295.551340,19
3317,294.983540,16
3318,295.561340,15
3319,294.371720,18
3320,294.670100,12
3321,294.935630,11
3322,295.305690,12
3323,294.197540,14
3324,294.543100,13
3325,294.832900,13
3326,295.109120,11
3327,294.596490,14
3328,294.602450,13
3329,295.147480,14
3330,295.001060,14
3331,293.912360,12
3332,294.499930,13
3333,294.151740,11
3334,294.757940,11
3335,294.916690,11
3336,294.189550,14
3337,294.531180,12
3338,294.268510,13
3339,294.417950,13
3340,294.255470,9
3341,294.546510,13
3342,294.517420,16
3343,293.864490,13
3344,293.765300,10
3345,293.576970,9
3346,294.450100,10
3347,294.108490,11
3348,294.118200,9
3349,294.449640,11
3350,293.815040,16
3351,294.519430,10
3352,293.856520,17
3353,294.767220,15
3354,294.079130,16
3355,294.051850,13
3356,294.191830,13
3357,294.336380,16
3358,294.345950,16
3359,294.337190,18
3360,294.350720,13
3361,294.480960,13
3362,294.384070,17
3363,294.188300,14
3364,294.047990,15
3365,294.669170,14
3366,294.725730,16
3367,293.622860,15
3368,294.824900,16
3369,294.646130,13
3370,293.999910,12
3371,294.700670,20
3372,293.241070,12
3373,294.639850,15
3374,295.106740,18
3375,294.553020,15
3376,294.236410,14
3377,294.331690,16
3378,293.876660,18
3379,294.295860,17
3380,294.128570,11
3381,294.953980,12
3382,294.460040,8
3383,294.154550,9
3384,294.324640,11
3385,294.561710,10
3386,294.611180,10
3387,294.920670,14
3388,294.140720,12
3389,294.323620,11
3390,294.127340,11
3391,294.569580,9
3392,294.116480,11
3393,294.124830,9
3394,293.962640,12
3395,294.292950,13
3396,293.976590,14
3397,294.361760,14
3398,294.641560,11
3399,294.155140,12
3400,293.337140,14
3401,293.069660,13
3402,294.013230,12
3403,293.346230,12
3404,293.591980,14
3405,293.099250,15
3406,293.417480,12
3407,293.221970,13
3408,293.382790,15
3409,293.486190,14
3410,293.003590,12
3411,292.861030,12
3412,293.104700,11
3413,293.265300,10
3414,293.311950,13
3415,292.703980,12
3416,293.936870,13
3417,293.847310,10
3418,293.661080,15
3419,292.776410,13
3420,292.259330,16
3421,292.563590,14
3422,292.341500,17
3423,293.817830,14
3424,293.217400,12
3425,293.319130,16
3426,293.509560,16
3427,292.530460,15
3428,293.624090,15
3429,292.849810,15
3430,292.765560,11
3431,292.560270,11
3432,292.303930,12
3433,292.691800,12
3434,292.504870,15
3435,292.692690,13
3436,292.529240,11
3437,292.351160,15
3438,293.325910,12
3439,292.663060,12
3440,293.402130,14
3441,293.532940,11
3442,293.121780,12
3443,294.168320,8
3444,293.282870,10
3445,294.213820,10
3446,293.932140,13
3447,293.632490,10
3448,294.290770,9
3449,293.830130,11
3450,293.889000,14
3451,294.797950,19
3452,294.237790,14
3453,293.773930,11
3454,293.680350,17
3455,294.027300,14
3456,293.953000,13
3457,293.257910,13
3458,293.537860,15
3459,294.411360,14
3460,293.884300,11
3461,294.791820,11
3462,294.725020,15
3463,294.416140,12
3464,293.680610,14
3465,293.842510,13
3466,294.061990,10
3467,293.431210,14
3468,294.472970,13
3469,294.483090,11
3470,295.069140,17
3471,294.913850,14
3472,295.048460,15
3473,293.656260,15
3474,293.485030,14
3475,294.417850,15
3476,294.288280,14
3477,294.360980,16
3478,293.699940,20
3479,293.821680,17
3480,293.609710,14
3481,293.436110,11
3482,294.072660,13
3483,294.168920,11
3484,293.613310,14
3485,293.632900,10
3486,293.828050,8
3487,293.952620,8
3488,293.427920,14
3489,294.044750,11
3490,293.843200,12
3491,293.997590,14
3492,293.764830,11
3493,293.813410,10
3494,294.173220,14
3495,293.786360,10
3496,294.008220,15
3497,293.471020,11
3498,293.775700,12
3499,293.971260,12
3500,293.479170,11
3501,293.794930,8
3502,294.361980,11
3503,294.513850,9
3504,294.612820,11
3505,294.092110,7
3506,293.943750,8
3507,294.022380,5
3508,294.419880,7
3509,294.071580,10
3510,294.321390,14
3511,294.484310,12
3512,294.004180,10
3513,294.213470,13
3514,293.907280,14
3515,294.276930,11
3516,293.668720,10
3517,293.698000,18
3518,293.938600,12
3519,293.869920,11
3520,294.892590,12
3521,293.796180,8
3522,294.793000,8
3523,294.486720,12
3524,294.796680,12
3525,294.284970,11
3526,293.623870,7
3527,293.836670,10
3528,294.422160,10
3529,294.556320,9
3530,293.933160,9
3531,294.297180,8
3532,294.786670,8
3533,294.186680,11
3534,293.959310,12
3535,294.945930,12
3536,294.211880,11
3537,294.518560,7
3538,294.437550,10
3539,294.420080,11
3540,294.940070,14
3541,294.572480,12
3542,294.499750,13
3543,294.891950,15
3544,294.697440,13
3545,294.891590,13
3546,295.366860,15
3547,294.949640,14
3548,295.170170,13
3549,295.374330,14
3550,294.699650,15
3551,295.278240,14
3552,294.454810,12
3553,294.298620,14
3554,294.827010,15
3555,294.393920,12
3556,294.945960,13
3557,294.710070,14
3558,295.159230,13
3559,294.722130,15
3560,294.852870,12
3561,294.508810,10
3562,294.348070,12
3563,293.971540,15
3564,295.090050,12
3565,294.994210,12
3566,294.974170,12
3567,294.656970,13
3568,295.251570,10
3569,294.182680,12
3570,294.385060,10
3571,293.778610,12
3572,293.706200,12
3573,293.649750,7
3574,293.431840,12
3575,293.731650,11
3576,294.474850,13
3577,294.028040,10
3578,294.469420,10
3579,293.902820,12
3580,294.167210,16
3581,293.457760,15
3582,293.685580,10
3583,293.980770,10
3584,293.338250,11
3585,293.787530,12
3586,294.191740,13
3587,293.754900,8
3588,294.383630,16
3589,293.497060,12
3590,293.963120,9
3591,294.562370,10
3592,294.642330,11
3593,293.954020,11
3594,293.678190,10
3595,294.311380,7
3596,294.293970,9
3597,294.267440,9
3598,294.311690,10
3599,294.190710,9
3600,294.867920,11
3601,295.097280,13
3602,294.524100,14
3603,295.359420,12
3604,295.333700,9
3605,295.028360,9
3606,294.803530,14
3607,294.998710,13
3608,294.361180,13
3609,294.401110,14
3610,294.972000,13
3611,295.427760,16
3612,294.276790,18
3613,295.657320,14
3614,295.595410,16
3615,294.480660,16
3616,295.493610,17
3617,294.714950,18
3618,294.717920,13
3619,294.297180,16
3620,295.437480,9
3621,294.728100,8
3622,295.368290,7
3623,294.786160,10
3624,294.496110,8
3625,295.084940,9
3626,294.711850,9
3627,294.426840,9
3628,294.701040,10
3629,295.065360,9
3630,295.563830,15
3631,295.665320,13
3632,294.870100,19
3633,296.220050,18
3634,295.589340,17
3635,295.129100,19
3636,296.139450,17
3637,295.210040,15
3638,295.556370,20
3639,295.699510,16
3640,295.800470,15
3641,296.779740,14
3642,296.239610,16
3643,295.651580,13
3644,295.937580,16
3645,295.518590,15
3646,296.532840,12
3647,296.211940,13
3648,296.275770,10
3649,296.272960,15
3650,295.939590,15
3651,296.257890,13
3652,296.798860,14
3653,296.284190,14
3654,296.895380,14
3655,297.224130,13
3656,296.873550,17
3657,296.882270,15
3658,296.561680,13
3659,296.201210,18
3660,296.561840,12
3661,296.438520,13
3662,295.779980,18
3663,295.889100,13
3664,296.977800,15
3665,296.562280,12
3666,296.903690,16
3667,296.479940,12
3668,296.731190,14
3669,296.004590,14
3670,295.639140,8
3671,295.829590,11
3672,296.726000,14
3673,296.188060,10
3674,296.518380,8
3675,296.395960,9
3676,297.237890,11
3677,295.811690,11
3678,296.831740,9
3679,296.628650,10
3680,296.751130,15
3681,296.727840,14
3682,296.179510,16
3683,296.578630,15
3684,295.969250,13
3685,296.013970,12
3686,296.722400,9
3687,296.342350,16
3688,296.413000,14
3689,296.564360,14
3690,296.698950,14
3691,296.288180,13
3692,295.786100,10
3693,295.843100,9
3694,296.059030,13
3695,295.290910,12
3696,296.501390,11
3697,295.906800,11
3698,296.011670,13
3699,296.192600,11
3700,296.284980,12
3701,296.378280,10
3702,296.697720,11
3703,296.341910,13
3704,296.681560,14
3705,296.462920,13
3706,296.086430,12
3707,295.786360,19
3708,295.547050,11
3709,296.018040,15
3710,296.118510,11
3711,296.076370,16
3712,296.231700,10
3713,296.205770,13
3714,296.564440,11
3715,297.172110,11
3716,296.559240,11
3717,297.066810,14
3718,296.106120,15
3719,296.779560,10
3720,296.542930,14
3721,297.217800,14
3722,296.251240,16
3723,296.520530,10
3724,296.853300,14
3725,296.282730,16
3726,296.359110,16
3727,296.825850,13
3728,296.634290,14
3729,296.197080,17
3730,296.245720,15
3731,298.071210,14
3732,296.200370,11
3733,296.348310,14
3734,296.622360,13
3735,296.910500,15
3736,296.588390,15
3737,296.451020,15
3738,297.273620,16
3739,296.997420,13
3740,297.227400,14
3741,297.010970,12
3742,297.588480,14
3743,297.265240,12
3744,296.998510,15
3745,297.000710,15
3746,296.359790,11
3747,297.320070,11
3748,296.668250,12
3749,297.263000,13
3750,297.515680,15
3751,297.175430,11
3752,297.363540,17
3753,297.469590,13
3754,296.480020,14
3755,297.230610,13
3756,296.307180,12
3757,296.597380,14
3758,296.642340,13
3759,296.891280,11
3760,297.097850,13
3761,296.731630,14
3762,297.734280,15
3763,297.028490,14
3764,297.366100,13
3765,296.245150,14
3766,296.589350,13
3767,296.465000,12
3768,296.942430,16
3769,297.246870,14
3770,297.198630,13
3771,296.732350,12
3772,296.431630,14
3773,297.012080,11
3774,297.037970,15
3775,297.400610,15
3776,297.140230,14
3777,296.412190,13
3778,296.838840,14
3779,297.476170,13
3780,296.302520,16
3781,296.427490,11
3782,296.030560,14
3783,297.407760,12
3784,297.237510,12
3785,296.829170,11
3786,297.064990,12
3787,296.013870,14
3788,295.940670,12
3789,296.755010,15
3790,295.873040,12
3791,297.517380,14
3792,296.531410,14
3793,296.948740,14
3794,297.703560,15
3795,296.961160,15
3796,296.962320,11
3797,296.149890,12
3798,296.630640,13
3799,297.454500,15
3800,297.087060,14
3801,297.496050,13
3802,297.049280,16
3803,297.460070,12
3804,297.134230,13
3805,296.726280,12
3806,297.509940,16
3807,297.631140,15
3808,296.682270,13
3809,296.729380,15
3810,297.590920,8
3811,297.732580,9
3812,297.653400,6
3813,296.917910,8
3814,298.241910,11
3815,297.275660,7
3816,298.025470,7
3817,297.622890,7
3818,297.187270,9
3819,297.312940,10
3820,298.621390,12
3821,297.897860,12
3822,297.400860,7
3823,297.785880,11
3824,297.877880,12
3825,297.632800,12
3826,297.965930,12
3827,298.291020,9
3828,298.045100,12
3829,298.423090,11
3830,298.707490,11
3831,298.823740,10
3832,299.101380,11
3833,298.454060,12
3834,298.796420,13
3835,298.404380,11
3836,298.946480,12
3837,298.658220,11
3838,298.374160,12
3839,298.146160,14
3840,298.116700,9
3841,298.217830,11
3842,297.994120,12
3843,297.603940,11
3844,297.373470,9
3845,298.114100,9
3846,297.923930,10
3847,298.335900,12
3848,298.229260,12
3849,297.832190,10
3850,298.218130,14
3851,298.061150,18
3852,297.711270,11
3853,298.273640,14
3854,297.900900,15
3855,297.515500,17
3856,297.976830,14
3857,298.231330,15
3858,298.245740,16
3859,297.504730,15
3860,298.538330,12
3861,297.686740,12
3862,298.134130,9
3863,297.841770,12
3864,298.036510,9
3865,298.146450,11
3866,298.175780,13
3867,297.260780,13
3868,297.648530,12
3869,297.633270,12
3870,297.661740,9
3871,297.581950,8
3872,297.593750,10
3873,297.334810,12
3874,297.671490,15
3875,296.921660,11
3876,297.965740,9
3877,297.975020,11
3878,297.516540,9
3879,297.912010,14
3880,297.091260,14
3881,297.660130,11
3882,297.185730,13
3883,297.509220,13
3884,297.123100,11
3885,297.749280,14
3886,297.487890,12
3887,297.556740,9
3888,296.634310,14
3889,297.257490,15
3890,297.839110,7
3891,298.147250,11
3892,297.478280,9
3893,297.450580,7
3894,297.374710,11
3895,297.398300,14
3896,297.062870,10
3897,297.855610,11
3898,297.367360,8
3899,297.429280,12
3900,296.918930,15
3901,297.200750,11
3902,297.400420,17
3903,297.059460,13
3904,297.717860,16
3905,296.426330,16
3906,296.961480,15
3907,297.061620,14
3908,297.452190,15
3909,297.614860,16
3910,297.207170,14
3911,297.572580,13
3912,297.530040,14
3913,297.458660,13
3914,297.066150,17
3915,297.151440,15
3916,297.648630,14
3917,297.663590,13
3918,297.687050,15
3919,297.350240,9
3920,298.018180,11
3921,298.242730,15
3922,298.435560,16
3923,297.071290,15
3924,297.236270,16
3925,298.057340,15
3926,297.505560,13
3927,298.009210,17
3928,298.276520,19
3929,297.820300,16
3930,296.949260,12
3931,297.300760,14
3932,297.323500,14
3933,297.107650,10
3934,297.217800,11
3935,296.918540,11
3936,296.786870,11
3937,296.876640,12
3938,297.588140,13
3939,296.863890,12
3940,296.818460,8
3941,297.141650,12
3942,297.466050,14
3943,297.281730,12
3944,296.285740,14
3945,296.848720,14
3946,296.558370,11
3947,296.697290,10
3948,296.617560,15
3949,296.771080,16
3950,296.567890,12
3951,297.496880,10
3952,297.208600,10
3953,296.911050,6
3954,297.256640,9
3955,296.740910,8
3956,296.898090,10
3957,297.179880,9
3958,296.657430,10
3959,296.826280,12
3960,296.569740,14
3961,295.705910,12
3962,295.909700,15
3963,296.436240,10
3964,296.044020,11
3965,296.329660,8
3966,295.929090,16
3967,296.245600,11
3968,297.371310,10
3969,296.491060,10
3970,296.065730,14
3971,296.449320,18
3972,295.842270,12
3973,296.031840,9
3974,296.458670,17
3975,295.729170,18
3976,295.488330,15
3977,296.039330,15
3978,295.688700,15
3979,297.024290,13
3980,296.784320,12
3981,296.125660,10
3982,296.300840,7
3983,296.788810,13
3984,296.586740,9
3985,296.768270,10
3986,296.422380,8
3987,296.652540,11
3988,296.227720,12
3989,296.558420,9
3990,297.164020,13
3991,296.453350,12
3992,296.842830,13
3993,296.367710,11
3994,296.527460,12
3995,296.743280,12
3996,296.623260,16
3997,295.381810,14
3998,296.702920,14
3999,296.700170,14
4000,296.538980,12
4001,296.036840,15
4002,296.882030,12
4003,296.259330,11
4004,296.997700,15
4005,295.946010,12
4006,296.248370,14
4007,295.841340,13
4008,296.089660,16
4009,295.851000,13
4010,296.131370,19
4011,295.758810,17
4012,296.533790,9
4013,295.783250,11
4014,295.694350,13
4015,295.446950,14
4016,295.916460,13
4017,297.070360,17
4018,296.099390,12
4019,296.488710,12
4020,296.628440,11
4021,296.530200,10
4022,295.731650,10
4023,296.339270,11
4024,296.847280,7
4025,296.789240,11
4026,296.190120,10
4027,296.660700,11
4028,296.846270,12
4029,296.989950,9
4030,296.293820,8
4031,296.538730,11
4032,296.255700,13
4033,295.835100,10
4034,295.618180,10
4035,295.521270,9
4036,295.998790,9
4037,296.217130,10
4038,295.519400,11
4039,296.097780,9
4040,295.942260,10
4041,295.616760,16
4042,295.676280,11
4043,296.121600,11
4044,295.789380,8
4045,295.942720,12
4046,296.077040,12
4047,295.476520,12
4048,296.025340,12
4049,296.171730,15
4050,296.538960,13
4051,296.254130,9
4052,296.695570,16
4053,296.299330,14
4054,295.700400,16
4055,296.061290,13
4056,296.532390,14
4057,296.169590,16
4058,296.200620,14
4059,296.084050,14
4060,296.526450,17
4061,297.590070,18
4062,296.124500,16
4063,296.142830,16
4064,296.555520,17
4065,296.114940,15
4066,296.763620,17
4067,296.166330,16
4068,297.216030,18
4069,296.833480,15
4070,296.702160,14
4071,296.858490,14
4072,295.934530,16
4073,296.958760,16
4074,296.952840,17
4075,297.082620,14
4076,296.758080,14
4077,296.688340,12
4078,296.535550,14
4079,296.536620,13
4080,295.841840,10
4081,296.401230,10
4082,297.007990,11
4083,296.514550,8
4084,296.589180,11
4085,297.404280,15
4086,296.859090,9
4087,296.505880,10
4088,296.439220,8
4089,296.476240,9
4090,296.641690,16
4091,296.655510,16
4092,296.965580,13
4093,297.124350,15
4094,296.663580,14
4095,296.557110,11
4096,297.082650,14
4097,297.112130,16
4098,296.441330,15
4099,297.249480,15
4100,296.719330,14
4101,297.409530,13
4102,296.794060,14
4103,297.870420,11
4104,297.845980,14
4105,296.794790,12
4106,296.203340,14
4107,297.007240,12
4108,296.985140,13
4109,297.499290,12
4110,297.682600,6
4111,297.215600,7
4112,297.655080,6
4113,297.320220,8
4114,297.335480,9
4115,297.216530,6
4116,297.339610,7
4117,297.630890,6
4118,296.817580,9
4119,297.239210,11
4120,296.763570,17
4121,297.120180,11
4122,298.171090,17
4123,297.909690,13
4124,297.591540,16
4125,297.412070,13
4126,297.407320,18
4127,297.540630,15
4128,297.494020,15
4129,297.554690,12
4130,297.931310,12
4131,297.581870,14
4132,297.365690,12
4133,298.404140,15
4134,297.581610,12
4135,297.285250,14
4136,298.107550,11
4137,297.856410,13
4138,297.757180,12
4139,297.880640,11
4140,297.897670,10
4141,298.009800,13
4142,297.068050,15
4143,297.919580,14
4144,297.442110,13
4145,297.576100,9
4146,297.630910,16
4147,297.990110,12
4148,297.140700,14
4149,297.801100,13
4150,297.900100,14
4151,297.406620,18
4152,297.481130,12
4153,298.128730,13
4154,297.124840,13
4155,297.363440,13
4156,296.862400,15
4157,297.712530,14
4158,298.218570,16
4159,297.681110,14
4160,297.457770,11
4161,298.147960,11
4162,298.151100,13
4163,297.123780,11
4164,297.926520,11
4165,297.217530,11
4166,297.931350,12
4167,297.854200,12
4168,296.952440,13
4169,297.809100,9
4170,297.547040,17
4171,297.020510,15
4172,297.993460,15
4173,297.261310,15
4174,296.368790,17
4175,298.146550,15
4176,297.628310,10
4177,296.946540,16
4178,296.882590,15
4179,297.362060,12
4180,297.019590,16
4181,297.230880,20
4182,296.889250,13
4183,297.353120,15
4184,297.512930,14
4185,297.069150,16
4186,296.936110,17
4187,297.992240,16
4188,296.877270,17
4189,296.363350,18
4190,296.097190,10
4191,297.144560,13
4192,296.606720,16
4193,297.444740,14
4194,296.930430,13
4195,297.018620,15
4196,296.769480,12
4197,296.732110,11
4198,297.091840,11
4199,296.418330,13
4200,296.474450,12
4201,296.330070,9
4202,296.493990,13
4203,296.182610,10
4204,296.030410,15
4205,296.207000,11
4206,296.636760,11
4207,296.841710,10
4208,296.683200,11
4209,296.202170,10
4210,296.340010,11
4211,296.088480,12
4212,296.205420,14
4213,295.783800,15
4214,296.141680,13
4215,296.011710,12
4216,296.174410,14
4217,296.121460,7
4218,295.942230,13
4219,296.170390,13
4220,295.931420,16
4221,296.765020,8
4222,296.824320,11
4223,295.851310,12
4224,296.789020,13
4225,296.592770,12
4226,296.632060,13
4227,296.008470,11
4228,296.647250,13
4229,295.880110,12
4230,295.568640,13
4231,295.837240,13
4232,296.520640,13
4233,296.480880,14
4234,295.553480,12
4235,296.148330,12
4236,295.567210,15
4237,295.546530,11
4238,295.958290,10
4239,295.582290,15
4240,295.149700,12
4241,295.620530,12
4242,295.116040,12
4243,295.768800,10
4244,294.873860,13
4245,294.802310,10
4246,295.647880,12
4247,295.342080,13
4248,295.262340,13
4249,295.384160,8
4250,295.514560,15
4251,295.351700,10
4252,294.766970,13
4253,295.367990,12
4254,295.595430,13
4255,295.531590,15
4256,295.747070,14
4257,295.311460,13
4258,295.390410,12
4259,295.531120,14
4260,295.711990,12
4261,295.407310,12
4262,294.909510,12
4263,295.597830,14
4264,295.712610,13
4265,295.602270,15
4266,295.369150,13
4267,295.616190,13
4268,295.208290,12
4269,295.365190,14
4270,294.157560,15
4271,294.903930,10
4272,294.324000,9
4273,294.294120,11
4274,294.253130,11
4275,294.367710,8
4276,294.511760,8
4277,294.187370,13
4278,294.849750,12
4279,294.630050,7
4280,294.242800,13
4281,294.213550,12
4282,293.990880,14
4283,294.480800,10
4284,294.007370,15
4285,294.427270,13
4286,294.227790,15
4287,293.909630,13
4288,294.016860,9
4289,294.303840,9
4290,294.284770,14
4291,293.836800,14
4292,294.320820,19
4293,293.529210,12
4294,294.116860,12
4295,293.834830,15
4296,294.498940,15
4297,294.313040,15
4298,293.730480,14
4299,294.593450,16
4300,294.435610,10
4301,294.143910,11
4302,294.149540,11
4303,294.097880,13
4304,294.657600,8
4305,294.432610,11
4306,293.644460,13
4307,294.217720,11
4308,294.875840,9
4309,294.536980,13
4310,294.370340,7
4311,294.927580,12
4312,295.239700,9
4313,294.976240,10
4314,294.664410,11
4315,294.684770,12
4316,294.718540,11
4317,295.033510,13
4318,294.706330,16
4319,294.957770,10
4320,294.772260,15
4321,295.631820,18
4322,294.638770,13
4323,294.846640,14
4324,295.500750,13
4325,294.353650,14
4326,295.602830,14
4327,294.199010,13
4328,294.966000,13
4329,295.184080,14
4330,294.402390,18
4331,295.168200,14
4332,294.454960,13
4333,294.136150,17
4334,295.102780,13
4335,294.114780,18
4336,295.216480,13
4337,294.344460,15
4338,295.551190,16
4339,295.123420,13
4340,294.869180,14
4341,294.543790,15
4342,295.566110,13
4343,294.985910,14
4344,294.895270,15
4345,295.317430,13
4346,294.559270,16
4347,295.084110,15
4348,295.120480,11
4349,295.917950,20
4350,294.532000,11
4351,294.867710,13
4352,295.106150,9
4353,295.016320,11
4354,294.077360,11
4355,295.045490,10
4356,295.243990,10
4357,294.758480,10
4358,294.940640,11
4359,294.744780,10
4360,294.260350,16
4361,293.853160,13
4362,294.652180,15
4363,294.261420,12
4364,294.936900,17
4365,293.867660,10
4366,294.593160,13
4367,293.324860,18
4368,294.959670,17
4369,294.026900,12
4370,294.102080,12
4371,293.975630,11
4372,294.334370,9
4373,294.474610,12
4374,294.285970,10
4375,295.032370,12
4376,294.908250,12
4377,293.752330,14
4378,295.010460,11
4379,294.475930,12
4380,294.044940,18
4381,294.809010,13
4382,293.660370,15
4383,295.304840,14
4384,294.673660,16
4385,294.277310,17
4386,293.853450,16
4387,294.647700,12
4388,293.999480,14
4389,294.672080,12
4390,294.257330,9
4391,294.193420,14
4392,294.230540,9
4393,294.018030,11
4394,294.033470,11
4395,294.508580,12
4396,293.651470,9
4397,294.710130,12
4398,293.833780,12
4399,294.494610,7
4400,294.164470,14
4401,293.393470,14
4402,294.067660,16
4403,294.035370,12
4404,294.097180,16
4405,294.242620,17
4406,294.143520,16
4407,294.411940,15
4408,293.821100,12
4409,294.138960,13
4410,294.097530,11
4411,294.271270,16
4412,294.169480,12
4413,293.957540,11
4414,294.153410,12
4415,293.709890,17
4416,294.503240,12
4417,294.401810,13
4418,294.589160,11
4419,294.368510,13
4420,294.474690,9
4421,294.979160,6
4422,294.631620,7
4423,294.929200,10
4424,294.490020,6
4425,294.359090,12
4426,294.026950,6
4427,294.628700,8
4428,294.800770,12
4429,294.970140,7
4430,294.800780,13
4431,294.654020,11
4432,294.608710,13
4433,294.255400,12
4434,294.218800,9
4435,294.559670,10
4436,294.639020,13
4437,293.902440,11
4438,294.948620,11
4439,294.608310,12
4440,295.391050,14
4441,295.051250,15
4442,295.190860,14
4443,294.720220,14
4444,295.259970,13
4445,294.998790,17
4446,295.607790,15
4447,294.693120,13
4448,295.633860,17
4449,295.074290,14
4450,294.049440,10
4451,294.335050,10
4452,294.744910,14
4453,294.108940,14
4454,294.464370,12
4455,293.991700,9
4456,294.241230,12
4457,293.786450,10
4458,293.756790,13
4459,294.049730,11
4460,294.452280,15
4461,293.480590,13
4462,295.041780,17
4463,294.440750,14
4464,294.824910,14
4465,294.709070,18
4466,294.857550,10
4467,293.950870,15
4468,293.982560,15
4469,294.087110,12
4470,294.041140,10
4471,294.409020,13
4472,294.296390,11
4473,293.603490,13
4474,294.203990,10
4475,293.890940,12
4476,294.658300,13
4477,294.899680,11
4478,294.798360,12
4479,294.538660,9
4480,294.701560,10
4481,294.742770,14
4482,295.431370,8
4483,294.370660,12
4484,295.123740,11
4485,294.048030,11
4486,295.323950,11
4487,294.904490,11
4488,294.273810,12
4489,294.904420,9
4490,294.401960,16
4491,294.131130,16
4492,294.814950,15
4493,295.254070,12
4494,294.108580,14
4495,294.102130,13
4496,294.450350,14
4497,294.282250,14
4498,293.645900,14
4499,293.915530,13
4500,294.686990,13
4501,294.841390,11
4502,294.082000,12
4503,294.065910,16
4504,294.338880,15
4505,293.862980,12
4506,294.023280,16
4507,295.504790,17
4508,294.036450,13
4509,294.429500,17
4510,294.168910,10
4511,294.855220,10
4512,293.819780,15
4513,294.726250,13
4514,294.520090,12
4515,294.921130,13
4516,294.587080,12
4517,293.969250,11
4518,294.237130,9
4519,294.985420,15
4520,295.103750,11
4521,295.365930,13
4522,295.117970,10
4523,294.825230,12
4524,295.322960,16
4525,294.706630,10
4526,294.784800,10
4527,294.974040,10
4528,294.784680,13
4529,295.822730,11
4530,295.062280,13
4531,295.575800,14
4532,294.379150,12
4533,295.304680,12
4534,294.610960,15
4535,295.659660,10
4536,294.335270,12
4537,294.770770,13
4538,294.931380,14
4539,294.705440,10
4540,294.204810,13
4541,294.676320,13
4542,294.685510,14
4543,294.720090,12
4544,295.370310,12
4545,294.594400,10
4546,294.274210,14
4547,294.606620,9
4548,295.313860,11
4549,295.156260,13
4550,295.221850,13
4551,294.852150,18
4552,293.971800,17
4553,295.501870,14
4554,295.138230,14
4555,294.783910,9
4556,294.993990,14
4557,295.057540,16
4558,294.765870,12
4559,294.629120,14
4560,295.021510,18
4561,294.746940,10
4562,294.352200,11
4563,294.269420,15
4564,295.099160,14
4565,295.014830,15
4566,295.150640,15
4567,293.752640,15
4568,295.052820,11
4569,294.621090,14
4570,294.333250,15
4571,295.297930,16
4572,295.555730,10
4573,294.908550,14
4574,295.322520,12
4575,295.381550,12
4576,295.268380,14
4577,294.725670,11
4578,295.954880,15
4579,295.066210,9
4580,295.202110,7
4581,294.896000,12
4582,295.093350,14
4583,295.184960,12
4584,294.520500,15
4585,295.267240,14
4586,294.698730,14
4587,294.650960,12
4588,294.158370,11
4589,294.475930,12
4590,294.734410,13
4591,294.339950,12
4592,294.816120,13
4593,294.032210,18
4594,294.230950,13
4595,295.497240,17
4596,294.767130,13
4597,294.751030,14
4598,295.081930,15
4599,294.583230,16
4600,295.141260,12
4601,295.367190,13
4602,295.071820,8
4603,295.360880,10
4604,295.434250,16
4605,295.179610,10
4606,295.512050,8
4607,294.870760,8
4608,295.713020,10
4609,295.754350,12
4610,295.574480,14
4611,295.371470,13
4612,295.901980,13
4613,294.617810,14
4614,295.838100,15
4615,295.440300,14
4616,294.956120,14
4617,295.927760,13
4618,295.578370,8
4619,295.997500,17
4620,295.212450,11
4621,295.962960,13
4622,295.635800,12
4623,294.703410,12
4624,295.551210,13
4625,295.549860,13
4626,295.932230,14
4627,296.210040,13
4628,294.816770,14
4629,295.457130,15
4630,295.571670,13
4631,295.949120,13
4632,295.762180,15
4633,295.518410,12
4634,295.468570,12
4635,295.727850,16
4636,296.088070,12
4637,296.002030,17
4638,295.882830,15
4639,295.471640,13
4640,295.901280,12
4641,295.137630,13
4642,295.117270,11
4643,295.360010,9
4644,296.272850,12
4645,294.876510,16
4646,295.020340,12
4647,295.407200,13
4648,295.501980,11
4649,294.880660,15
4650,295.557430,9
4651,294.706360,12
4652,295.085890,9
4653,295.224340,12
4654,294.802660,12
4655,295.854080,10
4656,295.660330,14
4657,295.055290,10
4658,294.522560,13
4659,295.651230,10
4660,295.632390,13
4661,295.642060,10
4662,295.957260,12
4663,295.580180,12
4664,296.185720,10
4665,295.939840,10
4666,296.300360,10
4667,295.524930,10
4668,295.448460,10
4669,295.466010,10
4670,295.618840,19
4671,295.458650,17
4672,296.339670,17
4673,295.201640,13
4674,295.319760,16
4675,295.506980,15
4676,295.167510,15
4677,295.761760,16
4678,295.367860,16
4679,295.208150,16
4680,295.070790,13
4681,295.747960,14
4682,294.682810,16
4683,294.943870,14
4684,295.763190,15
4685,296.316520,13
4686,295.222180,15
4687,295.758020,14
4688,296.282080,13
4689,296.167450,13
4690,296.155720,14
4691,296.204620,15
4692,296.586040,14
4693,295.973000,13
4694,295.964340,16
4695,295.853240,12
4696,296.361360,15
4697,295.976080,16
4698,296.081010,10
4699,296.575390,17
4700,296.376090,14
4701,297.250930,15
4702,295.882440,10
4703,296.452830,12
4704,296.962250,13
4705,296.758290,12
4706,296.011660,11
4707,297.273380,13
4708,296.022940,10
4709,296.087900,11
4710,295.877280,8
4711,295.280070,17
4712,296.133740,9
4713,296.958220,11
4714,296.382620,10
4715,295.682320,13
4716,295.198580,11
4717,295.440690,13
4718,294.848350,12
4719,296.647640,12
4720,296.091190,12
4721,296.311590,14
4722,297.006320,13
4723,297.155710,12
4724,296.017640,12
4725,296.095770,13
4726,296.409530,11
4727,296.607720,12
4728,295.996480,13
4729,297.164580,12
4730,296.052170,15
4731,295.814350,14
4732,296.114360,14
4733,295.929620,14
4734,296.511180,15
4735,296.698680,15
4736,296.583560,15
4737,295.898090,14
4738,296.981940,16
4739,296.467460,16
4740,297.179070,13
4741,296.237230,13
4742,297.230420,15
4743,296.169550,15
4744,296.378560,14
4745,296.341980,12
4746,296.089060,17
4747,296.983430,16
4748,296.356950,15
4749,296.390300,9
4750,296.875340,11
4751,297.227510,9
4752,296.675700,9
4753,296.962920,12
4754,296.863140,10
4755,297.236440,8
4756,296.682170,10
4757,296.789230,7
4758,297.066210,10
4759,296.634960,12
4760,297.088170,12
4761,296.925220,15
4762,295.956690,9
4763,296.184210,9
4764,296.029650,15
4765,296.732340,15
4766,295.814180,12
4767,296.829010,11
4768,296.539080,10
4769,296.629320,16
4770,296.123700,16
4771,297.021170,16
4772,296.528950,13
4773,296.345870,15
4774,297.577560,16
4775,296.780140,16
4776,296.566570,15
4777,295.790540,15
4778,296.320380,15
4779,296.299220,16
4780,295.729790,17
4781,295.836500,11
4782,296.405450,12
4783,296.622440,15
4784,295.627820,12
4785,295.612300,11
4786,296.507890,14
4787,296.352780,12
4788,296.800090,14
4789,296.756310,15
4790,297.408150,14
4791,296.478540,12
4792,296.458830,10
4793,295.648350,14
4794,295.698180,11
4795,295.703050,12
4796,296.045290,12
4797,296.318340,11
4798,296.376050,14
4799,297.086050,16
4800,297.345070,14
4801,297.709490,13
4802,297.650700,11
4803,297.399820,13
4804,296.707220,11
4805,297.141150,10
4806,297.463150,13
4807,296.936180,12
4808,297.123550,13
4809,296.702510,14
4810,297.420010,13
4811,297.786510,13
4812,297.247120,14
4813,296.938170,16
4814,297.547780,15
4815,296.904870,15
4816,297.093670,17
4817,297.983430,17
4818,297.036220,13
4819,297.457620,16
4820,296.950690,13
4821,298.334190,11
4822,298.546820,14
4823,297.769970,11
4824,297.157060,12
4825,297.211490,11
4826,297.579160,7
4827,297.752980,12
4828,297.775000,11
4829,297.530110,11
4830,297.333030,11
4831,297.517440,12
4832,297.403070,11
4833,297.494130,10
4834,298.039590,11
4835,297.146250,13
4836,297.496720,10
4837,297.911430,14
4838,297.876100,10
4839,297.121660,11
4840,297.076530,16
4841,298.603810,18
4842,299.081950,15
4843,298.229980,12
4844,297.979900,14
4845,298.751590,14
4846,299.048940,16
4847,297.698790,13
4848,297.548490,20
4849,297.691190,16
4850,297.818010,17
4851,296.879770,14
4852,297.197160,12
4853,297.859440,12
4854,296.810040,13
4855,297.346930,14
4856,298.073430,14
4857,297.657160,12
4858,297.761490,14
4859,296.593910,14
4860,297.211100,13
4861,297.371230,16
4862,297.648880,16
4863,297.310380,8
4864,297.062800,12
4865,296.610110,11
4866,297.238610,12
4867,296.478620,15
4868,297.378080,11
4869,296.864430,13
4870,297.351780,11
4871,297.261140,11
4872,297.137460,10
4873,296.655380,13
4874,297.205140,13
4875,297.290110,9
4876,296.518440,13
4877,296.476250,14
4878,296.863060,11
4879,296.888590,11
4880,296.118300,15
4881,296.853440,15
4882,297.377420,13
4883,297.050880,16
4884,297.522060,14
4885,296.604660,15
4886,297.040510,15
4887,295.894880,18
4888,297.545830,18
4889,296.004340,16
4890,295.650610,9
4891,296.560070,14
4892,296.790530,13
4893,296.416710,8
4894,296.387790,11
4895,295.982860,12
4896,296.664600,14
4897,296.188700,11
4898,295.594570,13
4899,296.278220,13
4900,295.357650,13
4901,295.665400,11
4902,295.804550,12
4903,296.122430,11
4904,295.813560,15
4905,295.781890,12
4906,295.639850,11
4907,295.374630,12
4908,295.913280,12
4909,295.676550,10
4910,295.592750,11
4911,296.026560,15
4912,295.418620,15
4913,295.281780,15
4914,296.348530,13
4915,295.900460,13
4916,295.896880,13
4917,295.633680,12
4918,296.127850,11
4919,294.777540,10
4920,295.024580,12
4921,293.939940,16
4922,294.225890,12
4923,295.483320,10
4924,295.756170,14
4925,294.707470,12
4926,295.077080,13
4927,294.716450,12
4928,295.531280,11
4929,295.420890,14
4930,294.260300,15
4931,294.227900,17
4932,294.605080,13
4933,294.894700,11
4934,295.575730,11
4935,294.941680,16
4936,294.378990,14
4937,295.040840,15
4938,295.188710,16
4939,294.939480,11
4940,294.133010,14
4941,293.971950,16
4942,295.098570,12
4943,295.375690,15
4944,294.997830,16
4945,294.166570,17
4946,294.328530,10
4947,294.340810,13
4948,294.100590,17
4949,294.716680,15
4950,294.896660,12
4951,294.806980,14
4952,294.475370,10
4953,295.605870,15
4954,294.139700,13
4955,294.737700,10
4956,295.941170,15
4957,294.650980,17
4958,295.601700,13
4959,295.643370,15
4960,295.373270,10
4961,294.391830,12
4962,294.671420,12
4963,294.788740,10
4964,294.216640,14
4965,294.948780,12
4966,294.237590,13
4967,295.004950,9
4968,294.420540,10
4969,295.654140,11
4970,294.686100,14
4971,295.485610,10
4972,294.644450,14
4973,294.792840,9
4974,294.546440,11
4975,295.038680,16
4976,294.916880,10
4977,295.167370,9
4978,295.280850,15
4979,294.941920,12
4980,294.559830,14
4981,295.283510,16
4982,294.484010,13
4983,294.297030,10
4984,294.824860,14
4985,294.579660,14
4986,294.439490,14
4987,294.714570,14
4988,294.530400,15
4989,294.453470,12
4990,293.978130,13
4991,294.104830,15
4992,294.286680,12
4993,293.932570,10
4994,294.199650,16
4995,294.670470,12
4996,293.926070,14
4997,294.686260,15
4998,294.260090,16
4999,294.129890,11
5000,294.744310,14
5001,294.765240,16
5002,295.345570,15
5003,295.190480,14
5004,295.656350,15
5005,295.241040,11
5006,295.155570,18
5007,295.473610,15
5008,295.120540,14
5009,295.612940,14
5010,294.156050,13
5011,294.407440,14
5012,294.753010,10
5013,294.130550,12
5014,294.264670,12
5015,294.959360,12
5016,294.589840,10
5017,294.350770,12
5018,294.298000,11
5019,294.704430,10
5020,295.115760,16
5021,296.004930,12
5022,295.259870,13
5023,295.525870,12
5024,295.438530,11
5025,296.022740,14
5026,295.565090,14
5027,296.523720,17
5028,294.738360,13
5029,295.599210,13
5030,295.893660,12
5031,295.768060,13
5032,296.112730,11
5033,296.912330,12
5034,296.350450,15
5035,296.189850,13
5036,295.731830,11
5037,295.441520,11
5038,296.400030,16
5039,296.365920,11
5040,297.222080,12
5041,296.668970,9
5042,296.723730,13
5043,296.538880,12
5044,296.384680,10
5045,296.687820,13
5046,296.733180,14
5047,296.988510,9
5048,296.327950,13
5049,296.949220,13
5050,296.329460,11
5051,297.605190,15
5052,296.849820,15
5053,296.515410,14
5054,296.557850,13
5055,296.948260,11
5056,297.238430,13
5057,296.276490,12
5058,296.126960,11
5059,297.309790,11
5060,296.542370,14
5061,296.297940,15
5062,297.144420,15
5063,296.847660,13
5064,296.298380,15
5065,296.999310,16
5066,296.349600,15
5067,296.657140,11
5068,296.293490,9
5069,297.334150,13
5070,297.178060,14
5071,296.740010,12
5072,297.021200,15
5073,297.267250,14
5074,297.145870,11
5075,297.313560,15
5076,296.777400,16
5077,297.575850,13
5078,297.502750,15
5079,296.687610,14
5080,297.372940,10
5081,298.059230,12
5082,297.775430,16
5083,297.273920,14
5084,297.047480,12
5085,297.374040,9
5086,296.883300,13
5087,297.633380,9
5088,297.057570,14
5089,297.203490,15
5090,297.596480,13
5091,297.128200,11
5092,297.409040,18
5093,297.668150,14
5094,296.912820,14
5095,296.793500,15
5096,297.702820,16
5097,296.586510,15
5098,297.492740,12
5099,297.340830,16
5100,296.889290,11
5101,297.276290,12
5102,297.729920,13
5103,297.585750,13
5104,297.236170,15
5105,297.052500,10
5106,296.714080,11
5107,296.902480,16
5108,296.517450,14
5109,297.335230,10
5110,297.053080,15
5111,296.759310,13
5112,296.740410,13
5113,297.708340,10
5114,296.898050,14
5115,297.540800,16
5116,297.027870,12
5117,296.703550,13
5118,297.139550,12
5119,297.217780,10
5120,296.801910,15
5121,297.270450,15
5122,297.040880,15
5123,297.476020,17
5124,296.704500,13
5125,297.828850,16
5126,296.953100,14
5127,297.051420,16
5128,298.055760,16
5129,296.909800,10
5130,297.560230,11
5131,297.999470,13
5132,297.195360,10
5133,297.593580,11
5134,297.554790,13
5135,297.479450,16
5136,297.713550,12
5137,297.460340,12
5138,297.781290,10
5139,297.240630,10
5140,298.301550,11
5141,298.403440,8
5142,297.874440,10
5143,298.235290,8
5144,298.134680,13
5145,298.154550,8
5146,298.639600,10
5147,297.946320,9
5148,298.258360,9
5149,297.791710,11
5150,298.043560,17
5151,297.804390,13
5152,297.871720,16
5153,298.358630,12
5154,297.744170,12
5155,297.715860,10
5156,297.609940,14
5157,297.303100,17
5158,297.911280,13
5159,297.567880,15
5160,296.861840,11
5161,296.979060,14
5162,297.138030,14
5163,298.435210,15
5164,297.410100,13
5165,297.089400,10
5166,297.322630,14
5167,297.167580,15
5168,296.942690,13
5169,297.899460,15
5170,297.593530,16
5171,296.699140,15
5172,296.654820,14
5173,296.887510,14
5174,297.894680,19
5175,296.823570,14
5176,297.063750,15
5177,297.030150,16
5178,297.899670,15
5179,296.406840,15
5180,297.334610,14
5181,297.353380,12
5182,297.040860,12
5183,296.626530,12
5184,297.209550,8
5185,297.008940,14
5186,297.473210,11
5187,297.435930,10
5188,297.487340,13
5189,297.271850,10
5190,297.496240,15
5191,296.531120,14
5192,297.277370,12
5193,297.079930,14
5194,296.715290,11
5195,296.932870,12
5196,296.586240,14
5197,297.182640,13
5198,296.649030,9
5199,296.106500,12
5200,296.106500,0
