step,price,volume
0,299.911700,15
1,300.525840,12
2,298.952830,14
3,300.130780,14
4,299.412900,15
5,299.753730,14
6,300.414550,14
7,300.162570,15
8,299.861330,11
9,299.020550,11
10,299.923840,11
11,300.237310,12
12,299.738360,15
13,300.271520,12
14,299.464450,15
15,300.045860,13
16,300.042220,12
17,299.498940,14
18,300.828430,15
19,299.891680,9
20,300.324110,16
21,300.307870,14
22,299.485960,15
23,300.893260,16
24,300.182730,17
25,300.038150,13
26,298.822330,18
27,299.831250,16
28,300.184890,13
29,299.342250,18
30,299.078800,11
31,300.077140,13
32,298.673810,16
33,299.743100,15
34,299.114590,16
35,298.999760,16
36,299.718630,16
37,298.225160,16
38,298.706850,13
39,299.676990,16
40,298.790010,15
41,298.926620,14
42,299.996130,14
43,299.678350,15
44,299.458040,12
45,299.156760,13
46,299.267360,14
47,299.981990,15
48,298.462930,18
49,299.467670,13
50,300.123770,18
51,299.911070,15
52,298.888340,21
53,298.526950,16
54,299.535450,16
55,298.923720,14
56,299.251450,14
57,299.811260,16
58,299.118680,17
59,300.070380,16
60,300.117260,11
61,299.323670,11
62,300.176640,11
63,300.526560,12
64,300.436710,15
65,299.402790,16
66,299.743720,11
67,299.534560,12
68,299.402230,11
69,299.089860,14
70,300.246260,13
71,299.351420,15
72,300.311840,14
73,300.393140,13
74,299.579850,11
75,299.491200,14
76,299.958320,11
77,299.740200,14
78,299.701810,10
79,299.855410,13
80,299.944240,12
81,299.550470,10
82,300.044390,11
83,299.462350,14
84,299.736600,10
85,299.925150,6
86,299.788290,10
87,299.023330,11
88,299.846390,11
89,299.704660,9
90,300.229270,10
91,299.978660,10
92,299.624440,13
93,299.443370,14
94,299.214440,9
95,299.428680,13
96,299.785930,9
97,300.242590,9
98,299.791280,9
99,299.801690,9
100,300.321080,11
101,300.445960,11
102,300.008740,10
103,299.228520,12
104,299.625870,13
105,299.733120,10
106,299.257100,11
107,300.012640,11
108,300.399100,14
109,299.870950,13
110,299.927240,12
111,299.934040,9
112,299.201990,12
113,299.867580,9
114,299.602710,8
115,299.071690,14
116,299.309310,11
117,299.712160,12
118,299.489230,10
119,299.349000,8
120,299.355980,14
121,299.486320,10
122,299.179440,14
123,299.122080,9
124,299.307260,11
125,298.832420,11
126,299.438850,11
127,299.044250,10
128,299.326790,11
129,300.034610,11
130,299.575960,14
131,299.136800,13
132,298.883540,11
133,300.316110,13
134,300.057020,7
135,299.065020,13
136,299.771630,11
137,299.796660,10
138,299.984000,11
139,299.584660,10
140,298.903190,17
141,299.353680,14
142,299.401910,15
143,300.012030,16
144,299.550510,16
145,298.995040,12
146,298.743540,17
147,298.724780,17
148,298.747620,16
149,298.595320,19
150,299.152480,16
151,298.659900,16
152,299.106740,15
153,298.816070,14
154,298.395100,13
155,298.115890,18
156,299.908840,14
157,299.043300,12
158,299.283540,16
159,298.867110,15
160,297.996390,12
161,298.242800,12
162,298.753500,11
163,299.123440,13
164,298.560760,12
165,298.328670,14
166,299.185060,13
167,299.108410,10
168,299.071760,13
169,297.772160,12
170,297.663710,9
171,297.849250,7
172,297.805840,12
173,297.996970,7
174,297.897330,10
175,297.475830,14
176,297.950630,11
177,298.073360,11
178,297.885310,6
179,297.385120,10
180,297.512200,10
181,297.912750,11
182,297.735490,13
183,297.539890,9
184,297.437000,13
185,297.354960,7
186,297.332860,11
187,297.342020,12
188,297.855900,11
189,297.930590,8
190,297.523580,16
191,298.090090,15
192,297.572180,13
193,298.441820,13
194,297.047990,13
195,297.974990,16
196,297.944850,15
197,297.312130,13
198,298.577040,14
199,297.749660,14
200,297.351840,15
201,297.690830,14
202,298.241730,14
203,298.130660,15
204,296.884980,14
205,297.094940,15
206,296.671190,13
207,297.554620,15
208,297.876590,14
209,297.092600,18
210,297.831830,11
211,297.604070,11
212,297.274570,11
213,297.455360,10
214,298.017180,13
215,297.283230,15
216,297.095050,14
217,297.650490,15
218,296.780110,11
219,297.733540,12
220,297.044870,16
221,297.421370,11
222,298.101860,15
223,297.159550,15
224,297.184050,17
225,298.214490,17
226,297.139180,15
227,298.164290,13
228,297.558390,12
229,297.813210,11
230,296.362160,17
231,296.408850,15
232,296.141260,13
233,296.526260,17
234,296.939470,17
235,296.924260,16
236,297.246210,18
237,295.697550,15
238,296.418760,17
239,296.701590,16
240,295.320530,15
241,295.808490,14
242,296.671920,13
243,296.804690,12
244,295.388850,12
245,295.882110,12
246,295.640040,13
247,296.160320,14
248,295.698090,15
249,295.708830,10
250,295.205020,15
251,296.047120,14
252,295.062950,13
253,295.614680,13
254,295.335230,13
255,295.939440,14
256,295.752650,11
257,295.253290,13
258,295.932740,14
259,295.572140,11
260,295.106240,12
261,295.530600,11
262,295.236810,14
263,295.457570,9
264,295.408790,14
265,294.649660,10
266,295.455350,14
267,295.868110,8
268,295.247760,11
269,295.033400,10
270,296.041580,15
271,294.728350,13
272,294.786590,8
273,294.578650,16
274,294.710850,13
275,294.928380,10
276,295.086060,10
277,295.225870,10
278,295.235560,14
279,294.661410,14
280,294.717690,13
281,295.033100,13
282,294.879480,12
283,294.795470,13
284,295.176270,7
285,294.826220,13
286,294.757340,11
287,295.164180,12
288,295.127900,11
289,295.032830,9
290,294.672610,13
291,294.872010,15
292,295.613470,17
293,294.972280,13
294,294.347420,18
295,295.096030,16
296,294.629390,16
297,294.880720,16
298,294.965990,16
299,294.567270,15
300,295.153500,11
301,294.708000,15
302,294.322550,14
303,294.459640,16
304,295.156690,16
305,295.063180,12
306,295.474490,12
307,294.440540,15
308,294.611530,12
309,295.401630,14
310,295.066150,12
311,295.260890,14
312,294.705460,14
313,294.954240,17
314,294.226340,15
315,295.302880,16
316,294.818850,15
317,294.581480,15
318,294.999800,13
319,295.213860,14
320,294.879710,10
321,294.596110,12
322,295.324060,10
323,294.807930,13
324,294.639890,12
325,295.366430,15
326,295.022840,14
327,294.564900,10
328,295.115140,11
329,295.507660,10
330,295.580350,9
331,295.890120,12
332,295.500060,11
333,295.616470,12
334,295.454250,9
335,295.366830,10
336,294.949570,13
337,294.786370,15
338,295.320520,9
339,295.278280,9
340,295.087990,15
341,295.981220,17
342,295.710180,15
343,294.336230,15
344,295.455130,19
345,295.139140,16
346,296.065990,13
347,295.230540,13
348,295.384070,11
349,295.821060,11
350,295.436450,13
351,295.112700,10
352,295.844110,12
353,295.460270,12
354,295.466610,10
355,295.167700,11
356,295.471790,12
357,295.747820,10
358,295.005940,10
359,295.616290,12
360,295.576630,11
361,295.608380,16
362,295.198920,16
363,294.824880,15
364,294.947330,16
365,294.884480,14
366,295.474210,16
367,295.736990,15
368,295.510490,14
369,295.754400,15
370,295.855510,16
371,294.657080,14
372,294.933800,11
373,295.128280,15
374,295.518840,13
375,295.114460,14
376,294.481260,14
377,295.147620,14
378,294.338380,15
379,295.171900,12
380,295.073880,11
381,294.562730,12
382,294.093250,12
383,295.235440,11
384,294.548180,8
385,294.538030,11
386,294.713540,12
387,295.169570,11
388,294.971240,9
389,295.132700,9
390,295.126140,12
391,295.262780,11
392,295.023420,16
393,294.762550,12
394,295.304290,13
395,295.032630,16
396,294.696040,14
397,295.419110,14
398,295.744460,17
399,295.089270,14
400,295.070170,16
401,294.770740,11
402,294.809410,13
403,294.340720,14
404,295.154480,15
405,295.944320,14
406,295.138480,11
407,294.739460,13
408,295.040340,13
409,294.213400,14
410,294.453180,14
411,294.152070,12
412,294.753150,14
413,294.643220,14
414,294.348530,11
415,295.144910,14
416,294.462640,17
417,294.649610,12
418,294.781660,12
419,294.558360,16
420,294.058110,13
421,293.987170,11
422,294.653880,11
423,294.457430,14
424,294.569850,10
425,294.377300,13
426,294.689640,10
427,294.003260,8
428,294.702390,10
429,294.342300,12
430,294.748930,10
431,294.645330,13
432,293.992620,11
433,294.621240,9
434,293.827990,12
435,295.016810,10
436,294.185230,9
437,294.756350,10
438,294.988190,14
439,294.542620,9
440,294.157720,17
441,294.769170,14
442,294.214800,14
443,294.339300,15
444,294.865380,15
445,295.130480,16
446,294.969350,14
447,295.220520,16
448,294.596470,12
449,294.000970,16
450,294.875740,11
451,295.311420,12
452,294.353850,12
453,294.160370,11
454,294.418980,13
455,294.860550,12
456,294.797140,11
457,294.497540,13
458,294.290900,13
459,294.877500,13
460,294.825320,12
461,294.895540,14
462,294.804110,9
463,293.861940,17
464,294.420310,12
465,294.443350,11
466,294.791720,13
467,294.268090,15
468,294.688140,13
469,295.232690,13
470,295.035900,13
471,294.555830,15
472,294.631290,14
473,294.966520,15
474,295.042300,13
475,295.853250,13
476,294.673020,12
477,295.205010,14
478,294.662660,14
479,294.644490,13
480,295.790710,9
481,294.971400,9
482,294.443880,13
483,295.502800,10
484,294.737920,14
485,295.478840,11
486,295.418160,10
487,294.963850,11
488,295.252620,11
489,295.288780,12
490,295.975860,12
491,296.082450,17
492,295.582750,14
493,296.471140,11
494,295.539450,12
495,296.010120,13
496,295.370590,13
497,295.963400,17
498,296.031550,11
499,296.052480,10
500,295.933720,13
501,295.714780,15
502,295.952400,13
503,295.008350,16
504,295.753210,17
505,295.450210,13
506,295.593010,15
507,294.880580,17
508,295.222820,15
509,295.109130,15
510,295.774210,13
511,294.498990,13
512,294.947740,15
513,294.790160,13
514,295.650170,15
515,294.507020,16
516,294.332980,14
517,295.218230,15
518,294.301070,17
519,294.601380,14
520,294.266270,13
521,294.161840,13
522,294.866350,13
523,294.090160,15
524,294.246780,7
525,294.259590,14
526,294.656390,9
527,294.536310,14
528,294.958930,14
529,294.234620,11
530,293.813750,11
531,293.420140,13
532,294.037890,17
533,293.684070,16
534,293.921690,12
535,294.191440,13
536,293.960160,11
537,293.283350,16
538,292.953570,16
539,293.479580,15
540,294.866450,10
541,294.122770,9
542,294.457040,10
543,294.003530,11
544,293.960060,9
545,293.997990,14
546,294.559190,10
547,294.029240,11
548,294.362110,10
549,294.273310,13
550,294.154450,13
551,294.240060,10
552,294.092660,12
553,294.119540,9
554,294.388870,11
555,293.889220,14
556,294.393580,10
557,294.948050,10
558,294.331170,10
559,294.504950,12
560,293.634010,18
561,293.813680,16
562,294.096800,12
563,294.531390,13
564,294.332690,13
565,293.825420,13
566,294.163380,14
567,294.838030,13
568,294.482290,14
569,294.064960,13
570,293.852900,8
571,293.972420,10
572,294.297350,8
573,294.152110,8
574,293.957540,10
575,294.076230,9
576,294.409740,11
577,293.855320,11
578,293.876060,11
579,294.289230,9
580,294.254200,10
581,294.357100,15
582,293.718970,11
583,294.146590,11
584,294.130000,10
585,293.762620,11
586,293.817390,10
587,294.530490,10
588,294.082060,10
589,294.079560,10
590,294.130020,13
591,294.157980,10
592,294.836190,13
593,293.899200,7
594,294.189010,15
595,293.682220,14
596,294.007290,7
597,294.555140,8
598,294.415670,13
599,294.096870,9
600,294.642860,13
601,294.097660,14
602,294.782770,15
603,293.741560,13
604,294.357970,13
605,294.987770,16
606,294.584700,12
607,294.832960,11
608,294.034120,12
609,294.985990,17
610,294.880280,10
611,295.683760,16
612,295.504780,16
613,295.553600,16
614,295.132660,12
615,295.194830,16
616,295.688460,13
617,295.706210,15
618,295.219860,13
619,295.712800,14
620,295.034220,10
621,294.997550,13
622,295.085900,13
623,295.458730,10
624,295.357320,11
625,294.866440,11
626,295.337900,8
627,294.968640,11
628,295.222290,11
629,295.360080,9
630,294.749400,16
631,294.833130,9
632,295.338980,14
633,295.846980,14
634,295.203810,13
635,294.388560,15
636,295.014500,13
637,294.847620,10
638,295.270640,12
639,295.299660,10
640,294.726250,14
641,295.095940,16
642,295.056520,11
643,295.845540,13
644,295.373880,12
645,295.903360,12
646,294.792890,16
647,295.820870,17
648,295.462190,16
649,295.653030,16
650,295.440080,13
651,295.970710,8
652,295.751500,10
653,295.795280,8
654,295.267950,12
655,295.898940,13
656,295.764940,10
657,295.188210,15
658,295.840100,13
659,295.620010,10
660,295.338150,13
661,295.642260,13
662,295.857380,14
663,295.367300,11
664,295.670480,15
665,296.034350,11
666,296.370960,12
667,295.958070,9
668,296.265060,13
669,295.884790,16
670,296.537140,14
671,295.138070,8
672,295.397680,9
673,296.365170,13
674,295.955030,15
675,295.342520,13
676,295.796310,12
677,296.229050,13
678,295.905930,12
679,295.266360,15
680,295.706210,10
681,295.309380,11
682,295.765630,9
683,295.276030,10
684,295.708600,11
685,295.595980,10
686,296.060580,11
687,295.393180,12
688,295.917170,10
689,295.125070,10
690,295.152120,13
691,295.623080,11
692,295.559450,10
693,295.525190,12
694,295.865080,7
695,294.737160,12
696,295.427350,15
697,295.285800,13
698,295.733510,13
699,295.698160,13
700,295.175750,16
701,295.289830,15
702,295.070790,17
703,295.093290,16
704,294.249460,13
705,295.037750,11
706,295.166720,12
707,294.745410,17
708,294.900170,13
709,295.155410,8
710,295.204120,12
711,294.238170,14
712,294.528680,15
713,295.006230,10
714,295.429750,14
715,294.703190,11
716,295.936280,9
717,295.400110,13
718,295.760850,15
719,295.674360,10
720,295.635190,12
721,295.459100,10
722,295.238290,12
723,294.977770,11
724,294.974310,9
725,295.830310,14
726,294.886470,13
727,295.071230,11
728,295.435250,11
729,295.200340,14
730,295.190690,12
731,294.587940,9
732,294.972400,8
733,295.005940,7
734,294.914360,14
735,294.776620,6
736,294.568610,13
737,294.291340,10
738,294.848000,12
739,295.005460,12
740,294.910180,10
741,294.828120,12
742,295.310280,9
743,294.465310,9
744,295.279030,11
745,295.130430,11
746,294.680710,8
747,295.035890,12
748,294.805310,12
749,295.096310,11
750,295.017650,14
751,294.938700,12
752,295.649640,13
753,295.829850,15
754,295.641560,13
755,295.338930,15
756,295.339310,13
757,295.720570,16
758,295.037180,13
759,295.470960,11
760,294.783970,16
761,295.329500,10
762,295.244900,11
763,295.715020,11
764,295.677720,16
765,295.100180,14
766,294.967030,10
767,294.933480,13
768,294.412590,15
769,295.043830,13
770,294.769030,15
771,295.705770,14
772,294.875610,9
773,295.711400,11
774,295.022130,16
775,294.478120,12
776,295.383050,13
777,294.667510,13
778,295.461800,12
779,294.546450,16
780,295.601820,8
781,295.449400,12
782,294.562840,13
783,294.934380,11
784,294.851640,14
785,294.645540,10
786,295.130260,15
787,295.369270,15
788,294.655270,11
789,295.547580,12
790,295.665770,14
791,294.789670,14
792,295.754880,16
793,295.561790,8
794,295.396900,13
795,295.548750,13
796,295.133720,12
797,295.820250,12
798,295.463060,13
799,295.758700,12
800,295.668740,11
801,294.889240,11
802,295.670890,15
803,295.369340,12
804,294.965250,11
805,296.067500,15
806,295.068750,14
807,295.364860,15
808,295.490400,13
809,295.298310,15
810,295.843740,13
811,295.570000,8
812,295.596320,8
813,296.098600,13
814,296.141240,12
815,295.586140,14
816,296.140960,15
817,295.942060,7
818,295.270620,12
819,295.629010,12
820,296.648120,14
821,295.870570,10
822,296.661360,14
823,296.771970,14
824,296.147230,14
825,295.588300,12
826,296.352720,9
827,296.407260,9
828,295.886790,15
829,296.173850,12
830,295.707690,16
831,295.087600,16
832,296.176530,18
833,295.198710,18
834,296.279870,15
835,295.541120,21
836,295.185750,17
837,295.781930,17
838,296.169400,17
839,296.124880,14
840,295.963340,11
841,296.054490,15
842,296.174900,12
843,295.826500,14
844,296.035110,15
845,296.280070,12
846,295.851760,11
847,295.830530,12
848,295.470660,12
849,296.118360,12
850,295.933410,13
851,295.827380,9
852,295.638290,11
853,295.538490,14
854,295.577360,14
855,296.096240,12
856,295.853740,14
857,295.944950,13
858,296.252930,15
859,295.999640,9
860,295.580150,14
861,296.236300,12
862,296.427860,12
863,295.693460,15
864,295.783410,8
865,295.792460,16
866,294.906450,16
867,295.566630,8
868,295.583380,13
869,295.514790,18
870,296.346040,12
871,295.708440,9
872,296.125860,12
873,296.096920,9
874,296.344760,10
875,295.727170,14
876,295.638580,13
877,295.783450,10
878,295.984880,12
879,296.343560,11
880,295.404600,14
881,296.036570,14
882,295.933720,13
883,295.022190,16
884,295.841970,15
885,296.415280,14
886,296.249200,12
887,295.597530,15
888,296.527920,17
889,296.345670,12
890,295.859610,13
891,294.883660,13
892,296.100620,12
893,295.656850,14
894,295.914580,13
895,295.422530,14
896,296.079840,10
897,296.214710,16
898,295.735600,16
899,296.013320,13
900,295.265200,10
901,295.931430,7
902,296.135050,11
903,295.578450,9
904,296.096640,11
905,295.850490,10
906,295.944530,12
907,295.445800,6
908,296.045010,9
909,296.152320,9
910,295.815030,11
911,296.913870,14
912,295.840150,11
913,296.392910,11
914,295.633450,13
915,296.424730,11
916,296.672530,11
917,296.570250,10
918,295.807940,13
919,295.549200,14
920,294.999120,17
921,296.110640,16
922,296.010040,16
923,295.728140,14
924,294.874930,17
925,295.466720,17
926,295.360430,15
927,295.690860,14
928,295.262480,15
929,295.834930,15
930,295.056710,13
931,295.266820,17
932,294.737800,11
933,296.361770,17
934,295.295520,13
935,295.252200,14
936,295.550730,12
937,295.860240,19
938,295.172790,12
939,294.783620,15
940,294.624020,12
941,294.431300,12
942,294.807150,10
943,294.111010,14
944,294.347700,13
945,294.174140,13
946,294.658460,13
947,294.651330,14
948,295.081460,16
949,294.730350,12
950,293.672610,17
951,295.130980,14
952,294.644150,12
953,294.813960,12
954,294.065010,16
955,295.379040,16
956,295.068280,13
957,293.773310,15
958,294.607800,14
959,294.756290,16
960,294.623960,14
961,293.796780,11
962,293.715520,15
963,294.719430,11
964,294.136080,10
965,294.054550,10
966,293.871750,12
967,294.634750,13
968,294.086340,12
969,294.365160,10
970,294.236040,11
971,294.493710,12
972,294.219320,12
973,294.574730,14
974,294.206980,12
975,294.452600,14
976,293.826780,14
977,294.492140,14
978,294.548630,12
979,294.036750,14
980,294.188570,11
981,293.835480,7
982,294.068600,12
983,293.620040,14
984,293.940150,11
985,294.325350,10
986,294.234850,12
987,294.672960,10
988,294.423160,12
989,293.959780,13
990,294.171910,9
991,294.105390,11
992,294.482360,14
993,293.757190,12
994,294.345150,13
995,294.018240,9
996,294.081360,14
997,294.003670,8
998,294.538610,8
999,294.280390,9
1000,294.524120,13
1001,293.884070,14
1002,293.505350,12
1003,294.217410,15
1004,294.613900,13
1005,294.124140,10
1006,293.981020,15
1007,293.683750,11
1008,294.820050,16
1009,294.217860,11
1010,294.131980,14
1011,294.663470,12
1012,293.924170,11
1013,294.180530,10
1014,294.286930,12
1015,294.968150,10
1016,294.937000,11
1017,294.532980,12
1018,294.218540,10
1019,294.646760,14
1020,294.101080,11
1021,295.018080,10
1022,294.594890,8
1023,294.664170,12
1024,294.354520,10
1025,294.600730,13
1026,294.597620,10
1027,294.058040,11
1028,294.672290,7
1029,294.417940,9
1030,294.713660,14
1031,295.230010,15
1032,295.034320,13
1033,294.816190,10
1034,294.811790,16
1035,294.511430,13
1036,295.539260,13
1037,294.458170,14
1038,295.482030,15
1039,294.601630,9
1040,294.963830,16
1041,295.374640,12
1042,295.114440,8
1043,294.692360,17
1044,294.741530,13
1045,295.214900,11
1046,294.495840,13
1047,295.258030,12
1048,295.353990,15
1049,294.948070,15
1050,295.787340,10
1051,295.051640,15
1052,294.846370,13
1053,295.858830,13
1054,295.261090,13
1055,294.892790,12
1056,294.534620,13
1057,295.204110,14
1058,294.861270,17
1059,294.685650,15
1060,293.899050,14
1061,294.301810,16
1062,294.789080,15
1063,294.245690,14
1064,294.732030,12
1065,294.660640,13
1066,293.971040,14
1067,294.722540,16
1068,294.080700,16
1069,294.463970,15
1070,293.622010,16
1071,295.005650,18
1072,293.916090,13
1073,294.845720,19
1074,293.451510,17
1075,294.146730,12
1076,294.190460,13
1077,293.858720,17
1078,294.038170,14
1079,295.188350,16
1080,294.699930,10
1081,294.020520,13
1082,295.539190,13
1083,293.786110,11
1084,294.677950,10
1085,294.523720,10
1086,294.621580,11
1087,294.988630,13
1088,294.277360,10
1089,295.252180,12
1090,295.352860,11
1091,295.329190,11
1092,295.067970,13
1093,295.033570,11
1094,295.105140,14
1095,295.012580,15
1096,294.970590,10
1097,295.763620,12
1098,295.971390,13
1099,295.356510,15
1100,294.918940,13
1101,295.519920,14
1102,295.693060,11
1103,295.597620,15
1104,295.489690,12
1105,295.942130,9
1106,295.763560,15
1107,295.598280,15
1108,296.408270,12
1109,295.245830,12
1110,295.998630,14
1111,295.200940,10
1112,295.433550,11
1113,294.871690,12
1114,296.342250,15
1115,296.717580,17
1116,295.205350,9
1117,295.551900,12
1118,295.620810,16
1119,295.185470,12
1120,295.304910,11
1121,295.394030,7
1122,296.157920,15
1123,296.088380,13
1124,295.928980,9
1125,295.779810,11
1126,295.370050,12
1127,295.839280,9
1128,295.793150,8
1129,294.978190,13
1130,295.185820,12
1131,295.645280,10
1132,295.319740,12
1133,295.147320,8
1134,295.049420,15
1135,295.240470,9
1136,294.902880,11
1137,295.088140,8
1138,295.667750,13
1139,295.526400,11
1140,294.992150,17
1141,296.142140,14
1142,295.911110,16
1143,295.366200,15
1144,294.963310,15
1145,296.072960,13
1146,295.280190,9
1147,295.674680,14
1148,295.992840,15
1149,296.150380,14
1150,296.926840,11
1151,296.404230,11
1152,295.723720,12
1153,295.835350,14
1154,295.850260,10
1155,296.138060,14
1156,296.550590,15
1157,296.775950,14
1158,295.815090,12
1159,295.499590,11
1160,294.948020,15
1161,295.058510,16
1162,294.767140,16
1163,296.089340,17
1164,294.362220,19
1165,295.792570,15
1166,295.699930,17
1167,295.060580,17
1168,294.928080,16
1169,294.958920,16
1170,296.443060,11
1171,294.937360,15
1172,296.056570,13
1173,295.949010,15
1174,295.466130,15
1175,296.470380,12
1176,295.701490,16
1177,295.703100,14
1178,295.905860,17
1179,295.902260,13
1180,295.878460,8
1181,295.689630,13
1182,295.360840,14
1183,296.228800,12
1184,296.186590,14
1185,295.993890,13
1186,296.519490,13
1187,296.314340,13
1188,295.367730,13
1189,296.060600,9
1190,296.067560,13
1191,296.311630,13
1192,295.982960,13
1193,296.283150,13
1194,295.659370,11
1195,296.087530,10
1196,295.712650,13
1197,296.278450,12
1198,296.196550,12
1199,295.499510,12
1200,296.346820,9
1201,295.916700,11
1202,295.622350,11
1203,295.172650,17
1204,295.095300,16
1205,294.873600,14
1206,295.763870,12
1207,295.219820,9
1208,295.739690,14
1209,296.506980,15
1210,296.489290,12
1211,296.489020,11
1212,296.411410,13
1213,296.864920,11
1214,296.204910,10
1215,296.012990,13
1216,296.447330,12
1217,296.603500,12
1218,296.267410,9
1219,295.941160,12
1220,296.309810,14
1221,296.613070,13
1222,296.512710,14
1223,296.339190,13
1224,296.330510,11
1225,296.404270,12
1226,295.332150,14
1227,296.276670,14
1228,295.572860,15
1229,296.011520,13
1230,295.103090,18
1231,295.817330,15
1232,295.886660,20
1233,296.924130,18
1234,295.585550,16
1235,295.236510,18
1236,296.077200,19
1237,295.537700,19
1238,295.945090,19
1239,295.515950,16
1240,295.189430,13
1241,294.668410,11
1242,294.977470,15
1243,294.594470,13
1244,295.183710,13
1245,295.680440,13
1246,295.371630,15
1247,295.607130,14
1248,294.827560,16
1249,296.491370,14
1250,297.020850,19
1251,297.228040,14
1252,296.154090,14
1253,295.998810,14
1254,296.687700,16
1255,296.499960,16
1256,296.408540,11
1257,296.961820,15
1258,297.059280,14
1259,296.571160,14
1260,296.129280,13
1261,296.207090,11
1262,296.450260,9
1263,296.097310,11
1264,297.096090,15
1265,296.915380,11
1266,296.906060,13
1267,295.468460,12
1268,296.704020,11
1269,296.878450,13
1270,296.546820,11
1271,296.831500,9
1272,296.711900,11
1273,296.031840,8
1274,296.467250,12
1275,296.554380,10
1276,296.061250,8
1277,296.686920,14
1278,296.572430,11
1279,296.794520,10
1280,296.527060,10
1281,296.812470,13
1282,296.912070,10
1283,296.111870,13
1284,296.152850,18
1285,297.203230,10
1286,296.768500,10
1287,296.799570,11
1288,296.616710,12
1289,296.218600,13
1290,295.991440,10
1291,295.836900,14
1292,296.774250,16
1293,296.600850,9
1294,296.273260,9
1295,295.986940,14
1296,296.264150,14
1297,295.764300,9
1298,296.026400,10
1299,296.308470,13
1300,296.159570,8
1301,296.609990,14
1302,296.119540,10
1303,295.600620,11
1304,296.304300,9
1305,295.803560,11
1306,295.672910,7
1307,296.645920,10
1308,296.364170,6
1309,296.552880,8
1310,296.049500,11
1311,296.428540,12
1312,296.725270,11
1313,296.338430,8
1314,296.349310,8
1315,296.837110,5
1316,296.196630,11
1317,296.309350,6
1318,296.568390,10
1319,296.455870,8
1320,295.643010,12
1321,295.818390,12
1322,296.730230,13
1323,296.392550,12
1324,296.436420,9
1325,296.178230,12
1326,296.273740,11
1327,295.739570,14
1328,296.638280,13
1329,296.289400,13
1330,297.350180,14
1331,297.157250,13
1332,296.884750,16
1333,297.285690,14
1334,296.162920,16
1335,296.403970,13
1336,297.475070,12
1337,297.275440,15
1338,297.340700,14
1339,296.827510,16
1340,296.894850,16
1341,296.838450,11
1342,297.347950,12
1343,297.536550,9
1344,297.406890,13
1345,297.334890,11
1346,297.824440,10
1347,297.310720,13
1348,297.242930,15
1349,296.998380,14
1350,297.020940,9
1351,297.554290,13
1352,296.546150,13
1353,297.218310,10
1354,297.822100,17
1355,297.903920,9
1356,297.240460,11
1357,297.753680,11
1358,296.369270,13
1359,297.149680,11
1360,297.804620,14
1361,296.883240,13
1362,297.822830,16
1363,297.695910,12
1364,297.268580,13
1365,297.759480,14
1366,297.166860,13
1367,296.394530,13
1368,297.323620,13
1369,296.645890,14
1370,298.593710,13
1371,297.523460,13
1372,297.684310,12
1373,297.880840,13
1374,297.700410,8
1375,298.005280,12
1376,298.200180,15
1377,297.401630,13
1378,298.207880,11
1379,298.135750,10
1380,297.533200,12
1381,297.788190,14
1382,297.652950,7
1383,297.390240,12
1384,297.755240,9
1385,297.654660,9
1386,297.612820,10
1387,298.053290,12
1388,297.620830,9
1389,297.468080,12
1390,297.659910,10
1391,297.434670,17
1392,297.932070,13
1393,297.735750,13
1394,297.297630,11
1395,296.964540,12
1396,297.347120,11
1397,297.757630,16
1398,297.530200,15
1399,298.212190,13
1400,298.123720,12
1401,298.017590,9
1402,297.442330,11
1403,297.843410,9
1404,297.797560,12
1405,297.394310,11
1406,297.761700,11
1407,296.983100,12
1408,298.376770,9
1409,297.807960,11
1410,297.253790,12
1411,297.834410,12
1412,297.365970,17
1413,297.970660,13
1414,297.513800,13
1415,298.030620,13
1416,297.347930,14
1417,297.744930,12
1418,298.437930,15
1419,298.498560,14
1420,297.006200,14
1421,297.682920,12
1422,297.936510,10
1423,298.147300,10
1424,298.122060,13
1425,296.789100,10
1426,297.881420,11
1427,297.605080,10
1428,297.279270,12
1429,297.114910,14
1430,297.519750,10
1431,297.715950,9
1432,297.587940,11
1433,298.070870,12
1434,297.844900,8
1435,298.006060,9
1436,297.985910,8
1437,297.701680,8
1438,297.885560,11
1439,298.037080,15
1440,298.897350,10
1441,298.126680,10
1442,298.357040,8
1443,298.133320,13
1444,298.183100,12
1445,297.775080,9
1446,298.099880,10
1447,297.939290,13
1448,298.418770,7
1449,298.082100,11
1450,298.359720,14
1451,299.284970,16
1452,298.314460,13
1453,298.030260,14
1454,299.033930,17
1455,297.902780,12
1456,298.157510,14
1457,298.967720,12
1458,298.189200,13
1459,298.047850,14
1460,297.862250,8
1461,297.363650,11
1462,297.762270,9
1463,298.130060,12
1464,298.094660,11
1465,297.789450,8
1466,297.915630,9
1467,297.441140,13
1468,297.807250,12
1469,298.312780,10
1470,298.000110,11
1471,297.968760,8
1472,298.269450,9
1473,298.860300,13
1474,297.891250,9
1475,298.817880,10
1476,298.203230,13
1477,298.492750,10
1478,297.653100,9
1479,297.702100,11
1480,297.348830,9
1481,296.785640,15
1482,298.031750,14
1483,297.683250,10
1484,297.906880,11
1485,298.023270,14
1486,297.195010,13
1487,297.356880,13
1488,298.059290,14
1489,297.411890,14
1490,297.023890,11
1491,297.727350,10
1492,297.556800,13
1493,297.367040,11
1494,297.185920,13
1495,297.584750,7
1496,298.011860,10
1497,297.782730,12
1498,298.262500,10
1499,297.872640,12
1500,297.734320,9
1501,298.164510,15
1502,297.330790,12
1503,297.694540,12
1504,298.199300,11
1505,297.951760,14
1506,297.199240,15
1507,298.040750,11
1508,297.354830,16
1509,298.486190,16
1510,298.165680,10
1511,297.268410,11
1512,297.835650,14
1513,298.123620,15
1514,297.353710,9
1515,298.311080,8
1516,297.965700,12
1517,298.140370,12
1518,297.670620,12
1519,297.435650,11
1520,297.534750,14
1521,297.280120,11
1522,297.024920,16
1523,297.725060,13
1524,297.523930,15
1525,296.708740,18
1526,297.042840,13
1527,298.554720,17
1528,297.170510,14
1529,297.768450,14
1530,297.367140,16
1531,297.760140,11
1532,297.165880,13
1533,297.330270,11
1534,297.269600,9
1535,297.489130,12
1536,297.925770,13
1537,297.055500,12
1538,296.958710,15
1539,296.946260,11
1540,297.413460,11
1541,297.504760,12
1542,297.326900,12
1543,296.720660,9
1544,297.788870,11
1545,296.729710,12
1546,296.944050,9
1547,296.568770,14
1548,297.653380,9
1549,297.054820,10
1550,297.416690,12
1551,297.628700,12
1552,297.433790,14
1553,296.548120,14
1554,297.295830,14
1555,297.397560,13
1556,296.719310,14
1557,297.003220,11
1558,297.167800,13
1559,296.063200,15
1560,296.253340,9
1561,296.190600,10
1562,296.464520,12
1563,297.066210,8
1564,296.076560,8
1565,296.578840,10
1566,296.462840,12
1567,296.094510,12
1568,296.067730,13
1569,296.800230,12
1570,295.435380,8
1571,295.932060,13
1572,296.094830,9
1573,296.110330,9
1574,296.064630,9
1575,295.762080,9
1576,296.187490,7
1577,296.297490,12
1578,295.852750,5
1579,295.977670,7
1580,295.679400,18
1581,296.369990,15
1582,296.689290,16
1583,295.631370,14
1584,295.113390,16
1585,296.842880,15
1586,296.446260,14
1587,295.582850,13
1588,296.046070,15
1589,294.905030,17
1590,296.032950,13
1591,296.156380,13
1592,296.353950,15
1593,296.250400,12
1594,295.885250,15
1595,296.469250,14
1596,295.796050,17
1597,295.533430,17
1598,296.162830,13
1599,296.760830,15
1600,296.686230,9
1601,296.210190,14
1602,296.508380,13
1603,296.611740,11
1604,296.076650,14
1605,296.834140,14
1606,296.207920,14
1607,297.016380,12
1608,296.369280,12
1609,295.827670,14
1610,296.084130,14
1611,296.742680,12
1612,296.002020,13
1613,295.662460,13
1614,296.811440,10
1615,295.817080,14
1616,295.554120,7
1617,295.582480,11
1618,296.479070,7
1619,296.152690,10
1620,295.228070,10
1621,295.481570,10
1622,296.173340,9
1623,295.532650,13
1624,296.052550,11
1625,295.763410,11
1626,296.132940,9
1627,296.015410,12
1628,295.811890,11
1629,296.185230,15
1630,296.509620,14
1631,296.124220,11
1632,295.995380,12
1633,296.016730,9
1634,295.761770,11
1635,296.473210,9
1636,296.039480,7
1637,296.067040,12
1638,295.634640,12
1639,296.360830,11
1640,295.904440,8
1641,295.938060,10
1642,295.908980,8
1643,296.747680,10
1644,296.702540,11
1645,296.217770,6
1646,296.555370,8
1647,296.121120,11
1648,296.385460,10
1649,296.403470,8
1650,296.237190,11
1651,296.039110,11
1652,296.565990,13
1653,296.404920,12
1654,296.573990,7
1655,296.201150,13
1656,295.802320,13
1657,296.063500,13
1658,295.904800,13
1659,296.740480,8
1660,296.481250,15
1661,296.388560,13
1662,297.437090,11
1663,296.797810,13
1664,296.858880,13
1665,296.287530,16
1666,296.460650,11
1667,297.297820,14
1668,297.148100,14
1669,296.877270,14
1670,297.349960,12
1671,296.963260,8
1672,297.128790,9
1673,296.927920,11
1674,298.004230,12
1675,297.187550,9
1676,297.195500,12
1677,297.404630,8
1678,297.497780,9
1679,296.616820,12
1680,296.360590,8
1681,296.544940,9
1682,296.874720,8
1683,297.059460,9
1684,296.233760,6
1685,296.422130,8
1686,296.417360,11
1687,296.809050,11
1688,296.648890,7
1689,296.972520,10
1690,296.669120,12
1691,296.163940,10
1692,296.282590,15
1693,296.769790,15
1694,296.917890,16
1695,296.747160,13
1696,296.488190,12
1697,296.825350,11
1698,296.918880,14
1699,296.581630,12
1700,297.222660,15
1701,297.244720,10
1702,296.547370,12
1703,296.744960,15
1704,297.223150,11
1705,296.682070,15
1706,297.280240,12
1707,296.616100,12
1708,297.523610,11
1709,296.763710,14
1710,297.186490,13
1711,297.540420,12
1712,296.818220,11
1713,297.150960,9
1714,296.826480,10
1715,297.055520,12
1716,297.368250,13
1717,296.642320,11
1718,297.210250,11
1719,297.577340,12
1720,297.828130,15
1721,297.095100,13
1722,297.431820,15
1723,297.732870,18
1724,296.883950,13
1725,297.440710,14
1726,297.355400,15
1727,297.818120,11
1728,296.887810,16
1729,297.098920,14
1730,297.235070,15
1731,297.739200,16
1732,296.608210,11
1733,296.849140,15
1734,297.491290,14
1735,297.036370,12
1736,297.468490,12
1737,296.805550,13
1738,296.754470,14
1739,297.072170,14
1740,297.136080,14
1741,297.497710,14
1742,296.585550,17
1743,297.944470,17
1744,297.688400,12
1745,297.482210,14
1746,298.131500,19
1747,297.684440,17
1748,298.196040,18
1749,297.822100,13
1750,297.826120,11
1751,297.740280,13
1752,297.894260,13
1753,297.078740,16
1754,297.859700,14
1755,298.033110,15
1756,297.923920,14
1757,297.286690,14
1758,298.154500,12
1759,297.211400,15
1760,297.462740,13
1761,297.723520,12
1762,297.026700,7
1763,297.455850,10
1764,297.465520,13
1765,297.078270,9
1766,296.914790,10
1767,297.649570,10
1768,297.312060,10
1769,297.637160,10
1770,297.773230,11
1771,297.887720,9
1772,297.255010,13
1773,298.230270,13
1774,298.802680,15
1775,298.794450,12
1776,297.869060,10
1777,297.627300,13
1778,298.232220,13
1779,297.828830,13
1780,298.134840,12
1781,297.146950,11
1782,297.757940,11
1783,298.355360,13
1784,297.767090,11
1785,298.713730,14
1786,297.439070,12
1787,297.205930,12
1788,298.305220,10
1789,298.037940,10
1790,297.879470,14
1791,298.315900,14
1792,297.900570,8
1793,297.615230,14
1794,297.993500,11
1795,298.001100,15
1796,298.007570,14
1797,297.485820,14
1798,297.627340,9
1799,298.148000,12
1800,298.456850,11
1801,298.047960,13
1802,298.142210,10
1803,299.007350,11
1804,298.445460,15
1805,298.790420,13
1806,298.808030,13
1807,298.288810,13
1808,298.297410,14
1809,298.566560,16
1810,298.608740,16
1811,297.723190,13
1812,298.188370,15
1813,297.266930,17
1814,296.955360,16
1815,298.585850,13
1816,298.142630,15
1817,297.558550,15
1818,297.691200,13
1819,298.544760,16
1820,297.607670,9
1821,296.833280,14
1822,297.897460,15
1823,296.953800,12
1824,297.479300,12
1825,297.551350,13
1826,297.273190,14
1827,297.867610,13
1828,296.601060,15
1829,297.505120,11
1830,298.116030,15
1831,297.631740,15
1832,298.347000,19
1833,298.052980,16
1834,296.712660,20
1835,297.471030,16
1836,298.210260,12
1837,297.644330,16
1838,297.923070,15
1839,297.261520,17
1840,297.678260,11
1841,297.387530,12
1842,297.252570,12
1843,297.543030,13
1844,297.237550,14
1845,297.471860,12
1846,297.704160,13
1847,296.834670,11
1848,297.232900,13
1849,296.944570,13
1850,297.448300,13
1851,296.828490,12
1852,296.630370,11
1853,297.293680,12
1854,297.358000,13
1855,297.501290,10
1856,297.437450,13
1857,296.735210,9
1858,296.982240,10
1859,297.139420,12
1860,298.102740,12
1861,297.729340,14
1862,297.553540,14
1863,297.557830,12
1864,297.653060,15
1865,296.894890,14
1866,297.075630,13
1867,297.703200,12
1868,297.541000,14
1869,297.714100,13
1870,297.883550,11
1871,297.406800,13
1872,297.552450,13
1873,297.932770,14
1874,297.200500,13
1875,297.643310,13
1876,297.804640,12
1877,297.950090,13
1878,297.287250,14
1879,298.240770,12
1880,298.070770,15
1881,298.202390,13
1882,298.495570,11
1883,298.646700,12
1884,298.420400,17
1885,297.850540,12
1886,298.489560,14
1887,297.717680,15
1888,297.683260,15
1889,297.812900,17
1890,298.942080,13
1891,299.008450,13
1892,298.416690,11
1893,298.831970,12
1894,298.695440,13
1895,298.705950,13
1896,298.382870,12
1897,298.408410,10
1898,298.629870,9
1899,298.475530,9
1900,297.992050,17
1901,299.698080,11
1902,298.241870,13
1903,298.538930,14
1904,298.574080,14
1905,299.023990,11
1906,299.049830,15
1907,299.021470,11
1908,298.678010,11
1909,299.253650,10
1910,299.338690,10
1911,298.937980,12
1912,298.829620,9
1913,299.570850,11
1914,298.360770,14
1915,299.352060,10
1916,299.436050,11
1917,299.078800,10
1918,299.484630,13
1919,298.574320,15
1920,299.030640,14
1921,298.461370,15
1922,298.618310,14
1923,298.861580,14
1924,299.163140,13
1925,298.964590,15
1926,298.302330,13
1927,298.774250,14
1928,298.802790,11
1929,298.751020,12
1930,298.078720,13
1931,299.153400,9
1932,298.443380,11
1933,298.583870,13
1934,298.732390,10
1935,299.135680,11
1936,298.818550,11
1937,298.700370,8
1938,298.731560,12
1939,298.712440,10
1940,299.842460,13
1941,298.540270,16
1942,299.181890,13
1943,298.966770,17
1944,298.996110,13
1945,299.654370,14
1946,299.523650,12
1947,299.572890,16
1948,299.788180,14
1949,298.952710,13
1950,299.539230,13
1951,299.533520,12
1952,299.195080,13
1953,299.622520,12
1954,299.453180,11
1955,299.772560,13
1956,299.221510,13
1957,299.827440,14
1958,299.978160,10
1959,299.318870,14
1960,299.538540,10
1961,299.617370,15
1962,299.302670,13
1963,299.904360,16
1964,298.978640,13
1965,299.991100,13
1966,299.377870,11
1967,299.466610,15
1968,299.623620,14
1969,299.505910,10
1970,299.407750,15
1971,299.349920,14
1972,298.885200,16
1973,298.567290,13
1974,298.912480,13
1975,299.572970,15
1976,298.271370,11
1977,298.980290,13
1978,299.661190,15
1979,299.241310,12
1980,299.301640,14
1981,299.103940,9
1982,299.195720,11
1983,298.855430,12
1984,299.238510,18
1985,298.725730,10
1986,298.944370,8
1987,298.497680,15
1988,299.129160,9
1989,299.287040,12
1990,298.649960,14
1991,299.246170,12
1992,299.318730,13
1993,299.011500,14
1994,299.066260,14
1995,299.184280,12
1996,298.731370,12
1997,298.924970,16
1998,298.981480,7
1999,298.638530,12
2000,299.187910,10
2001,298.192480,13
2002,298.367500,12
2003,298.668880,9
2004,298.796800,12
2005,298.961950,11
2006,299.170270,12
2007,299.074530,9
2008,298.561390,13
2009,298.886380,10
2010,298.914300,12
2011,299.778970,15
2012,299.763930,15
2013,298.805210,13
2014,298.748760,12
2015,298.740070,14
2016,299.076960,11
2017,299.800520,13
2018,298.506580,14
2019,300.041790,12
2020,299.777650,12
2021,299.211170,11
2022,299.934150,14
2023,299.990120,11
2024,299.271050,13
2025,300.043970,15
2026,299.885520,14
2027,299.946170,10
2028,299.586560,16
2029,298.915110,16
2030,299.517330,13
2031,298.740460,14
2032,299.040160,13
2033,299.392650,13
2034,299.770710,14
2035,299.668260,16
2036,298.966010,16
2037,299.077160,16
2038,299.289510,14
2039,298.190080,15
2040,298.391260,15
2041,298.737270,14
2042,298.683240,13
2043,299.554250,15
2044,299.282980,15
2045,299.409940,15
2046,298.691840,14
2047,298.569710,14
2048,298.681300,14
2049,299.875750,13
2050,298.931340,15
2051,298.827760,15
2052,298.240250,17
2053,298.385990,14
2054,299.284910,13
2055,298.443950,12
2056,298.893250,14
2057,299.407930,16
2058,298.388450,13
2059,298.943760,13
2060,299.224690,9
2061,299.354060,14
2062,298.621110,14
2063,299.747100,13
2064,299.160050,12
2065,299.171650,12
2066,299.032920,13
2067,298.561370,9
2068,299.228060,12
2069,298.756700,12
2070,299.362700,12
2071,299.733300,13
2072,299.536420,11
2073,299.479430,14
2074,298.667270,17
2075,299.496100,12
2076,299.133710,12
2077,299.736830,11
2078,299.740330,13
2079,299.139650,17
2080,298.863970,13
2081,299.891520,14
2082,299.760560,13
2083,298.787230,14
2084,299.607990,9
2085,299.795720,15
2086,298.546870,12
2087,299.295290,13
2088,299.063220,12
2089,299.702220,16
2090,299.098730,18
2091,299.513780,14
2092,298.631470,18
2093,299.672120,17
2094,298.490750,14
2095,298.431980,15
2096,298.530940,16
2097,298.933590,15
2098,298.842400,16
2099,298.737680,17
2100,298.432010,13
2101,298.956130,14
2102,298.888630,15
2103,298.727190,12
2104,299.441920,13
2105,298.258960,12
2106,299.014900,15
2107,298.514580,14
2108,299.044570,14
2109,298.606240,13
2110,298.738350,13
2111,298.807980,8
2112,299.302760,12
2113,298.757460,10
2114,299.027030,12
2115,299.207950,13
2116,298.621300,11
2117,299.691090,13
2118,299.659180,11
2119,299.126300,16
2120,300.094540,13
2121,299.646260,12
2122,298.877880,13
2123,299.367690,12
2124,299.338360,13
2125,299.769840,12
2126,299.906000,16
2127,299.934340,13
2128,299.642930,14
2129,299.623600,13
2130,299.137320,11
2131,298.878030,15
2132,299.864760,10
2133,300.212660,12
2134,299.743500,15
2135,299.267130,14
2136,299.812650,14
2137,299.565560,12
2138,299.500750,12
2139,299.517300,16
2140,299.155110,15
2141,298.758290,11
2142,298.485750,15
2143,299.595230,17
2144,298.650090,9
2145,299.034260,14
2146,299.246030,10
2147,298.692240,16
2148,298.616160,15
2149,298.666280,12
2150,299.131260,13
2151,299.519960,11
2152,299.384680,13
2153,298.778080,8
2154,298.958790,12
2155,298.777410,11
2156,299.272500,13
2157,298.851880,14
2158,298.790340,10
2159,299.367150,9
2160,298.293890,16
2161,299.004090,17
2162,299.314500,18
2163,298.794140,16
2164,298.640430,13
2165,299.833260,16
2166,299.140500,15
2167,299.941140,14
2168,299.212600,13
2169,299.005130,16
2170,298.323960,12
2171,298.706000,11
2172,298.561740,10
2173,298.833260,11
2174,298.300890,11
2175,299.043280,14
2176,298.651850,9
2177,299.035520,12
2178,298.386160,12
2179,298.659050,11
2180,299.032190,10
2181,299.071330,11
2182,299.112870,13
2183,299.196190,8
2184,298.820310,13
2185,298.987400,11
2186,298.670700,12
2187,298.679050,11
2188,299.064070,9
2189,299.223120,10
2190,299.045800,12
2191,299.052180,13
2192,298.905160,14
2193,299.481390,11
2194,299.260170,12
2195,299.067350,12
2196,299.190350,15
2197,298.783590,11
2198,298.931650,14
2199,299.092310,11
2200,298.766640,7
2201,298.824340,9
2202,298.486790,7
2203,298.990540,7
2204,298.823030,6
2205,298.680770,6
2206,298.309010,8
2207,298.443340,10
2208,299.194960,10
2209,298.840390,8
2210,297.958750,14
2211,298.398950,14
2212,298.456190,16
2213,299.035060,13
2214,298.291800,12
2215,298.347510,12
2216,297.835580,14
2217,298.541460,11
2218,298.683680,11
2219,298.558710,11
2220,298.507990,15
2221,298.440070,12
2222,298.442550,13
2223,299.081440,17
2224,299.176970,15
2225,299.274150,13
2226,297.718640,16
2227,299.166520,13
2228,297.545540,16
2229,297.827500,18
2230,298.276540,8
2231,298.543290,13
2232,298.510790,8
2233,299.106060,8
2234,298.925400,10
2235,298.920580,10
2236,298.666090,11
2237,298.819890,10
2238,298.451580,6
2239,298.810050,9
2240,298.856660,16
2241,298.437000,12
2242,298.370710,11
2243,298.768440,11
2244,298.001090,14
2245,298.241370,12
2246,298.141380,10
2247,297.643890,13
2248,297.811480,12
2249,298.201220,10
2250,298.309180,12
2251,298.593020,12
2252,297.750470,14
2253,298.341380,14
2254,298.651130,14
2255,298.066800,14
2256,297.130110,15
2257,298.029990,16
2258,298.464160,11
2259,298.316420,17
2260,298.528330,13
2261,298.466090,11
2262,297.915250,15
2263,297.755950,10
2264,298.458280,14
2265,298.212340,12
2266,298.300530,14
2267,298.337060,10
2268,298.406760,11
2269,298.180690,13
2270,297.986010,17
2271,298.903030,15
2272,298.966220,18
2273,298.859450,13
2274,298.279080,16
2275,299.424500,15
2276,298.617060,13
2277,297.963380,17
2278,298.571460,13
2279,298.171140,15
2280,298.159640,13
2281,298.296300,14
2282,298.443710,13
2283,297.879560,13
2284,298.933020,11
2285,298.166790,14
2286,298.390090,9
2287,298.884600,16
2288,298.191480,11
2289,298.030170,9
2290,298.338790,8
2291,299.059920,10
2292,298.388160,12
2293,298.529020,10
2294,299.039080,15
2295,298.009770,11
2296,298.583890,15
2297,298.516790,9
2298,298.380650,7
2299,298.634510,13
2300,298.044580,15
2301,297.980000,12
2302,298.298770,13
2303,298.004340,12
2304,297.653200,13
2305,297.429660,19
2306,297.868290,16
2307,297.945520,11
2308,298.567010,14
2309,297.864360,15
2310,298.607570,15
2311,297.815880,14
2312,297.718630,14
2313,298.456010,12
2314,299.158260,17
2315,298.739320,12
2316,298.293960,12
2317,297.514850,14
2318,298.733310,14
2319,298.186770,9
2320,298.047400,12
2321,298.388980,12
2322,298.284490,14
2323,298.010330,15
2324,297.794170,13
2325,298.306630,13
2326,297.708650,14
2327,298.121310,15
2328,298.564870,13
2329,298.474960,14
2330,299.333060,8
2331,299.016410,10
2332,298.406350,10
2333,298.440730,7
2334,298.750200,7
2335,298.742080,10
2336,299.119170,9
2337,298.865900,8
2338,298.970640,10
2339,298.668150,10
2340,298.317980,14
2341,299.071760,16
2342,298.639830,14
2343,298.639070,14
2344,299.153890,18
2345,299.195740,16
2346,297.702630,16
2347,299.053080,15
2348,299.268180,11
2349,298.804240,14
2350,298.310370,13
2351,298.634440,15
2352,298.941960,11
2353,298.336310,13
2354,298.824780,16
2355,298.175260,15
2356,298.571140,13
2357,298.617770,14
2358,299.042600,11
2359,299.405650,16
2360,299.189030,13
2361,298.604610,13
2362,299.236370,11
2363,298.720850,12
2364,299.310810,13
2365,298.671200,7
2366,298.405090,14
2367,299.196240,12
2368,299.201620,9
2369,298.700830,11
2370,298.351170,12
2371,297.899880,13
2372,298.559030,9
2373,298.015600,9
2374,298.246250,10
2375,298.709260,8
2376,298.443280,10
2377,298.216500,16
2378,297.986890,13
2379,298.269750,12
2380,298.187170,11
2381,299.101010,7
2382,298.198230,9
2383,298.027100,10
2384,298.370310,9
2385,298.380660,9
2386,297.934280,9
2387,298.658580,6
2388,298.258010,10
2389,298.355820,6
2390,298.796260,11
2391,298.485180,15
2392,298.456170,12
2393,298.215490,11
2394,298.878460,12
2395,299.021880,12
2396,298.172470,9
2397,298.285800,13
2398,298.453740,13
2399,298.132530,9
2400,298.382090,13
2401,297.937400,13
2402,297.637570,10
2403,298.360400,14
2404,298.571290,11
2405,297.646620,14
2406,299.124290,15
2407,298.272290,12
2408,298.747070,14
2409,298.068780,12
2410,298.023410,7
2411,297.636260,7
2412,297.550270,6
2413,297.946070,7
2414,297.959740,8
2415,297.900320,7
2416,298.023610,7
2417,298.423010,8
2418,298.113250,8
2419,298.499770,11
2420,298.669860,12
2421,298.914600,12
2422,298.912550,12
2423,298.527310,12
2424,298.028870,10
2425,298.316930,13
2426,298.741380,10
2427,298.351510,14
2428,299.072650,11
2429,298.228970,14
2430,298.715490,10
2431,298.076360,11
2432,298.114700,10
2433,298.564440,12
2434,298.263290,13
2435,298.403820,9
2436,298.772460,9
2437,298.437320,9
2438,298.366980,9
2439,298.638000,11
2440,298.278240,13
2441,298.251400,16
2442,298.144820,14
2443,299.513100,15
2444,298.621090,13
2445,298.214380,15
2446,298.813330,16
2447,298.711520,14
2448,298.969680,15
2449,298.743230,13
2450,298.828150,16
2451,298.123710,14
2452,298.601580,13
2453,299.444460,18
2454,298.584500,14
2455,298.913660,14
2456,298.978700,12
2457,298.171600,10
2458,298.250150,12
2459,297.853120,14
2460,298.176190,12
2461,298.035750,14
2462,298.157340,14
2463,298.019190,14
2464,298.538430,12
2465,297.808650,13
2466,297.728010,15
2467,298.087940,12
2468,297.810820,13
2469,297.886420,11
2470,298.715350,12
2471,298.165370,11
2472,299.008610,13
2473,298.957450,14
2474,298.517220,12
2475,298.076450,10
2476,298.094150,11
2477,298.909620,14
2478,298.260430,13
2479,298.811780,13
2480,299.254950,11
2481,298.843470,12
2482,298.821550,12
2483,298.312710,13
2484,298.299310,10
2485,299.037210,12
2486,298.853980,9
2487,298.300380,12
2488,298.342480,14
2489,298.758970,12
2490,299.223870,12
2491,299.527120,14
2492,298.695100,10
2493,298.944130,14
2494,298.964920,16
2495,299.265080,11
2496,299.169200,13
2497,298.224930,10
2498,298.094410,13
2499,298.540400,15
2500,298.500140,13
2501,299.003980,13
2502,299.471910,14
2503,299.142390,12
2504,299.551240,14
2505,298.849800,12
2506,299.149510,10
2507,299.239820,14
2508,299.357570,13
2509,298.727200,12
2510,299.211030,17
2511,299.105550,19
2512,298.032200,15
2513,299.089480,15
2514,298.806820,16
2515,298.218020,13
2516,299.396650,17
2517,298.661300,14
2518,298.905270,14
2519,298.456810,19
2520,298.372740,13
2521,297.853160,17
2522,297.255260,13
2523,296.714240,17
2524,298.825380,13
2525,296.799890,17
2526,298.456770,11
2527,298.006620,16
2528,298.247160,13
2529,297.865380,15
2530,298.415720,14
2531,297.918370,12
2532,297.920260,16
2533,297.908150,14
2534,297.489510,16
2535,297.881070,15
2536,297.712830,16
2537,297.794360,18
2538,298.166120,13
2539,298.194480,16
2540,298.042620,16
2541,297.743140,14
2542,298.137680,11
2543,298.155300,13
2544,298.440910,13
2545,298.070550,14
2546,298.386800,13
2547,298.423530,9
2548,298.285580,14
2549,298.249530,17
2550,296.673270,16
2551,297.618590,12
2552,297.867240,12
2553,297.947060,12
2554,297.977370,11
2555,297.152160,14
2556,298.082360,11
2557,297.109600,16
2558,297.535110,14
2559,297.601810,16
2560,297.156620,11
2561,296.827490,14
2562,296.525530,16
2563,297.377270,11
2564,296.682650,13
2565,297.503310,11
2566,297.109980,13
2567,296.894530,13
2568,297.158980,13
2569,296.720540,14
2570,297.226430,14
2571,297.491290,12
2572,296.666510,11
2573,296.990710,11
2574,297.101920,10
2575,297.213470,10
2576,296.287010,11
2577,296.521980,14
2578,297.277080,10
2579,296.394910,13
2580,296.886700,15
2581,296.100360,14
2582,295.914870,11
2583,297.122040,14
2584,296.602700,10
2585,297.473650,14
2586,296.037880,11
2587,295.854640,15
2588,296.704600,14
2589,296.837370,14
2590,295.581960,14
2591,296.454430,13
2592,296.211840,15
2593,296.475830,14
2594,296.088830,13
2595,296.378340,11
2596,296.828880,17
2597,297.031970,10
2598,296.331850,14
2599,296.432480,17
2600,297.188280,12
2601,297.457780,9
2602,297.622570,16
2603,297.404940,9
2604,296.582510,10
2605,297.396600,15
2606,296.705250,12
2607,297.307360,12
2608,297.170230,12
2609,297.010760,15
2610,297.337070,15
2611,296.681510,13
2612,297.710490,11
2613,297.042120,13
2614,297.225500,11
2615,297.022290,13
2616,296.765090,14
2617,296.658020,12
2618,297.484690,15
2619,297.832240,15
2620,296.499480,16
2621,297.513840,17
2622,297.021680,17
2623,297.893340,16
2624,296.832680,15
2625,296.692600,15
2626,297.855450,15
2627,296.683890,16
2628,296.733620,15
2629,296.457610,17
2630,297.299360,12
2631,297.402590,12
2632,296.303820,17
2633,297.369660,16
2634,296.958860,18
2635,297.251770,15
2636,297.517740,15
2637,296.923930,16
2638,296.905170,14
2639,297.118770,12
2640,297.174690,15
2641,296.676020,13
2642,296.503430,14
2643,296.828210,17
2644,295.840690,14
2645,297.259940,13
2646,296.340620,15
2647,297.952430,16
2648,297.423300,15
2649,296.840650,13
2650,297.434050,15
2651,297.647620,13
2652,297.228330,12
2653,297.734350,11
2654,297.980330,12
2655,298.088980,12
2656,297.561730,11
2657,297.966160,12
2658,297.657690,15
2659,297.703390,12
2660,297.145370,13
2661,297.751350,14
2662,297.566590,14
2663,297.825160,15
2664,296.914030,15
2665,297.037540,14
2666,297.852180,15
2667,296.713670,12
2668,297.477630,13
2669,297.029360,14
2670,297.483830,11
2671,296.928500,12
2672,297.509870,16
2673,297.216320,18
2674,297.755030,12
2675,297.293420,12
2676,297.699990,14
2677,297.340390,17
2678,297.710520,16
2679,297.672170,13
2680,297.955480,7
2681,297.783810,14
2682,297.634740,11
2683,297.293310,13
2684,297.785680,11
2685,297.642730,13
2686,297.868970,14
2687,298.049690,9
2688,297.560470,10
2689,297.709010,14
2690,298.597490,17
2691,296.976030,13
2692,296.157550,13
2693,297.386550,9
2694,297.802210,11
2695,297.244410,16
2696,297.996080,15
2697,297.206750,14
2698,297.862700,14
2699,297.707700,12
2700,297.223220,17
2701,297.362790,11
2702,297.908000,12
2703,297.202260,13
2704,297.892850,11
2705,298.340180,14
2706,297.415480,11
2707,297.701750,12
2708,297.557030,9
2709,297.984480,10
2710,297.997910,11
2711,297.205530,10
2712,298.017640,14
2713,297.652400,15
2714,298.078860,9
2715,297.680880,14
2716,298.027900,9
2717,298.307200,12
2718,298.379690,12
2719,297.470910,14
2720,297.934900,9
2721,298.038710,16
2722,297.938560,14
2723,297.949210,11
2724,298.204550,12
2725,297.858550,11
2726,297.398210,15
2727,297.377330,11
2728,298.173410,14
2729,298.223380,13
2730,298.361630,9
2731,298.292790,14
2732,299.080710,13
2733,298.595980,13
2734,298.410150,10
2735,299.252660,11
2736,298.682420,10
2737,298.267230,10
2738,298.986700,14
2739,298.581260,10
2740,298.145860,15
2741,299.310730,11
2742,297.958190,7
2743,298.372720,13
2744,298.255970,11
2745,298.219860,10
2746,298.343440,10
2747,297.814300,15
2748,299.055670,12
2749,298.401440,10
2750,297.970220,14
2751,298.031600,13
2752,298.253460,16
2753,298.687650,14
2754,297.943680,15
2755,297.217630,12
2756,297.718210,16
2757,298.480900,13
2758,298.535600,17
2759,298.572960,12
2760,298.713420,7
2761,298.638100,13
2762,298.524440,12
2763,298.726550,12
2764,298.514220,14
2765,298.277680,14
2766,298.529730,15
2767,298.311410,13
2768,298.607050,13
2769,298.320400,11
2770,298.467650,14
2771,298.649290,15
2772,299.321740,13
2773,299.310090,15
2774,299.189650,12
2775,298.996030,15
2776,298.955900,14
2777,298.490130,11
2778,299.085900,12
2779,299.713780,14
2780,298.595130,10
2781,298.654610,13
2782,299.381970,12
2783,299.383170,10
2784,298.865650,9
2785,298.946740,8
2786,298.301020,12
2787,298.746210,12
2788,299.079590,9
2789,298.980170,11
2790,299.695480,9
2791,299.009610,13
2792,299.442730,11
2793,299.571540,12
2794,299.529610,12
2795,299.154200,16
2796,299.360070,7
2797,299.469820,12
2798,298.997930,11
2799,298.770610,13
2800,299.345040,14
2801,299.482620,7
2802,299.674330,14
2803,299.400510,10
2804,299.245080,11
2805,299.564830,14
2806,298.792980,16
2807,299.399500,11
2808,299.437240,9
2809,299.840640,16
2810,299.140210,9
2811,299.404120,11
2812,299.563330,15
2813,299.450440,12
2814,299.031110,11
2815,299.135540,12
2816,299.318820,10
2817,299.730630,13
2818,299.094780,15
2819,299.317880,8
2820,299.314160,10
2821,299.391100,9
2822,298.780030,9
2823,299.423920,10
2824,299.225400,9
2825,299.135930,9
2826,299.060630,12
2827,298.960630,9
2828,299.334690,8
2829,300.111850,11
2830,301.016580,8
2831,299.910830,11
2832,300.654470,10
2833,300.630430,13
2834,300.326590,9
2835,300.685260,9
2836,300.735680,11
2837,300.294520,9
2838,300.508240,14
2839,300.861360,13
2840,301.418250,17
2841,301.157780,14
2842,301.409440,13
2843,300.901920,14
2844,300.090830,15
2845,300.369400,16
2846,301.470370,18
2847,301.127020,17
2848,301.348750,12
2849,301.107600,16
2850,300.985130,14
2851,300.443050,13
2852,300.581670,12
2853,301.270540,13
2854,301.338950,16
2855,301.342430,12
2856,300.299020,11
2857,300.546370,7
2858,300.792340,14
2859,301.491670,15
2860,301.076590,12
2861,300.859950,15
2862,300.717740,11
2863,301.388490,9
2864,301.452620,12
2865,300.657470,10
2866,301.754330,15
2867,301.479960,13
2868,302.028400,15
2869,300.569290,12
2870,301.423830,15
2871,300.492650,14
2872,300.846210,12
2873,300.314210,12
2874,300.641640,15
2875,301.175560,14
2876,300.823630,18
2877,300.922520,11
2878,301.408180,16
2879,300.548460,18
2880,300.557440,14
2881,301.110560,13
2882,301.049970,13
2883,301.188140,13
2884,300.705600,11
2885,300.372520,14
2886,300.474230,16
2887,300.631460,12
2888,300.996840,13
2889,300.404400,12
2890,301.242350,16
2891,299.927620,17
2892,300.135780,16
2893,300.492710,15
2894,300.782090,16
2895,300.887790,14
2896,301.150020,18
2897,300.788320,14
2898,300.943950,17
2899,300.218960,16
2900,301.568450,15
2901,301.154090,14
2902,301.151600,14
2903,300.525010,11
2904,301.599790,15
2905,300.907450,11
2906,300.700610,13
2907,300.740410,10
2908,301.953750,13
2909,301.765980,14
2910,300.993180,11
2911,300.028230,12
2912,300.486350,11
2913,301.422180,15
2914,300.142040,13
2915,300.965800,12
2916,301.542020,12
2917,301.042730,13
2918,301.081430,15
2919,300.473440,10
2920,300.512300,11
2921,300.292980,15
2922,300.350840,9
2923,300.845730,13
2924,300.728930,10
2925,300.061630,17
2926,300.384380,12
2927,299.973920,13
2928,300.802410,13
2929,300.774200,10
2930,300.920010,14
2931,300.857810,12
2932,301.669050,14
2933,301.284400,10
2934,300.221970,14
2935,300.557960,11
2936,300.657080,15
2937,301.449560,11
2938,301.375790,13
2939,300.666630,11
2940,300.085150,12
2941,300.340970,13
2942,300.419010,9
2943,300.548160,13
2944,300.224870,9
2945,300.388910,12
2946,299.907290,10
2947,299.928010,10
2948,299.607370,13
2949,299.758010,13
2950,299.426970,10
2951,299.091590,11
2952,299.003930,11
2953,299.369110,9
2954,299.457150,8
2955,299.275760,10
2956,299.517610,11
2957,299.833530,10
2958,299.157070,6
2959,299.475260,6
2960,300.036090,16
2961,299.533810,16
2962,299.318440,12
2963,300.289480,17
2964,298.516940,15
2965,298.811050,15
2966,300.146730,15
2967,299.654970,13
2968,300.068780,18
2969,299.238200,16
2970,298.370340,14
2971,298.221200,13
2972,299.094890,11
2973,298.249780,13
2974,299.445480,13
2975,298.227150,12
2976,298.801530,13
2977,298.562900,8
2978,298.617480,10
2979,299.042400,13
2980,298.767830,13
2981,298.781770,12
2982,299.091340,15
2983,299.312200,12
2984,298.566270,11
2985,298.787390,12
2986,298.759580,13
2987,298.984350,12
2988,299.469340,13
2989,298.447820,15
2990,299.059650,11
2991,298.630040,13
2992,298.553610,12
2993,298.768180,10
2994,298.497430,10
2995,298.910670,12
2996,299.184570,14
2997,298.235800,11
2998,298.432200,12
2999,298.008350,16
3000,299.033280,12
3001,298.612930,13
3002,298.794990,12
3003,299.002690,12
3004,297.861680,15
3005,298.394180,12
3006,298.325260,11
3007,299.347120,15
3008,298.662490,15
3009,298.875750,16
3010,298.263370,17
3011,299.164720,16
3012,298.807750,17
3013,299.159390,15
3014,299.308570,16
3015,297.550490,18
3016,298.841020,15
3017,298.471370,20
3018,298.230540,16
3019,299.283020,16
3020,299.630840,15
3021,298.796520,13
3022,298.845930,15
3023,299.989850,13
3024,299.677980,17
3025,299.264740,13
3026,299.163160,13
3027,300.328030,12
3028,300.306180,11
3029,299.120950,9
3030,298.866600,10
3031,298.935400,10
3032,298.598310,10
3033,299.042380,12
3034,299.248610,9
3035,298.933630,8
3036,299.453810,13
3037,298.823680,11
3038,298.512900,13
3039,298.754860,8
3040,298.795110,14
3041,298.373960,14
3042,297.804860,16
3043,298.781060,12
3044,298.082850,14
3045,298.389360,13
3046,298.876040,15
3047,298.769690,13
3048,298.527570,14
3049,297.879330,13
3050,299.242510,10
3051,299.123760,7
3052,299.022980,13
3053,299.090490,7
3054,298.858700,12
3055,299.358180,11
3056,298.572060,14
3057,298.710750,9
3058,299.014900,9
3059,298.725880,12
3060,299.743840,18
3061,299.019920,21
3062,298.550470,17
3063,298.939560,20
3064,299.552970,14
3065,299.487780,15
3066,299.157190,18
3067,298.643050,17
3068,299.313590,18
3069,298.733460,14
3070,299.821750,14
3071,298.887910,11
3072,299.747670,12
3073,299.286020,12
3074,300.101250,12
3075,299.118150,15
3076,299.570440,16
3077,299.470110,13
3078,299.687910,10
3079,300.134440,14
3080,299.141010,10
3081,299.275830,12
3082,299.410170,11
3083,298.923320,12
3084,299.641940,10
3085,300.124420,9
3086,299.311180,10
3087,299.925240,10
3088,299.486090,9
3089,299.346680,9
3090,300.155670,12
3091,299.548120,11
3092,300.032520,13
3093,299.919360,10
3094,300.204210,15
3095,299.862920,11
3096,299.431630,13
3097,299.720120,10
3098,300.105880,12
3099,299.559340,16
3100,300.084160,11
3101,300.089510,13
3102,299.457010,16
3103,299.528640,12
3104,299.603770,14
3105,300.225850,13
3106,300.175660,10
3107,300.087090,9
3108,300.540080,13
3109,300.330270,13
3110,300.967200,12
3111,300.266730,8
3112,300.499200,10
3113,299.996400,12
3114,300.455560,11
3115,300.170120,7
3116,300.570780,8
3117,300.180730,10
3118,300.702290,12
3119,300.782880,14
3120,300.378410,8
3121,300.461040,9
3122,300.439510,10
3123,300.682790,11
3124,300.607400,13
3125,300.110700,11
3126,300.232530,12
3127,301.084700,14
3128,300.259980,11
3129,300.292050,13
3130,299.077990,12
3131,299.977690,12
3132,299.466850,12
3133,300.041450,12
3134,299.315300,16
3135,299.652410,14
3136,299.606540,10
3137,299.663620,10
3138,299.823690,14
3139,299.842080,13
3140,299.844630,9
3141,300.153320,9
3142,299.851260,15
3143,300.011510,14
3144,299.801050,12
3145,299.728570,11
3146,299.864190,13
3147,300.151130,16
3148,300.277180,12
3149,299.558640,12
3150,299.950050,12
3151,299.755590,14
3152,300.564190,11
3153,300.251580,11
3154,300.286390,15
3155,300.557210,13
3156,299.610570,13
3157,300.074000,12
3158,300.288590,14
3159,300.684760,13
3160,299.701350,14
3161,299.753810,13
3162,299.673710,16
3163,299.293420,15
3164,299.853520,9
3165,300.248690,13
3166,299.844360,13
3167,299.908880,12
3168,299.908940,12
3169,299.625550,12
3170,299.835210,10
3171,300.303030,13
3172,299.478550,14
3173,300.638270,13
3174,299.532960,15
3175,299.602970,11
3176,299.909260,11
3177,300.360660,14
3178,299.554710,11
3179,300.738290,15
3180,300.933970,18
3181,299.325440,18
3182,300.504340,17
3183,299.474010,15
3184,300.715580,15
3185,299.721630,16
3186,300.535280,12
3187,300.911950,22
3188,299.718290,18
3189,300.322730,14
3190,300.095220,10
3191,300.932580,9
3192,301.082930,13
3193,300.772600,8
3194,300.668550,13
3195,300.692590,7
3196,300.896360,10
3197,300.455440,13
3198,300.836400,10
3199,301.080480,12
3200,301.021660,14
3201,301.298330,11
3202,300.965970,11
3203,300.595350,14
3204,300.523860,15
3205,300.718280,12
3206,300.564980,15
3207,301.426260,13
3208,300.701710,13
3209,300.797010,13
3210,301.161310,18
3211,300.821740,12
3212,300.373030,15
3213,300.422210,12
3214,299.956380,15
3215,301.076120,16
3216,301.473670,15
3217,300.152700,16
3218,300.299240,14
3219,300.460740,12
3220,301.143300,12
3221,300.855460,12
3222,300.428660,13
3223,300.332680,11
3224,300.739740,12
3225,300.719940,10
3226,300.826720,16
3227,300.787440,12
3228,300.562090,10
3229,300.399610,9
3230,299.991380,16
3231,299.992950,14
3232,300.819030,14
3233,299.787620,14
3234,299.587770,11
3235,300.324700,15
3236,299.385480,13
3237,300.359040,13
3238,299.525580,15
3239,299.859790,10
3240,301.038720,12
3241,300.705370,14
3242,299.602580,15
3243,300.351250,11
3244,300.694330,15
3245,299.834130,11
3246,300.452970,12
3247,300.592620,17
3248,300.063470,12
3249,299.993480,11
3250,300.326240,10
3251,300.699880,15
3252,300.564490,11
3253,301.076640,13
3254,299.999750,13
3255,300.189870,12
3256,299.769330,16
3257,301.038080,12
3258,300.670010,14
3259,300.750460,13
3260,300.125890,12
3261,300.337520,15
3262,301.149550,14
3263,300.409880,12
3264,300.848770,10
3265,301.142000,13
3266,301.223630,14
3267,300.631880,11
3268,300.957250,12
3269,301.206950,13
3270,300.367570,12
3271,300.834340,11
3272,301.130690,11
3273,300.787110,12
3274,300.569610,11
3275,300.334590,11
3276,300.255930,12
3277,300.926580,13
3278,300.570700,10
3279,301.220080,10
3280,301.571350,18
3281,301.246900,11
3282,301.424350,17
3283,301.046270,13
3284,301.849900,17
3285,301.855920,16
3286,301.838270,16
3287,300.760410,12
3288,301.638090,16
3289,300.940260,13
3290,300.496920,11
3291,300.997080,12
3292,300.448360,14
3293,301.215570,10
3294,300.747020,13
3295,301.454610,14
3296,301.447070,9
3297,300.998610,14
3298,300.067510,10
3299,300.767350,11
3300,301.692700,10
3301,300.766640,15
3302,301.416650,11
3303,301.350940,15
3304,301.499450,16
3305,301.474530,14
3306,301.168000,12
3307,300.957850,13
3308,301.665980,14
3309,301.808540,11
3310,300.866660,14
3311,301.888800,14
3312,301.922070,12
3313,301.396540,14
3314,301.641740,16
3315,301.198040,12
3316,301.569940,13
3317,300.962480,16
3318,302.273070,12
3319,301.201000,16
3320,301.061330,14
3321,301.418420,11
3322,300.937630,9
3323,300.879180,11
3324,301.484460,11
3325,300.688600,11
3326,300.624820,11
3327,300.826850,9
3328,300.915430,9
3329,301.760880,12
3330,300.803570,9
3331,301.192630,10
3332,300.073450,10
3333,300.988040,10
3334,300.842700,11
3335,300.753500,8
3336,300.366200,9
3337,300.633130,11
3338,300.700160,12
3339,300.682680,7
3340,301.475910,14
3341,301.327830,15
3342,300.427720,14
3343,300.959480,13
3344,302.193400,17
3345,300.725150,14
3346,300.474220,13
3347,300.389310,14
3348,301.638490,14
3349,300.901530,13
3350,300.735760,13
3351,300.847110,13
3352,301.030070,14
3353,301.728480,12
3354,300.742970,11
3355,301.368000,12
3356,301.728760,14
3357,300.482940,18
3358,301.098650,9
3359,300.871010,10
3360,301.302050,17
3361,300.262280,13
3362,301.344520,13
3363,302.096460,17
3364,301.462770,15
3365,300.613560,11
3366,300.295310,11
3367,300.640700,10
3368,301.096140,13
3369,301.390110,14
3370,301.593260,11
3371,301.543990,15
3372,301.500580,10
3373,300.698520,9
3374,300.809320,9
3375,300.971970,13
3376,301.080120,10
3377,302.054810,15
3378,301.180940,5
3379,300.930780,10
3380,300.374910,15
3381,300.623320,12
3382,300.656670,11
3383,300.867150,10
3384,301.049700,12
3385,301.186110,9
3386,300.570450,13
3387,301.438110,14
3388,300.533540,12
3389,300.760020,13
3390,300.965580,12
3391,300.764090,12
3392,300.666790,11
3393,300.294970,14
3394,300.899420,8
3395,300.754410,9
3396,300.906280,11
3397,300.185350,14
3398,301.135860,10
3399,301.402560,11
3400,301.314410,17
3401,301.531840,18
3402,300.768820,12
3403,301.178350,18
3404,300.446630,17
3405,300.849680,15
3406,300.925160,16
3407,301.023400,14
3408,301.351880,11
3409,301.705670,16
3410,300.915710,17
3411,301.013630,16
3412,301.691630,15
3413,301.667490,13
3414,301.859620,13
3415,300.954460,15
3416,301.910790,13
3417,301.223460,12
3418,301.136940,13
3419,301.559240,14
3420,300.254670,11
3421,300.585990,8
3422,300.758260,13
3423,300.366080,9
3424,300.515000,11
3425,300.813560,10
3426,301.244360,5
3427,300.724780,12
3428,301.187930,10
3429,300.596910,10
3430,300.071050,12
3431,300.683130,13
3432,300.841080,11
3433,301.091960,13
3434,300.435450,11
3435,301.221410,11
3436,300.196910,12
3437,300.685810,9
3438,301.062890,13
3439,300.264960,11
3440,299.708360,12
3441,299.176790,13
3442,300.051620,12
3443,300.245640,13
3444,300.478050,12
3445,300.497360,14
3446,300.604570,14
3447,300.489030,13
3448,299.193890,14
3449,299.641380,13
3450,299.809680,9
3451,299.536300,9
3452,299.727810,13
3453,300.677800,13
3454,299.942770,8
3455,299.420880,14
3456,299.954160,12
3457,299.769920,11
3458,299.516050,12
3459,299.849170,12
3460,299.206530,14
3461,299.969360,9
3462,299.558940,7
3463,299.768120,12
3464,300.079940,9
3465,299.609180,10
3466,299.539960,10
3467,299.283870,13
3468,299.619270,7
3469,299.348480,8
3470,299.963300,17
3471,299.213600,14
3472,299.890320,14
3473,299.900560,15
3474,299.320520,18
3475,299.535040,12
3476,299.464200,14
3477,299.286660,15
3478,300.238400,14
3479,299.371350,14
3480,299.489900,14
3481,299.111120,10
3482,298.947400,14
3483,299.474530,13
3484,299.402200,13
3485,299.581250,13
3486,300.224670,9
3487,298.712720,19
3488,299.538780,13
3489,299.167960,12
3490,299.121180,11
3491,299.153460,11
3492,299.580280,12
3493,299.973810,12
3494,299.591100,13
3495,300.232900,11
3496,299.147090,11
3497,299.372420,11
3498,299.613960,16
3499,298.729330,14
3500,298.885000,10
3501,298.845590,8
3502,299.019310,12
3503,298.938580,8
3504,298.555430,9
3505,298.685220,5
3506,298.551850,8
3507,298.591500,5
3508,298.541630,6
3509,298.735040,10
3510,298.892480,14
3511,298.958830,16
3512,297.571920,13
3513,297.835510,14
3514,298.182440,14
3515,298.549570,13
3516,298.835570,16
3517,298.278490,14
3518,298.217290,16
3519,299.401640,16
3520,299.470650,17
3521,299.333070,18
3522,298.613020,10
3523,298.495560,15
3524,299.063060,11
3525,299.638130,12
3526,299.708480,14
3527,299.874330,12
3528,298.841800,17
3529,299.270830,17
3530,299.522630,16
3531,299.394310,12
3532,299.527030,13
3533,299.212710,14
3534,298.528110,13
3535,299.205840,17
3536,298.733960,12
3537,298.730110,13
3538,298.994220,15
3539,299.340520,13
3540,300.553470,11
3541,299.175420,12
3542,299.503570,11
3543,299.600080,9
3544,299.641080,11
3545,299.589620,9
3546,299.500520,12
3547,299.219040,13
3548,299.229690,11
3549,299.063220,10
3550,299.823530,13
3551,299.537790,14
3552,299.063500,11
3553,299.490700,18
3554,299.852580,15
3555,300.333520,14
3556,300.275590,9
3557,300.186620,12
3558,299.415170,15
3559,299.726190,14
3560,300.026970,16
3561,299.460170,12
3562,299.893520,14
3563,299.729660,15
3564,299.657950,10
3565,298.947120,12
3566,299.195990,14
3567,299.042200,9
3568,300.031850,12
3569,299.826290,10
3570,299.771760,10
3571,299.255720,10
3572,299.595440,8
3573,299.655810,9
3574,299.958760,12
3575,298.910340,12
3576,299.082420,11
3577,298.849020,13
3578,299.530730,13
3579,298.972380,10
3580,299.511200,12
3581,299.338770,10
3582,299.165950,11
3583,299.273020,8
3584,298.810140,10
3585,299.300260,12
3586,299.107100,7
3587,298.894280,10
3588,298.192100,10
3589,298.294450,8
3590,298.952150,12
3591,298.787920,13
3592,298.206540,17
3593,298.859330,12
3594,299.611060,15
3595,298.500530,11
3596,298.678790,14
3597,298.900600,13
3598,298.756100,18
3599,299.086560,14
3600,298.842350,10
3601,298.894510,16
3602,298.758690,11
3603,299.174380,14
3604,299.127220,16
3605,298.970860,16
3606,299.469220,11
3607,299.823960,15
3608,299.498670,11
3609,299.752670,14
3610,299.373560,14
3611,298.756250,15
3612,299.146280,15
3613,299.323540,14
3614,298.925180,15
3615,298.459540,15
3616,298.210850,16
3617,299.232250,13
3618,299.151030,13
3619,299.287490,14
3620,299.357130,13
3621,299.153300,14
3622,299.743030,13
3623,299.682720,13
3624,299.292890,13
3625,299.923080,16
3626,300.229330,10
3627,299.403880,9
3628,299.830980,14
3629,299.913200,13
3630,299.946890,13
3631,299.960350,11
3632,300.171550,11
3633,300.125670,8
3634,299.843580,16
3635,300.304650,15
3636,299.221660,10
3637,300.375750,13
3638,300.334310,11
3639,299.888650,12
3640,299.838330,15
3641,300.072560,15
3642,299.967440,11
3643,300.065440,13
3644,299.771850,11
3645,299.576690,12
3646,299.887580,15
3647,300.292150,12
3648,298.911220,13
3649,299.917640,9
3650,299.496940,7
3651,299.343260,12
3652,300.127200,8
3653,300.254200,8
3654,299.419330,9
3655,299.611040,8
3656,299.668190,11
3657,299.947210,10
3658,300.059580,9
3659,300.265910,9
3660,299.869050,15
3661,300.667500,14
3662,300.117760,14
3663,299.640310,14
3664,300.126320,14
3665,300.640170,14
3666,300.042730,16
3667,300.545630,13
3668,299.558570,16
3669,299.631550,14
3670,299.452780,14
3671,300.003360,15
3672,300.863970,13
3673,299.982470,10
3674,300.000150,15
3675,300.156630,15
3676,299.731950,15
3677,298.814290,14
3678,299.769750,11
3679,300.828470,14
3680,299.765230,17
3681,299.785340,14
3682,300.444420,16
3683,299.824830,19
3684,300.412280,16
3685,300.282980,13
3686,299.845240,15
3687,300.303040,18
3688,300.133730,18
3689,299.981490,16
3690,299.624070,17
3691,300.063460,12
3692,300.121180,15
3693,299.373680,10
3694,300.048510,15
3695,300.158220,13
3696,299.373820,16
3697,300.208450,14
3698,299.316380,14
3699,299.231500,15
3700,300.234880,13
3701,299.665260,13
3702,299.832230,11
3703,299.581150,12
3704,299.766350,10
3705,299.903900,7
3706,299.534210,10
3707,300.127600,11
3708,300.202010,13
3709,299.975390,12
3710,299.323500,12
3711,300.000410,12
3712,299.464900,16
3713,299.458980,12
3714,299.957700,11
3715,299.455660,14
3716,299.860160,10
3717,300.598310,16
3718,299.637950,14
3719,299.894790,16
3720,300.163330,11
3721,300.723770,16
3722,300.528770,13
3723,300.351110,12
3724,300.258790,15
3725,300.198970,13
3726,300.704590,10
3727,300.688660,14
3728,299.488210,11
3729,300.134580,12
3730,301.607670,17
3731,300.251140,14
3732,300.823160,9
3733,300.971120,12
3734,300.655840,15
3735,301.067410,15
3736,300.643690,13
3737,300.561050,15
3738,300.462010,15
3739,301.241940,13
3740,301.392760,10
3741,300.751780,10
3742,301.320990,13
3743,300.824380,12
3744,301.017430,14
3745,301.183160,13
3746,301.070620,11
3747,300.416240,13
3748,300.659610,9
3749,301.553900,14
3750,301.180610,13
3751,300.680840,12
3752,300.707550,10
3753,300.547840,11
3754,301.787390,12
3755,300.940570,11
3756,300.195810,11
3757,300.643710,9
3758,300.921090,11
3759,300.820570,14
3760,301.142210,12
3761,300.590270,13
3762,300.047300,12
3763,300.419590,14
3764,300.609350,10
3765,301.437970,14
3766,300.049140,15
3767,301.157060,13
3768,300.582190,9
3769,300.395970,13
3770,300.977790,12
3771,301.439640,11
3772,301.255320,15
3773,300.661980,13
3774,300.953320,13
3775,300.654150,15
3776,301.360830,10
3777,300.830550,11
3778,301.368770,9
3779,300.980620,11
3780,300.509330,17
3781,300.787830,15
3782,301.139290,15
3783,301.254060,16
3784,300.663690,15
3785,300.913380,14
3786,301.557300,14
3787,301.040780,17
3788,301.122020,14
3789,300.764840,13
3790,301.476580,9
3791,301.036130,7
3792,301.181900,11
3793,300.455420,10
3794,301.020890,8
3795,301.041930,12
3796,300.694890,12
3797,300.677740,13
3798,300.641490,12
3799,301.485230,10
3800,301.153860,8
3801,300.816800,13
3802,301.113530,12
3803,300.551420,10
3804,300.766950,9
3805,300.678880,9
3806,299.997170,14
3807,301.317070,10
3808,301.241230,11
3809,300.953770,10
3810,300.719420,12
3811,300.817410,16
3812,300.548570,13
3813,300.479490,14
3814,300.440600,14
3815,300.716300,14
3816,300.587030,15
3817,300.381120,14
3818,299.996210,15
3819,300.851010,12
3820,301.118450,17
3821,300.532640,15
3822,300.044390,14
3823,300.746140,11
3824,299.806020,14
3825,300.264490,12
3826,299.798550,11
3827,299.822090,15
3828,300.685440,18
3829,300.465540,15
3830,299.864530,12
3831,299.879120,12
3832,300.120050,7
3833,299.707340,12
3834,299.364650,12
3835,300.028920,12
3836,300.212570,9
3837,299.899510,10
3838,299.719000,12
3839,300.102950,12
3840,299.857220,14
3841,299.842340,12
3842,299.736240,11
3843,299.581180,11
3844,299.942960,13
3845,299.086510,13
3846,299.303580,12
3847,299.243470,11
3848,299.990320,10
3849,299.326300,11
3850,299.314540,12
3851,299.142240,15
3852,299.415850,15
3853,299.363830,14
3854,300.272230,14
3855,299.461700,12
3856,298.884890,18
3857,299.850140,14
3858,300.589540,15
3859,299.778750,14
3860,299.521220,17
3861,299.251520,16
3862,299.648270,15
3863,300.098340,17
3864,299.487950,13
3865,300.079630,13
3866,299.242810,17
3867,299.197630,13
3868,299.278280,16
3869,298.684560,17
3870,298.809040,13
3871,298.468930,10
3872,299.191680,12
3873,298.917340,10
3874,298.048300,12
3875,298.467080,12
3876,298.590410,11
3877,298.509730,14
3878,298.051230,13
3879,298.018740,12
3880,298.438180,14
3881,298.766160,12
3882,298.570340,15
3883,297.822460,17
3884,299.221030,15
3885,299.084000,16
3886,298.441410,15
3887,298.229810,15
3888,299.218600,14
3889,298.345210,14
3890,298.798890,13
3891,298.712200,10
3892,299.021190,12
3893,298.371330,13
3894,298.766640,13
3895,299.083810,12
3896,299.468460,14
3897,299.391120,18
3898,299.197230,15
3899,298.597320,14
3900,298.005320,13
3901,298.778120,12
3902,298.624980,14
3903,298.911090,14
3904,299.239440,9
3905,298.948380,14
3906,298.436120,11
3907,298.069080,13
3908,298.209640,13
3909,298.093230,13
3910,297.743510,16
3911,299.455140,18
3912,298.434640,15
3913,299.086870,14
3914,298.396270,16
3915,298.342300,15
3916,298.143580,15
3917,297.603080,17
3918,297.806040,15
3919,298.767480,14
3920,297.929100,13
3921,298.781400,12
3922,297.713150,12
3923,298.090820,10
3924,298.086930,10
3925,298.309200,12
3926,298.172780,13
3927,298.100070,15
3928,298.247740,10
3929,298.829110,13
3930,299.218240,12
3931,298.538130,12
3932,299.356600,9
3933,298.717050,12
3934,299.296360,14
3935,299.378210,11
3936,298.784430,16
3937,299.233010,8
3938,299.196040,9
3939,299.580530,11
3940,299.179170,13
3941,299.169630,13
3942,299.029690,14
3943,299.442880,15
3944,299.452610,14
3945,298.917380,14
3946,299.545060,13
3947,298.880870,15
3948,298.762560,14
3949,299.646910,13
3950,299.969210,10
3951,299.828140,13
3952,299.354120,12
3953,299.574000,14
3954,299.494080,13
3955,300.519320,14
3956,300.084410,10
3957,299.775060,13
3958,300.116970,13
3959,299.712350,10
3960,299.977180,16
3961,300.113880,16
3962,300.712370,12
3963,299.755540,14
3964,300.644100,11
3965,299.712770,12
3966,300.056010,14
3967,300.285100,12
3968,301.014330,12
3969,299.983260,13
3970,300.799580,14
3971,300.791640,14
3972,301.271380,15
3973,301.174340,14
3974,301.532510,14
3975,301.809730,13
3976,301.941580,13
3977,301.813210,11
3978,300.686360,16
3979,300.999370,13
3980,300.645560,8
3981,301.145470,14
3982,300.935710,9
3983,300.709950,13
3984,300.644990,9
3985,300.834620,13
3986,301.606750,10
3987,301.218400,12
3988,301.032160,12
3989,300.868960,10
3990,300.391070,12
3991,300.488990,12
3992,301.099530,14
3993,300.928790,13
3994,300.824470,16
3995,301.027470,12
3996,300.979810,12
3997,301.276760,13
3998,301.164940,15
3999,300.440660,13
4000,300.113610,16
4001,299.834140,14
4002,300.296960,13
4003,300.653940,13
4004,301.016640,12
4005,300.477760,14
4006,300.342920,11
4007,300.213450,15
4008,299.691950,13
4009,300.452300,13
4010,300.366220,18
4011,299.997090,12
4012,300.709530,15
4013,299.957910,14
4014,301.524960,13
4015,300.767620,16
4016,301.051980,15
4017,300.247660,14
4018,301.030370,16
4019,300.573060,13
4020,300.444630,10
4021,300.716690,10
4022,301.009570,10
4023,300.214060,14
4024,300.978750,11
4025,300.561380,9
4026,300.821770,9
4027,300.876040,11
4028,300.567240,11
4029,300.308930,14
4030,299.475170,14
4031,300.055570,14
4032,299.531710,13
4033,299.695800,14
4034,300.060330,17
4035,300.073460,16
4036,300.243070,16
4037,300.134240,16
4038,300.368260,14
4039,300.117000,16
4040,299.626880,12
4041,299.743870,10
4042,299.662190,14
4043,299.706490,5
4044,299.849540,8
4045,300.274650,11
4046,299.434720,13
4047,300.152010,10
4048,300.034880,12
4049,299.809000,10
4050,299.260670,14
4051,298.739180,18
4052,300.057460,15
4053,300.042330,14
4054,299.042760,16
4055,299.337260,12
4056,299.953870,14
4057,299.231850,15
4058,298.955710,13
4059,298.996620,14
4060,298.864880,12
4061,299.225700,13
4062,299.106600,12
4063,297.753080,12
4064,298.642490,12
4065,299.211180,13
4066,299.313280,14
4067,299.415220,13
4068,299.182060,12
4069,298.995280,11
4070,298.156660,12
4071,299.458290,9
4072,299.547170,15
4073,299.022120,12
4074,299.289230,12
4075,299.454500,13
4076,299.579180,15
4077,299.012640,14
4078,298.904080,12
4079,298.836060,10
4080,299.016530,10
4081,299.127930,11
4082,299.744710,13
4083,298.506500,13
4084,298.546260,13
4085,298.497050,13
4086,299.743420,12
4087,298.854360,10
4088,298.622260,15
4089,299.313530,12
4090,299.912540,12
4091,299.842610,14
4092,300.471120,13
4093,299.656590,15
4094,299.428800,9
4095,300.899180,14
4096,299.798810,15
4097,299.729410,14
4098,299.664360,12
4099,300.482980,13
4100,299.503080,16
4101,299.845590,14
4102,299.072850,16
4103,299.999360,13
4104,298.931160,15
4105,300.124620,13
4106,299.836940,15
4107,299.101310,16
4108,298.982540,16
4109,299.411520,12
4110,299.249410,15
4111,300.066950,8
4112,300.022280,11
4113,299.951420,9
4114,299.419120,8
4115,300.118100,10
4116,299.345740,10
4117,298.819850,11
4118,298.848150,14
4119,299.492290,10
4120,299.202610,14
4121,300.007920,14
4122,299.551150,11
4123,298.881420,14
4124,299.490630,12
4125,300.305540,16
4126,298.919090,14
4127,299.166370,13
4128,299.201410,12
4129,299.921510,11
4130,300.086300,11
4131,299.693090,16
4132,301.019980,13
4133,300.259880,13
4134,299.954020,13
4135,300.177170,11
4136,299.605650,15
4137,299.557240,10
4138,300.078620,13
4139,300.002980,12
4140,300.452260,11
4141,301.150080,13
4142,300.648740,8
4143,301.046210,12
4144,300.459430,15
4145,300.322410,11
4146,300.240300,12
4147,301.084130,10
4148,300.842050,8
4149,300.417670,12
4150,300.598770,16
4151,300.402020,14
4152,300.899200,15
4153,300.273810,10
4154,300.219430,14
4155,299.900750,12
4156,300.587910,13
4157,299.580810,14
4158,299.589040,11
4159,300.784440,15
4160,300.177440,9
4161,299.885070,9
4162,299.586290,8
4163,299.660760,9
4164,299.516260,7
4165,299.926160,10
4166,299.045830,8
4167,299.563710,12
4168,299.874150,8
4169,299.373300,8
4170,299.397560,14
4171,299.759640,15
4172,299.450200,9
4173,299.960510,12
4174,299.838770,12
4175,299.398390,13
4176,299.324970,14
4177,298.662170,15
4178,299.816320,11
4179,299.676070,15
4180,298.661880,15
4181,299.764190,12
4182,299.215040,13
4183,299.413450,15
4184,300.059830,15
4185,299.406540,15
4186,299.721770,14
4187,300.353990,16
4188,299.085600,13
4189,299.427810,14
4190,299.465470,11
4191,299.492250,16
4192,299.768680,11
4193,299.313980,11
4194,299.398030,12
4195,299.196880,10
4196,299.429520,12
4197,299.312600,9
4198,299.777950,12
4199,298.989800,17
4200,298.760390,14
4201,299.395090,13
4202,299.219670,12
4203,299.239340,12
4204,299.228960,14
4205,299.014290,13
4206,299.611690,11
4207,298.400340,13
4208,299.530570,13
4209,298.534910,12
4210,299.408910,16
4211,298.862190,12
4212,298.339510,15
4213,298.872530,12
4214,299.627830,20
4215,298.221670,13
4216,299.004570,17
4217,298.926130,13
4218,297.975620,17
4219,298.797620,17
4220,298.666360,13
4221,299.037850,17
4222,298.700180,14
4223,299.111320,15
4224,298.950440,14
4225,298.837700,10
4226,298.723780,18
4227,298.757960,12
4228,298.802560,15
4229,299.166400,13
4230,298.743440,15
4231,299.999390,15
4232,299.298020,15
4233,299.408690,14
4234,299.013170,13
4235,299.255850,15
4236,298.905520,15
4237,299.780830,12
4238,299.652980,15
4239,299.573810,16
4240,299.217640,13
4241,299.365580,13
4242,299.300660,14
4243,299.519330,15
4244,298.468160,12
4245,298.608440,11
4246,299.723780,18
4247,299.733310,13
4248,299.304450,13
4249,299.631980,11
4250,299.065450,12
4251,300.053420,14
4252,299.889160,12
4253,299.425780,10
4254,299.266840,14
4255,299.564960,12
4256,299.431720,14
4257,299.009650,14
4258,299.139280,15
4259,300.019970,12
4260,300.367980,13
4261,300.272540,16
4262,300.461340,17
4263,300.220960,16
4264,300.067480,15
4265,299.947310,13
4266,299.866920,16
4267,299.692090,13
4268,299.563960,13
4269,299.439820,13
4270,299.261710,13
4271,299.312840,18
4272,299.275130,9
4273,300.136860,12
4274,299.930610,14
4275,299.045890,12
4276,300.039120,15
4277,299.216770,14
4278,300.020020,16
4279,299.649290,13
4280,299.746450,9
4281,299.316390,11
4282,298.755750,12
4283,298.287390,11
4284,299.042910,15
4285,299.918890,13
4286,298.905270,10
4287,299.729720,13
4288,299.211240,11
4289,299.004290,11
4290,299.796870,10
4291,298.949360,10
4292,299.677700,14
4293,299.295710,10
4294,298.887480,12
4295,299.324530,11
4296,299.344080,9
4297,299.503880,11
4298,298.936190,12
4299,299.883510,12
4300,299.167820,9
4301,298.811260,10
4302,299.224810,9
4303,298.885850,10
4304,299.319860,12
4305,299.693710,9
4306,299.732160,12
4307,298.983390,14
4308,299.616310,10
4309,299.026560,12
4310,298.515850,16
4311,299.274810,18
4312,299.514220,15
4313,298.864890,19
4314,299.591230,9
4315,299.767460,13
4316,299.223160,13
4317,299.378660,16
4318,299.556930,15
4319,299.780010,12
4320,298.952290,10
4321,300.022990,12
4322,299.775150,12
4323,299.631710,10
4324,299.474760,11
4325,299.578590,9
4326,299.038360,10
4327,298.845040,12
4328,299.896140,11
4329,299.322680,8
4330,299.176530,13
4331,299.504660,13
4332,299.363990,14
4333,299.485760,11
4334,299.139790,10
4335,299.224310,15
4336,299.397150,13
4337,299.283540,16
4338,298.945300,9
4339,299.335870,10
4340,299.895340,13
4341,299.466600,8
4342,300.260910,12
4343,300.333560,13
4344,299.957450,13
4345,299.840070,12
4346,299.490540,10
4347,299.852110,11
4348,299.534680,16
4349,299.129580,11
4350,299.491660,14
4351,299.743250,15
4352,299.330480,15
4353,299.535680,18
4354,299.314290,17
4355,299.173030,16
4356,299.796940,15
4357,299.418380,17
4358,298.749500,17
4359,299.408220,15
4360,299.160050,11
4361,299.210700,14
4362,299.003590,12
4363,299.146960,9
4364,298.823530,13
4365,299.051310,16
4366,298.944070,9
4367,298.709480,11
4368,298.690190,13
4369,299.044310,13
4370,299.896860,10
4371,299.366260,10
4372,299.915780,10
4373,299.140660,10
4374,299.524830,9
4375,299.092820,9
4376,299.130150,8
4377,300.103990,14
4378,298.273850,10
4379,300.278290,11
4380,300.157200,9
4381,300.722650,14
4382,300.208740,9
4383,300.681660,12
4384,300.102640,13
4385,299.701810,12
4386,300.522810,11
4387,300.634280,13
4388,300.800750,8
4389,300.186230,13
4390,300.859750,14
4391,300.300890,15
4392,300.566340,14
4393,300.939660,17
4394,300.040760,15
4395,299.754040,16
4396,300.101660,16
4397,300.346490,13
4398,300.474800,15
4399,300.137160,18
4400,299.751180,12
4401,300.355080,7
4402,300.089360,13
4403,300.633790,12
4404,300.061500,10
4405,300.600280,11
4406,300.165350,13
4407,300.595090,12
4408,300.657790,10
4409,300.308330,10
4410,301.119660,19
4411,300.406830,16
4412,300.710490,14
4413,300.123300,13
4414,299.946330,17
4415,299.936000,17
4416,299.819480,13
4417,300.087040,15
4418,300.439440,17
4419,300.654210,17
4420,301.108330,15
4421,301.268810,10
4422,300.179780,10
4423,300.841490,10
4424,300.920350,11
4425,300.097730,10
4426,300.348090,10
4427,299.948720,10
4428,300.518340,8
4429,300.399250,8
4430,299.413070,20
4431,299.708470,14
4432,300.613960,17
4433,299.813870,16
4434,300.058050,15
4435,300.955540,18
4436,299.638560,12
4437,299.461900,16
4438,300.439820,15
4439,300.647740,17
4440,299.806870,15
4441,300.673040,14
4442,299.972640,14
4443,300.448130,10
4444,299.894870,13
4445,299.564940,14
4446,299.674040,13
4447,299.336990,15
4448,300.451670,12
4449,299.256330,18
4450,298.934110,12
4451,299.555360,12
4452,299.922540,12
4453,299.405490,13
4454,299.959030,18
4455,299.775890,13
4456,299.075090,10
4457,300.142750,17
4458,299.172700,12
4459,298.821870,14
4460,298.821490,14
4461,299.883160,14
4462,299.894340,14
4463,299.928950,13
4464,299.649830,12
4465,299.128620,18
4466,299.421830,12
4467,299.060690,13
4468,299.803010,19
4469,300.116880,13
4470,300.396470,14
4471,299.532070,15
4472,300.586000,10
4473,300.848210,14
4474,300.644710,12
4475,299.576170,14
4476,300.448220,15
4477,299.482840,13
4478,299.617730,14
4479,299.797270,14
4480,299.499780,14
4481,300.095120,12
4482,300.347290,15
4483,300.042930,14
4484,299.917430,9
4485,299.913630,13
4486,300.058170,15
4487,300.487980,13
4488,299.235080,12
4489,300.581860,15
4490,301.011800,14
4491,300.328230,12
4492,300.799320,13
4493,300.077280,12
4494,299.981610,14
4495,301.085660,12
4496,300.455540,17
4497,300.486490,10
4498,300.598970,12
4499,300.492800,11
4500,301.172390,8
4501,301.046380,12
4502,301.003720,14
4503,300.983250,11
4504,300.707880,14
4505,300.184180,15
4506,301.215160,11
4507,300.377820,13
4508,300.888440,11
4509,301.316340,14
4510,300.612490,9
4511,300.663560,9
4512,300.758910,10
4513,300.614950,10
4514,300.997440,11
4515,301.007890,13
4516,301.356890,12
4517,300.813990,9
4518,300.305950,11
4519,300.811610,10
4520,300.736000,16
4521,300.700950,17
4522,301.385960,13
4523,301.316230,16
4524,301.187600,15
4525,300.708880,17
4526,300.636530,15
4527,300.728070,15
4528,300.753080,17
4529,300.917760,14
4530,301.572080,12
4531,301.228420,15
4532,301.756810,16
4533,301.299350,12
4534,301.150050,10
4535,300.657260,16
4536,300.969670,11
4537,301.231970,14
4538,300.699950,15
4539,301.234150,12
4540,301.316360,10
4541,300.963270,15
4542,301.162360,13
4543,301.456900,13
4544,301.805900,15
4545,300.588850,14
4546,301.002120,13
4547,300.994880,12
4548,300.828260,12
4549,301.658180,14
4550,301.134220,19
4551,301.636650,17
4552,301.531480,14
4553,301.342650,15
4554,301.042720,17
4555,301.588400,16
4556,301.278840,16
4557,300.839600,18
4558,301.728990,19
4559,301.863040,16
4560,301.552020,12
4561,301.218540,13
4562,301.256970,12
4563,301.831450,13
4564,301.585790,12
4565,301.554020,15
4566,302.284280,15
4567,301.843670,12
4568,301.460950,11
4569,302.471930,15
4570,301.372760,14
4571,301.848260,9
4572,301.662860,14
4573,301.888610,10
4574,301.930690,12
4575,301.949230,14
4576,302.082470,15
4577,302.040070,9
4578,302.629060,14
4579,301.459800,11
4580,302.206120,13
4581,301.993500,12
4582,301.900240,15
4583,302.130420,15
4584,301.214420,15
4585,301.524090,11
4586,301.459210,16
4587,301.931050,13
4588,300.973900,17
4589,301.234050,15
4590,300.804110,14
4591,300.984640,12
4592,301.554170,15
4593,302.247000,9
4594,301.397940,14
4595,301.859090,10
4596,301.506180,8
4597,301.237700,12
4598,301.554880,14
4599,301.357530,8
4600,301.643860,12
4601,301.486360,14
4602,301.033180,9
4603,300.856320,11
4604,300.820380,7
4605,300.942660,11
4606,300.845810,14
4607,301.577680,9
4608,301.578170,14
4609,300.597610,13
4610,302.008360,11
4611,301.452840,12
4612,302.222080,15
4613,301.220330,12
4614,301.146900,14
4615,301.244380,12
4616,301.831450,11
4617,301.565760,15
4618,301.187020,11
4619,301.270100,14
4620,301.661570,12
4621,302.852180,16
4622,302.387440,15
4623,302.761580,12
4624,302.298660,15
4625,301.024080,15
4626,302.013560,17
4627,302.633360,14
4628,301.618400,13
4629,302.379840,14
4630,302.442330,17
4631,302.473950,13
4632,302.210630,9
4633,301.613940,13
4634,301.670580,12
4635,302.581290,9
4636,302.637300,11
4637,301.397060,15
4638,302.460320,11
4639,301.586290,13
4640,302.132470,13
4641,302.280580,17
4642,301.737400,14
4643,302.669450,17
4644,301.771560,19
4645,301.737720,15
4646,302.005830,13
4647,302.638790,15
4648,301.333190,17
4649,301.275790,16
4650,301.891390,15
4651,302.947270,11
4652,301.816770,15
4653,302.017090,15
4654,302.067630,14
4655,302.319270,13
4656,302.293680,15
4657,302.303440,14
4658,302.376530,17
4659,302.765970,14
4660,301.628160,10
4661,302.095890,16
4662,301.694190,15
4663,302.246590,15
4664,302.260380,16
4665,301.955210,11
4666,302.601010,12
4667,301.893050,15
4668,301.590430,12
4669,301.855950,15
4670,302.694120,18
4671,302.048550,14
4672,302.812730,18
4673,303.266410,17
4674,302.800080,15
4675,302.458710,16
4676,301.981150,14
4677,302.121840,15
4678,301.933570,18
4679,301.365210,17
4680,301.846780,14
4681,300.960040,15
4682,301.905920,14
4683,301.413080,14
4684,301.226970,13
4685,301.646950,13
4686,301.623570,13
4687,301.537700,13
4688,301.431550,13
4689,301.786210,11
4690,301.272730,11
4691,301.039750,14
4692,301.483280,10
4693,302.036510,13
4694,301.165370,14
4695,301.668970,9
4696,302.253840,14
4697,301.717990,12
4698,301.640310,11
4699,301.862290,13
4700,301.810170,11
4701,300.902720,8
4702,301.400810,7
4703,301.657380,10
4704,300.949430,10
4705,301.070750,10
4706,301.044720,9
4707,302.016410,7
4708,301.361240,9
4709,301.905500,8
4710,301.958340,16
4711,301.780590,16
4712,302.002830,13
4713,301.308660,14
4714,302.352580,16
4715,301.959620,13
4716,301.627180,13
4717,302.048750,16
4718,301.204960,16
4719,301.766800,14
4720,301.565420,12
4721,301.702950,13
4722,301.452690,12
4723,301.385310,11
4724,301.780550,13
4725,302.547360,12
4726,301.696160,9
4727,302.094940,14
4728,302.372110,11
4729,301.697070,10
4730,301.069930,16
4731,301.766720,12
4732,301.718780,13
4733,301.345600,13
4734,301.686630,13
4735,301.170730,17
4736,302.353880,16
4737,302.876930,14
4738,302.440920,14
4739,301.881610,9
4740,301.947160,14
4741,302.501850,15
4742,301.309770,14
4743,302.240090,8
4744,301.996450,16
4745,301.610800,14
4746,302.619390,14
4747,301.991830,12
4748,301.522750,13
4749,302.170280,13
4750,301.507660,16
4751,301.968400,16
4752,301.113740,16
4753,301.245700,14
4754,301.661170,16
4755,302.438200,17
4756,302.187190,13
4757,302.234480,16
4758,301.836250,17
4759,301.669450,15
4760,301.218900,18
4761,301.232180,13
4762,300.678120,18
4763,301.853990,14
4764,302.230780,18
4765,301.577560,14
4766,302.101370,15
4767,301.022510,14
4768,302.073630,17
4769,301.514830,17
4770,300.967360,14
4771,301.496080,9
4772,301.821320,13
4773,301.188320,12
4774,301.688180,8
4775,300.519830,15
4776,301.466870,12
4777,301.187290,11
4778,300.855470,14
4779,301.116670,14
4780,300.522230,13
4781,300.688550,17
4782,300.405750,14
4783,301.476080,15
4784,300.749050,11
4785,301.145880,14
4786,301.352230,14
4787,300.832620,12
4788,300.994010,15
4789,300.625350,14
4790,300.797910,11
4791,301.149920,12
4792,300.771680,10
4793,300.597640,7
4794,300.666870,9
4795,300.084580,11
4796,300.905630,5
4797,300.338230,11
4798,300.670940,11
4799,300.377810,7
4800,300.227590,10
4801,301.318530,13
4802,300.809130,11
4803,300.905790,13
4804,300.534740,15
4805,300.894720,15
4806,300.795600,10
4807,300.865720,14
4808,300.347460,13
4809,299.990680,13
4810,300.804870,13
4811,301.223270,15
4812,300.279840,14
4813,300.084050,15
4814,300.188700,14
4815,301.144060,13
4816,301.309360,14
4817,300.354040,12
4818,300.398240,13
4819,300.900470,17
4820,301.780890,16
4821,301.235160,13
4822,300.411410,15
4823,300.604670,14
4824,301.067330,19
4825,300.594710,17
4826,300.831380,19
4827,300.578260,18
4828,301.254460,15
4829,300.783800,19
4830,301.580700,10
4831,301.788510,10
4832,300.110860,9
4833,301.062720,12
4834,300.539020,10
4835,300.614800,12
4836,300.800660,12
4837,300.950960,8
4838,300.795300,12
4839,300.256720,15
4840,300.501750,8
4841,300.286100,12
4842,300.555580,12
4843,301.327680,11
4844,301.221760,12
4845,300.874080,11
4846,301.000640,10
4847,300.912650,12
4848,301.043740,9
4849,300.743940,12
4850,300.054840,12
4851,300.299060,10
4852,300.880550,13
4853,300.559880,13
4854,300.550790,13
4855,300.259160,10
4856,300.208960,12
4857,300.270380,13
4858,300.685480,15
4859,300.694330,12
4860,299.477590,9
4861,299.633410,9
4862,299.612900,10
4863,299.556040,12
4864,299.949110,9
4865,299.594990,9
4866,299.191390,13
4867,300.573180,12
4868,299.687980,12
4869,299.767450,9
4870,300.171410,16
4871,299.926420,11
4872,300.307470,12
4873,299.564210,14
4874,300.630950,12
4875,300.025880,10
4876,299.934340,13
4877,300.102530,14
4878,300.802570,13
4879,300.215250,13
4880,299.051800,16
4881,299.649240,16
4882,300.819660,16
4883,300.356250,13
4884,300.232140,19
4885,299.857780,15
4886,300.447510,19
4887,299.904520,19
4888,298.951990,17
4889,300.175620,17
4890,300.110630,13
4891,300.316300,13
4892,300.431350,12
4893,300.440140,13
4894,299.562030,11
4895,299.766400,13
4896,299.961790,10
4897,299.401230,13
4898,299.484270,11
4899,299.909820,11
4900,299.804060,11
4901,298.708860,18
4902,300.552670,14
4903,299.976570,11
4904,300.441030,15
4905,299.933660,13
4906,300.028910,12
4907,299.298570,12
4908,299.633900,9
4909,299.870230,15
4910,300.020350,19
4911,300.302380,16
4912,300.262410,14
4913,298.391080,16
4914,300.926330,19
4915,299.556780,15
4916,300.613490,18
4917,300.762130,19
4918,298.779880,18
4919,299.959030,12
4920,300.297300,14
4921,300.545570,14
4922,300.142370,14
4923,300.872880,18
4924,299.994260,12
4925,300.707920,14
4926,300.729630,16
4927,300.404660,14
4928,300.593530,18
4929,300.192430,10
4930,300.003820,14
4931,299.875890,13
4932,300.324110,13
4933,300.098730,12
4934,300.393750,9
4935,300.082520,10
4936,300.518390,11
4937,300.973710,10
4938,300.012410,13
4939,300.453170,14
4940,300.866440,15
4941,300.647500,13
4942,300.494080,15
4943,300.528290,14
4944,300.796480,12
4945,300.817550,12
4946,300.527530,16
4947,300.891940,14
4948,301.106700,16
4949,300.380520,17
4950,301.205520,12
4951,300.722330,10
4952,300.941170,11
4953,300.670320,12
4954,301.435190,12
4955,301.046080,14
4956,300.937120,10
4957,300.713390,14
4958,300.990060,12
4959,300.870410,10
4960,300.731430,12
4961,301.504200,10
4962,301.551680,12
4963,300.733340,12
4964,300.728540,11
4965,301.965850,11
4966,300.789840,10
4967,301.114250,13
4968,300.897730,9
4969,300.464770,9
4970,300.318930,18
4971,301.113250,13
4972,300.745110,17
4973,300.783870,12
4974,299.900720,18
4975,300.917620,12
4976,301.050280,14
4977,300.217590,17
4978,300.301390,15
4979,299.976700,13
4980,299.997330,10
4981,300.256640,9
4982,299.737980,13
4983,300.019370,10
4984,300.677660,13
4985,301.079430,15
4986,300.157390,11
4987,300.503370,11
4988,299.858710,11
4989,300.182270,11
4990,299.914300,11
4991,299.806560,16
4992,300.409710,17
4993,299.453470,15
4994,300.336870,16
4995,300.375640,18
4996,300.030030,15
4997,299.947800,15
4998,299.909730,16
4999,300.313910,17
5000,300.133410,12
5001,300.637180,15
5002,300.604440,14
5003,300.703310,11
5004,300.595590,10
5005,301.082750,12
5006,300.460240,13
5007,301.627890,16
5008,300.931910,12
5009,300.980330,9
5010,300.143000,12
5011,300.357880,12
5012,299.671480,13
5013,300.849630,12
5014,300.981370,12
5015,300.287000,13
5016,299.910010,10
5017,300.985760,14
5018,300.294950,11
5019,300.532690,12
5020,299.426020,19
5021,300.714900,18
5022,299.754110,18
5023,300.684380,14
5024,300.937550,20
5025,300.456430,17
5026,300.670120,16
5027,299.366390,19
5028,299.518760,17
5029,299.961500,17
5030,300.143480,11
5031,300.641130,11
5032,300.733300,10
5033,301.153270,9
5034,299.890340,11
5035,300.515920,13
5036,300.140290,11
5037,300.364820,11
5038,300.077320,12
5039,299.840810,11
5040,300.484000,11
5041,299.589800,14
5042,299.768620,13
5043,300.429030,15
5044,300.003820,12
5045,300.574430,10
5046,300.044240,15
5047,300.583310,11
5048,300.370510,15
5049,300.415840,13
5050,300.214070,14
5051,300.999170,10
5052,300.823730,8
5053,300.107120,10
5054,300.804180,12
5055,300.250890,8
5056,300.440000,8
5057,300.965860,6
5058,299.695470,17
5059,300.672650,11
5060,300.608420,13
5061,300.781950,11
5062,300.209160,10
5063,299.943290,10
5064,300.596710,9
5065,300.350400,13
5066,299.877670,15
5067,300.707710,9
5068,300.614260,13
5069,299.885280,13
5070,300.069230,12
5071,300.099380,10
5072,299.529960,9
5073,299.963950,12
5074,299.037320,11
5075,298.889600,11
5076,299.471820,7
5077,299.964850,10
5078,299.921570,9
5079,299.550110,10
5080,300.382240,9
5081,299.873070,8
5082,299.944800,11
5083,300.410960,11
5084,299.551600,13
5085,299.423710,12
5086,300.117520,12
5087,300.667770,10
5088,300.323520,10
5089,300.191300,15
5090,300.243510,10
5091,299.375180,10
5092,299.567580,9
5093,299.672960,11
5094,299.905890,10
5095,299.294840,9
5096,299.764140,13
5097,299.516700,10
5098,299.374230,11
5099,299.778400,12
5100,299.045180,17
5101,299.661300,13
5102,300.294460,17
5103,300.503450,19
5104,299.544070,16
5105,300.272200,17
5106,299.713820,16
5107,300.082560,17
5108,299.459950,14
5109,300.323210,17
5110,300.104090,9
5111,299.883680,13
5112,300.075820,9
5113,299.502110,13
5114,300.353360,9
5115,300.339870,10
5116,300.588620,10
5117,300.325480,10
5118,299.889010,15
5119,299.702280,11
5120,300.222190,13
5121,299.670880,15
5122,301.551980,17
5123,299.942120,10
5124,300.068780,17
5125,299.781440,12
5126,300.333280,15
5127,299.687920,17
5128,300.292360,14
5129,300.326760,13
5130,301.060420,17
5131,301.269810,12
5132,300.561260,14
5133,300.600100,11
5134,300.488760,12
5135,300.013120,13
5136,300.529950,12
5137,300.599350,13
5138,300.325960,12
5139,301.060600,9
5140,301.095400,15
5141,301.536400,16
5142,301.482790,14
5143,301.810180,16
5144,300.854690,15
5145,301.995020,15
5146,301.385880,16
5147,300.713350,14
5148,300.361150,17
5149,300.836200,14
5150,300.730310,11
5151,300.027470,9
5152,300.172300,10
5153,300.051590,10
5154,299.958140,14
5155,300.534810,10
5156,300.369360,9
5157,300.304280,12
5158,300.611890,12
5159,300.695340,7
5160,300.258350,11
5161,300.471060,16
5162,299.626500,11
5163,299.882610,11
5164,300.635760,10
5165,300.511220,14
5166,300.426470,10
5167,299.453730,12
5168,299.898140,13
5169,300.213690,14
5170,300.143580,14
5171,299.631590,12
5172,299.259190,14
5173,299.718410,12
5174,300.650630,13
5175,299.100800,12
5176,299.396390,11
5177,299.586950,13
5178,299.220020,14
5179,299.883880,11
5180,299.875470,16
5181,299.652520,14
5182,299.834870,14
5183,299.815580,14
5184,299.473410,15
5185,300.318290,13
5186,300.941320,13
5187,299.847730,12
5188,300.473320,12
5189,300.803040,13
5190,300.284880,15
5191,299.950920,10
5192,300.605290,12
5193,300.591340,11
5194,300.838780,11
5195,300.055480,11
5196,300.486450,9
5197,300.174680,7
5198,300.177790,10
5199,300.727630,12
5200,300.727630,0
