step,price,volume
0,300.373670,14
1,301.127620,15
2,300.424590,14
3,300.907450,16
4,300.589330,10
5,300.358430,11
6,300.214340,12
7,300.264740,8
8,300.758060,13
9,300.995610,13
10,300.687630,14
11,300.407290,16
12,299.513060,13
13,299.989190,16
14,300.402850,12
15,300.686530,18
16,300.666900,15
17,300.748860,13
18,299.743640,14
19,300.064520,18
20,300.306510,12
21,301.132630,16
22,300.978680,11
23,300.633840,13
24,300.104400,13
25,301.277170,12
26,300.432720,16
27,300.950260,11
28,300.666390,15
29,301.109270,13
30,301.016550,14
31,300.788990,12
32,300.987240,12
33,300.398370,12
34,301.007780,12
35,301.114930,11
36,300.998150,13
37,301.003130,10
38,300.492020,15
39,301.256800,13
40,300.625380,11
41,300.964520,12
42,300.902720,15
43,301.027670,16
44,300.881610,14
45,300.574480,12
46,300.581140,14
47,300.992570,12
48,300.601890,16
49,300.813520,9
50,300.666210,13
51,301.198910,12
52,300.587850,11
53,301.024300,11
54,300.929960,10
55,300.948900,14
56,300.670550,8
57,300.195290,9
58,301.063330,8
59,301.208430,8
60,300.969190,15
61,300.690830,17
62,300.709200,12
63,300.342330,14
64,300.582040,12
65,300.940580,11
66,300.606220,16
67,300.773120,14
68,301.134330,15
69,301.709060,13
70,301.607860,8
71,301.746410,5
72,301.627020,9
73,301.742980,10
74,301.686350,7
75,301.474650,7
76,301.294410,9
77,301.109080,6
78,301.371010,8
79,301.302560,8
80,302.218640,12
81,301.727270,8
82,301.788130,12
83,302.248530,11
84,302.335690,10
85,301.357880,10
86,301.495240,13
87,301.550430,10
88,302.192100,9
89,301.385580,13
90,300.970380,9
91,301.008300,7
92,301.738580,16
93,301.623100,9
94,301.225350,8
95,301.046030,13
96,301.380820,9
97,301.046040,6
98,301.805360,11
99,301.793590,11
100,302.072930,11
101,300.909770,13
102,300.826620,15
103,301.084510,11
104,301.896920,13
105,301.989050,17
106,302.123590,12
107,301.318990,11
108,300.579830,16
109,301.868450,11
110,302.017240,10
111,301.787410,11
112,302.148180,14
113,302.361120,12
114,301.543210,13
115,301.463680,13
116,302.731330,15
117,301.599110,13
118,302.020170,14
119,301.442730,15
120,303.059310,15
121,301.848650,15
122,303.199050,13
123,301.878400,13
124,303.302090,15
125,302.903840,13
126,303.031180,13
127,303.172210,15
128,302.067090,14
129,302.053240,10
130,303.290700,10
131,303.012550,11
132,302.682740,14
133,302.894030,9
134,302.478860,11
135,302.668230,9
136,303.327450,17
137,303.251810,13
138,303.280440,14
139,303.537220,13
140,303.052940,10
141,302.850370,11
142,303.050200,12
143,302.681350,12
144,303.465320,10
145,302.901060,14
146,303.140420,12
147,303.451480,11
148,304.011650,13
149,303.307290,10
150,302.659590,10
151,302.536390,11
152,302.545480,11
153,302.616490,11
154,303.545960,9
155,302.714720,11
156,302.861020,11
157,302.853730,11
158,303.457630,13
159,302.566660,9
160,302.590530,8
161,302.935170,10
162,302.116630,11
163,302.764950,11
164,302.524190,9
165,302.718080,8
166,302.989900,9
167,302.802800,9
168,302.503100,9
169,302.245050,11
170,302.594900,14
171,302.537110,13
172,302.549390,11
173,303.107450,16
174,302.510010,15
175,301.956090,14
176,302.992930,15
177,302.011820,15
178,302.700080,12
179,302.414040,11
180,302.380700,17
181,302.230580,12
182,302.295320,13
183,302.303230,13
184,302.043330,14
185,302.607730,15
186,302.763240,14
187,302.246530,13
188,302.682730,13
189,302.960360,11
190,303.319880,14
191,302.757290,10
192,303.045600,11
193,302.617190,13
194,302.287490,12
195,303.484800,15
196,302.340530,10
197,302.600420,11
198,302.918230,11
199,302.320220,12
200,302.663810,13
201,302.902940,11
202,302.502220,17
203,302.932740,14
204,302.169460,12
205,302.820150,11
206,302.757150,14
207,303.119480,13
208,302.882300,8
209,302.682040,13
210,303.286890,17
211,302.935930,15
212,302.568410,14
213,302.502020,11
214,303.141870,14
215,302.711650,16
216,302.904150,13
217,303.412500,14
218,302.554870,13
219,303.271220,12
220,303.274330,10
221,302.503950,9
222,302.297330,9
223,302.522430,11
224,302.550750,13
225,302.751860,11
226,303.092800,11
227,302.811260,11
228,303.031360,13
229,302.809310,9
230,302.001730,15
231,303.168770,14
232,302.745440,13
233,302.448250,11
234,302.078200,14
235,302.069880,12
236,302.645830,13
237,302.224290,14
238,302.620630,13
239,303.446560,15
240,303.430910,14
241,302.272740,15
242,303.205680,16
243,302.191880,17
244,303.493750,15
245,302.668130,16
246,303.346750,15
247,302.815180,15
248,303.444140,15
249,303.590140,14
250,304.281440,16
251,303.620230,15
252,304.207110,15
253,304.426180,17
254,304.067550,14
255,303.718120,12
256,304.226390,15
257,304.139480,14
258,303.536320,15
259,303.749100,10
260,302.857300,16
261,303.383710,9
262,303.511920,12
263,303.266720,15
264,303.828280,13
265,302.682920,12
266,303.446810,15
267,304.406480,12
268,303.018920,14
269,303.313400,11
270,302.405030,9
271,302.592420,16
272,302.604150,11
273,302.889330,11
274,303.600410,10
275,302.383130,11
276,303.126360,12
277,302.898430,13
278,302.915260,14
279,303.030610,11
280,303.024650,15
281,302.569850,16
282,303.507080,13
283,303.005350,18
284,302.805620,12
285,302.541390,17
286,302.130460,13
287,303.652460,16
288,302.626370,14
289,303.293180,19
290,302.446680,14
291,302.947830,15
292,303.544530,14
293,303.421500,9
294,302.510300,13
295,302.076680,15
296,302.556440,14
297,302.490280,12
298,303.656210,16
299,303.076480,13
300,302.689180,10
301,302.781020,9
302,302.665400,8
303,303.167010,6
304,302.820710,12
305,302.620690,9
306,302.875490,9
307,302.949240,8
308,302.673680,11
309,303.007350,10
310,303.288820,14
311,303.433930,10
312,303.186670,9
313,303.090600,7
314,302.915800,14
315,303.045860,11
316,303.759940,11
317,303.255420,11
318,302.761180,9
319,303.367780,10
320,303.320630,15
321,303.260370,11
322,302.229630,16
323,303.213150,13
324,303.891660,15
325,303.794050,13
326,303.702500,16
327,302.315820,14
328,303.389310,11
329,302.976140,12
330,302.756430,15
331,302.876490,14
332,303.730890,21
333,303.167660,15
334,303.194620,18
335,303.265120,15
336,302.632700,15
337,303.060610,18
338,302.593890,16
339,302.146660,18
340,303.182270,11
341,302.966150,14
342,302.408770,11
343,302.660210,15
344,302.765600,16
345,303.261300,12
346,302.563580,11
347,302.482870,12
348,302.999040,11
349,302.718770,13
350,302.644270,15
351,302.777670,13
352,302.495980,12
353,303.157050,16
354,302.467480,17
355,302.132670,17
356,302.706150,12
357,301.511520,18
358,302.288860,13
359,302.738790,14
360,302.709330,16
361,302.146580,13
362,302.341450,13
363,302.006480,11
364,301.575590,12
365,302.733030,16
366,302.592910,16
367,301.975590,10
368,301.727270,12
369,303.050330,16
370,303.795050,14
371,303.153550,13
372,303.500850,9
373,302.786030,10
374,302.379300,13
375,302.539010,11
376,302.401880,9
377,302.274440,12
378,302.952210,8
379,303.060940,11
380,303.483340,16
381,302.939360,13
382,302.827590,11
383,302.725390,15
384,303.100020,15
385,302.953070,11
386,303.147770,16
387,302.639270,13
388,302.990620,11
389,303.066690,13
390,303.621140,10
391,303.165300,10
392,302.729240,12
393,303.608430,12
394,303.242470,15
395,303.608490,12
396,303.852000,10
397,303.996030,11
398,303.449360,11
399,303.314600,11
400,303.168180,15
401,303.925330,14
402,304.024090,13
403,303.405880,12
404,303.320920,13
405,304.108580,12
406,303.663480,10
407,303.077900,13
408,304.352610,14
409,303.383340,12
410,304.301540,15
411,304.254670,12
412,304.150740,16
413,304.175360,13
414,304.007950,11
415,303.659450,14
416,304.073180,10
417,304.233820,16
418,304.727290,13
419,304.155410,11
420,303.533440,13
421,303.952040,13
422,303.647530,15
423,303.779810,10
424,304.337080,11
425,303.773180,13
426,303.152880,15
427,302.978830,14
428,303.484570,12
429,303.945570,12
430,304.522290,9
431,303.694560,14
432,304.012620,9
433,304.133970,8
434,304.508930,10
435,304.754420,9
436,304.804960,15
437,304.598260,15
438,304.073720,14
439,304.271070,11
440,305.039070,15
441,303.779420,17
442,304.631550,14
443,303.344830,16
444,304.824250,14
445,304.546220,17
446,303.831160,14
447,304.346500,12
448,304.342790,14
449,304.182880,13
450,304.390950,14
451,304.354440,11
452,304.126080,9
453,303.716810,9
454,304.342350,9
455,304.771590,12
456,303.982250,12
457,303.546400,13
458,303.819470,11
459,303.328670,14
460,304.802910,15
461,303.997880,15
462,304.273800,15
463,304.270930,14
464,303.631640,16
465,304.584460,14
466,304.161080,16
467,304.801710,15
468,304.287530,16
469,304.053590,13
470,304.328110,12
471,303.977420,12
472,304.422430,14
473,304.786260,14
474,303.433190,14
475,304.723490,15
476,304.047740,13
477,303.921500,9
478,305.542360,17
479,303.898530,13
480,304.019800,8
481,304.169490,10
482,304.158950,10
483,304.279070,9
484,304.153050,12
485,303.982050,8
486,304.405320,10
487,303.663330,9
488,303.913750,9
489,303.946000,8
490,303.307210,15
491,303.302590,13
492,303.741190,12
493,304.136010,13
494,303.631910,16
495,303.686280,14
496,303.120160,14
497,302.991150,15
498,303.324370,12
499,303.299280,15
500,303.461540,12
501,302.602000,11
502,303.435530,15
503,302.542780,14
504,303.451880,15
505,302.709110,12
506,302.949010,13
507,302.689310,12
508,302.735480,12
509,303.172130,16
510,302.731950,10
511,302.791020,8
512,302.878190,9
513,303.039310,9
514,302.637930,6
515,302.461020,8
516,302.242410,7
517,302.631270,9
518,302.672830,13
519,302.507940,9
520,302.143510,15
521,303.093270,13
522,303.119060,13
523,302.671570,12
524,302.543420,9
525,303.088530,14
526,302.916680,14
527,301.746740,10
528,302.185030,10
529,303.012030,11
530,303.063970,15
531,302.701810,12
532,302.966550,12
533,302.003560,17
534,302.589370,15
535,302.945950,13
536,302.455810,12
537,302.152060,16
538,301.959910,14
539,301.953410,11
540,301.967640,9
541,302.660730,10
542,301.079790,12
543,302.135370,11
544,302.219860,6
545,302.321240,10
546,302.058300,11
547,302.322100,7
548,302.104130,7
549,302.422360,13
550,302.350360,8
551,302.398750,11
552,302.031120,10
553,302.506220,13
554,302.438240,10
555,302.379430,10
556,301.727150,12
557,302.395190,9
558,302.451090,13
559,301.773610,8
560,302.370170,13
561,302.223010,13
562,301.640600,15
563,303.119380,14
564,302.300970,13
565,302.315270,15
566,302.471550,15
567,301.034450,14
568,302.333340,16
569,302.682170,13
570,302.314770,13
571,302.102760,13
572,301.979870,12
573,301.991620,15
574,303.100550,11
575,302.387030,15
576,302.145330,12
577,303.174910,16
578,302.840130,11
579,302.571720,16
580,302.807830,6
581,302.195020,12
582,302.306230,9
583,302.727580,7
584,302.627040,8
585,302.346760,9
586,301.946350,11
587,302.824920,7
588,302.793860,9
589,302.715540,7
590,302.827230,13
591,302.913370,13
592,302.468740,10
593,301.932320,16
594,303.055370,12
595,301.964210,15
596,302.276320,13
597,302.825140,14
598,302.346720,12
599,302.347620,11
600,302.587580,13
601,302.507450,11
602,303.574020,9
603,303.365440,12
604,303.352260,12
605,302.167020,10
606,302.415510,11
607,303.170020,9
608,302.653590,11
609,303.058800,8
610,302.927130,10
611,303.067850,11
612,302.607390,11
613,303.037430,14
614,302.396730,11
615,302.496900,15
616,302.461860,10
617,302.801640,14
618,303.033050,15
619,302.733580,9
620,303.343640,14
621,303.420550,14
622,302.547620,13
623,303.075150,15
624,302.357160,11
625,302.872900,13
626,302.758360,13
627,303.303600,14
628,302.090250,16
629,302.991790,15
630,303.710220,13
631,303.089550,16
632,303.150150,15
633,303.295380,11
634,303.920040,11
635,302.694880,13
636,304.120180,13
637,303.679970,12
638,303.825940,16
639,303.415510,9
640,304.736520,13
641,304.599880,13
642,304.594830,13
643,304.788180,15
644,304.501560,13
645,304.402080,14
646,303.905080,14
647,304.406030,13
648,304.380020,11
649,304.307670,13
650,304.542910,14
651,304.534670,13
652,304.295200,14
653,304.195970,12
654,304.919080,15
655,304.837910,8
656,304.874050,10
657,304.407010,12
658,304.527360,10
659,305.259720,13
660,304.961290,11
661,305.202600,14
662,304.450120,12
663,305.055220,13
664,304.583290,13
665,304.324890,13
666,304.525350,16
667,304.425610,16
668,304.646470,16
669,304.158860,14
670,304.832940,15
671,304.818050,14
672,303.982400,13
673,304.464730,12
674,304.659590,12
675,304.935930,15
676,304.477640,14
677,304.257770,14
678,304.027870,12
679,304.323460,11
680,304.353870,12
681,305.282530,9
682,305.293990,9
683,305.796690,8
684,305.734330,11
685,305.297640,11
686,305.620980,8
687,305.831320,9
688,305.144970,10
689,305.895150,10
690,305.866420,10
691,305.310030,12
692,305.298560,12
693,305.821130,13
694,304.896400,12
695,305.592110,16
696,305.156800,10
697,305.898810,15
698,305.818180,14
699,304.897800,11
700,305.677000,10
701,304.584030,11
702,305.063910,12
703,305.400830,11
704,304.861170,11
705,304.268840,10
706,305.038990,13
707,304.771680,12
708,305.444960,14
709,305.397280,11
710,304.623390,12
711,304.338660,8
712,304.450460,10
713,304.369610,10
714,304.472850,9
715,304.830790,6
716,304.884010,8
717,304.133570,12
718,304.566730,12
719,304.313440,11
720,305.274490,11
721,304.888110,11
722,305.155620,12
723,305.313260,11
724,304.739350,12
725,305.211730,11
726,305.706120,11
727,305.614460,12
728,305.332270,11
729,304.922380,11
730,304.829640,11
731,305.923360,9
732,305.665150,10
733,305.528610,12
734,305.968420,10
735,305.299470,13
736,305.827170,14
737,304.745220,12
738,305.361500,12
739,305.760370,14
740,305.613190,14
741,305.240550,13
742,305.503890,13
743,306.127440,11
744,304.804530,16
745,305.985450,11
746,305.631700,12
747,305.803340,14
748,305.585050,11
749,305.317910,10
750,305.872430,16
751,305.824990,14
752,306.342890,16
753,305.804880,11
754,305.725350,12
755,305.964700,14
756,305.948890,11
757,305.827720,13
758,306.106380,17
759,305.275790,12
760,305.639630,14
761,305.193610,13
762,305.530120,15
763,304.799380,14
764,305.506490,13
765,305.090200,15
766,304.892440,13
767,305.199100,12
768,305.654050,14
769,305.195050,18
770,304.941490,12
771,305.992200,10
772,305.418800,11
773,305.340280,12
774,305.921830,13
775,305.807360,14
776,305.638670,9
777,306.420600,13
778,305.933370,12
779,305.298840,12
780,305.181280,17
781,304.888590,13
782,305.035570,16
783,304.722180,15
784,304.750440,14
785,305.197800,17
786,305.414980,14
787,305.810000,12
788,305.174770,17
789,304.844060,15
790,305.520170,14
791,304.761710,15
792,304.888550,12
793,304.805180,13
794,305.121530,13
795,305.240490,14
796,304.054370,15
797,306.043870,16
798,305.108890,12
799,304.423500,16
800,305.108780,13
801,305.104600,12
802,305.234250,14
803,304.646420,13
804,304.352510,11
805,304.756770,11
806,305.492610,11
807,304.898810,12
808,304.927750,10
809,304.113100,17
810,304.402280,10
811,304.223130,12
812,304.102580,11
813,304.153770,10
814,304.090140,10
815,304.720730,14
816,303.936900,11
817,304.536740,11
818,303.827550,9
819,303.976030,10
820,304.280220,11
821,303.846510,13
822,303.592180,13
823,303.683780,14
824,304.181660,10
825,303.898990,15
826,304.197970,11
827,304.122810,12
828,303.828250,15
829,303.292440,13
830,302.973600,15
831,304.005990,13
832,303.201910,13
833,303.583550,13
834,303.566800,14
835,302.618540,15
836,303.307090,10
837,303.681630,14
838,303.376220,14
839,303.357560,12
840,304.202080,16
841,303.690620,13
842,303.965650,18
843,303.554130,17
844,304.232500,18
845,303.361910,14
846,304.249310,16
847,304.318130,16
848,303.334260,14
849,304.444800,13
850,304.277220,16
851,304.023560,16
852,304.420940,11
853,304.126310,14
854,304.693950,12
855,304.191360,9
856,304.186480,11
857,304.676280,17
858,303.939310,14
859,304.307100,9
860,304.720940,12
861,304.513840,14
862,304.136980,14
863,304.342040,10
864,304.787230,8
865,304.967940,11
866,305.042120,10
867,305.194890,10
868,304.831170,11
869,305.010550,10
870,304.546810,12
871,304.861360,12
872,304.509720,13
873,304.927080,13
874,304.705090,11
875,303.692240,16
876,304.866780,13
877,304.534910,12
878,304.716800,12
879,305.051440,10
880,304.595650,11
881,305.615010,10
882,304.592180,11
883,305.267540,8
884,304.720090,13
885,304.444900,11
886,305.240780,7
887,304.577780,8
888,304.642470,8
889,304.775520,10
890,305.279680,15
891,304.514140,12
892,305.318190,17
893,304.644030,13
894,305.353980,14
895,304.802800,15
896,304.060290,14
897,304.727670,14
898,304.240340,17
899,305.669340,17
900,306.284120,13
901,306.102160,14
902,306.077520,11
903,305.879570,6
904,306.159380,9
905,306.376050,13
906,306.473790,14
907,305.613400,9
908,305.759230,12
909,305.800410,14
910,306.958360,16
911,305.936450,14
912,305.723830,15
913,306.054040,14
914,305.475800,15
915,305.238580,13
916,306.074280,14
917,305.761000,15
918,305.165440,13
919,306.626560,14
920,305.681000,10
921,305.914810,10
922,306.354200,7
923,305.995730,11
924,305.780250,9
925,305.572070,10
926,306.559850,8
927,306.450760,7
928,305.791590,9
929,306.104080,9
930,305.854970,11
931,306.523740,15
932,306.372610,15
933,306.467900,10
934,306.813870,16
935,305.718100,16
936,306.173370,11
937,306.235610,12
938,305.919930,14
939,305.543420,14
940,306.357760,12
941,305.748690,13
942,305.863750,13
943,306.691780,12
944,306.490450,12
945,305.863120,14
946,305.767690,11
947,306.247010,9
948,306.666010,13
949,306.388130,11
950,306.130560,14
951,306.628290,13
952,306.509560,13
953,306.798670,12
954,306.143060,13
955,306.836970,14
956,306.562900,16
957,305.705600,14
958,306.341150,15
959,305.917760,12
960,305.941560,14
961,306.450410,14
962,305.950640,15
963,306.695860,14
964,306.078780,14
965,306.833820,17
966,306.409470,11
967,306.230850,13
968,305.706930,13
969,305.322550,13
970,306.222340,11
971,305.541700,11
972,305.169160,13
973,305.757490,9
974,305.579840,12
975,306.007670,14
976,305.055800,14
977,305.114570,17
978,305.172320,17
979,305.646450,13
980,307.020520,16
981,306.646990,11
982,306.235610,10
983,306.440080,11
984,305.603020,9
985,306.010480,17
986,306.257610,12
987,306.009560,13
988,306.299100,12
989,305.669920,13
990,306.144190,10
991,305.811660,11
992,306.824360,11
993,305.779800,12
994,305.707280,11
995,306.168460,10
996,306.416820,11
997,306.577310,11
998,306.664500,13
999,306.655590,11
1000,305.871360,10
1001,306.106320,10
1002,306.278640,10
1003,306.538140,11
1004,306.800330,8
1005,306.283000,12
1006,306.099850,12
1007,306.379510,8
1008,306.311200,8
1009,306.783310,8
1010,306.023840,15
1011,306.451370,14
1012,306.711320,16
1013,306.791970,15
1014,306.416990,12
1015,306.118440,11
1016,305.534010,15
1017,306.777850,13
1018,306.767990,17
1019,305.986720,12
1020,306.369450,14
1021,307.054130,15
1022,305.775060,12
1023,306.425190,12
1024,306.701370,16
1025,306.057100,16
1026,305.912600,13
1027,305.953380,13
1028,306.153410,16
1029,305.217270,13
1030,305.175730,13
1031,305.793180,13
1032,306.345990,15
1033,304.739520,13
1034,305.837900,16
1035,304.911250,15
1036,304.814450,12
1037,305.387480,11
1038,304.612600,18
1039,305.213710,13
1040,305.073820,11
1041,305.455240,15
1042,305.483290,9
1043,305.193880,13
1044,305.145500,11
1045,305.501350,17
1046,305.807130,11
1047,305.925840,10
1048,305.845070,15
1049,305.357310,16
1050,305.071700,11
1051,304.903200,8
1052,305.657800,8
1053,305.613100,7
1054,304.829260,12
1055,305.422660,9
1056,305.324340,8
1057,305.519560,7
1058,305.331070,8
1059,305.162080,7
1060,305.532070,13
1061,305.167690,13
1062,304.904870,12
1063,305.330590,10
1064,305.520340,11
1065,305.382410,13
1066,304.879080,12
1067,305.241180,14
1068,305.417770,11
1069,304.794050,15
1070,305.615410,10
1071,306.293620,13
1072,305.907040,13
1073,304.788230,14
1074,305.385730,13
1075,306.104660,8
1076,305.853220,13
1077,305.607580,8
1078,305.943950,11
1079,305.277550,11
1080,304.844200,14
1081,306.265270,11
1082,306.263780,12
1083,305.627990,14
1084,305.797700,14
1085,305.771250,12
1086,306.322730,12
1087,305.840740,11
1088,305.422860,11
1089,305.424840,16
1090,305.933350,14
1091,306.412530,10
1092,305.602960,15
1093,306.647460,10
1094,305.516410,12
1095,305.391320,13
1096,306.202570,14
1097,306.949840,12
1098,306.457710,14
1099,304.935050,18
1100,305.613600,12
1101,305.904770,10
1102,305.410060,11
1103,305.683940,15
1104,305.339450,15
1105,305.888410,15
1106,305.271430,12
1107,305.546370,16
1108,305.087860,14
1109,305.243190,11
1110,306.504190,12
1111,306.322920,13
1112,305.807250,13
1113,306.121060,14
1114,305.726590,14
1115,305.965520,11
1116,305.511020,10
1117,305.817810,13
1118,305.858450,10
1119,305.415790,11
1120,305.560210,13
1121,305.120240,13
1122,305.223040,13
1123,305.788670,15
1124,305.624320,13
1125,304.996030,10
1126,305.189140,12
1127,305.946530,14
1128,305.546690,12
1129,305.613670,16
1130,305.177840,8
1131,305.758530,10
1132,305.993880,17
1133,306.288980,15
1134,305.590350,11
1135,305.552570,13
1136,305.451270,16
1137,305.627000,10
1138,305.467120,12
1139,305.837160,11
1140,306.087240,16
1141,305.831400,13
1142,305.829890,13
1143,305.945460,13
1144,305.623410,12
1145,306.386520,15
1146,305.656350,14
1147,306.217720,13
1148,306.409440,12
1149,306.440830,13
1150,306.183990,14
1151,305.969980,10
1152,305.795400,13
1153,305.882750,11
1154,306.098210,12
1155,305.437130,14
1156,306.464880,10
1157,306.832120,15
1158,306.378040,13
1159,307.229500,14
1160,305.364910,13
1161,305.398760,12
1162,305.867000,11
1163,305.751310,11
1164,305.951900,14
1165,306.071320,10
1166,305.169800,13
1167,305.911270,10
1168,304.930240,12
1169,304.890690,15
1170,305.010900,13
1171,306.124710,16
1172,306.133970,13
1173,306.088300,13
1174,305.715310,12
1175,305.957310,17
1176,306.582550,16
1177,306.502010,15
1178,306.728870,16
1179,305.328330,15
1180,305.068930,12
1181,305.289640,12
1182,305.922210,14
1183,305.845350,18
1184,305.197830,15
1185,305.798930,16
1186,305.381040,14
1187,305.503450,15
1188,305.633070,9
1189,305.382700,14
1190,304.892660,13
1191,304.667170,13
1192,305.314900,10
1193,304.625350,13
1194,305.380610,14
1195,305.140280,11
1196,304.610220,12
1197,304.623560,12
1198,305.583310,11
1199,305.148900,12
1200,305.042340,12
1201,304.731270,7
1202,304.566200,12
1203,304.810860,11
1204,304.947350,10
1205,304.244210,9
1206,304.635480,7
1207,304.849050,14
1208,304.337870,11
1209,304.651310,10
1210,304.748930,13
1211,304.506320,11
1212,304.359200,15
1213,305.320760,14
1214,304.972440,14
1215,304.962210,11
1216,304.176620,17
1217,304.767170,15
1218,305.367150,15
1219,305.882460,17
1220,303.975270,18
1221,304.289010,15
1222,305.087850,16
1223,303.789730,18
1224,304.459880,17
1225,304.602280,13
1226,305.252430,14
1227,304.850950,17
1228,305.659670,17
1229,305.045670,16
1230,304.671520,16
1231,305.653730,15
1232,303.924230,16
1233,304.675100,13
1234,305.156660,13
1235,305.163740,14
1236,305.427590,14
1237,304.683160,13
1238,305.123470,15
1239,306.072690,16
1240,305.333480,12
1241,304.928220,9
1242,304.934140,14
1243,304.693330,13
1244,305.521470,13
1245,305.223010,9
1246,304.209790,10
1247,305.210780,11
1248,305.177200,14
1249,305.157760,11
1250,304.826300,14
1251,305.218580,18
1252,304.220620,15
1253,304.776980,15
1254,304.674990,10
1255,305.607890,15
1256,305.882110,19
1257,305.457350,13
1258,305.329790,15
1259,305.693010,15
1260,305.162100,10
1261,305.090500,9
1262,305.298900,10
1263,304.331720,12
1264,304.622180,11
1265,304.990600,11
1266,304.688190,13
1267,304.932170,9
1268,304.613720,13
1269,304.834370,12
1270,304.190370,13
1271,304.659990,11
1272,304.255680,13
1273,304.163980,11
1274,304.262020,14
1275,304.145120,15
1276,304.659390,12
1277,303.761510,12
1278,304.684240,12
1279,303.934080,12
1280,303.776660,17
1281,304.925220,17
1282,304.562080,17
1283,304.225170,16
1284,304.407200,15
1285,304.287800,13
1286,304.210230,17
1287,304.500550,16
1288,304.804350,16
1289,304.242620,15
1290,304.005600,13
1291,303.688800,13
1292,304.588530,10
1293,305.047760,14
1294,303.887120,13
1295,304.201720,14
1296,304.800710,9
1297,304.645070,14
1298,305.110890,15
1299,304.188960,13
1300,303.840580,14
1301,303.982470,15
1302,304.981900,16
1303,304.458890,11
1304,304.214130,13
1305,304.496210,16
1306,304.376300,12
1307,304.115900,13
1308,304.553050,17
1309,303.959700,16
1310,304.790480,9
1311,304.412690,13
1312,304.373700,13
1313,304.928150,11
1314,305.164700,9
1315,304.962610,10
1316,304.543440,9
1317,304.071230,14
1318,304.954550,14
1319,305.540520,11
1320,305.372330,12
1321,305.678420,10
1322,305.431790,14
1323,306.140010,14
1324,305.493060,17
1325,305.491060,14
1326,305.805530,13
1327,305.170950,14
1328,305.875140,13
1329,305.269400,13
1330,305.635080,10
1331,305.433820,6
1332,305.674580,6
1333,305.937220,9
1334,305.107100,14
1335,305.223300,11
1336,305.636060,10
1337,305.549400,9
1338,305.105620,12
1339,305.888450,14
1340,306.151190,14
1341,305.922320,11
1342,306.012680,16
1343,306.567260,14
1344,306.315180,12
1345,305.749730,15
1346,306.614800,13
1347,306.635010,15
1348,306.142080,18
1349,306.156860,15
1350,306.600510,15
1351,305.211750,16
1352,305.815130,15
1353,305.900280,14
1354,305.400660,18
1355,305.799850,14
1356,305.626840,14
1357,306.616580,16
1358,306.114510,16
1359,306.224160,15
1360,306.447670,16
1361,305.745360,12
1362,306.280500,14
1363,306.089000,11
1364,306.543220,14
1365,306.494270,13
1366,306.210130,12
1367,306.768640,15
1368,305.813740,13
1369,306.013690,12
1370,306.423840,12
1371,305.514810,13
1372,305.398220,15
1373,306.217710,15
1374,306.627480,13
1375,305.775430,12
1376,305.796050,16
1377,306.859750,13
1378,307.061380,13
1379,306.659550,13
1380,305.677010,14
1381,305.478600,16
1382,306.466130,13
1383,305.925250,15
1384,305.109150,15
1385,306.398120,13
1386,305.538620,13
1387,305.893730,15
1388,306.607080,16
1389,305.823340,11
1390,305.808520,10
1391,305.467620,12
1392,305.832270,10
1393,306.329390,12
1394,305.598270,11
1395,305.781090,9
1396,306.017430,8
1397,306.075000,11
1398,306.318310,12
1399,306.513340,11
1400,306.082850,10
1401,307.126020,12
1402,306.071610,11
1403,306.740100,12
1404,306.416250,12
1405,306.067400,13
1406,306.657370,14
1407,306.524880,9
1408,306.181080,14
1409,305.409420,12
1410,305.371620,17
1411,306.424800,16
1412,305.260290,12
1413,304.995740,13
1414,306.167110,15
1415,305.496580,13
1416,305.127110,14
1417,305.927870,14
1418,305.345510,11
1419,306.059270,13
1420,304.877700,13
1421,305.835830,14
1422,305.544110,13
1423,304.909820,12
1424,305.481850,11
1425,305.788630,10
1426,305.777290,13
1427,305.575100,11
1428,305.716380,13
1429,305.515590,9
1430,305.489800,10
1431,305.247830,12
1432,305.012840,8
1433,304.994380,12
1434,305.330240,9
1435,304.745590,14
1436,304.773390,11
1437,305.518880,9
1438,305.450130,9
1439,305.571690,10
1440,305.316180,16
1441,305.573110,14
1442,305.490380,12
1443,306.021160,14
1444,305.212490,18
1445,305.606870,14
1446,305.584770,15
1447,305.892840,18
1448,305.749290,13
1449,305.505420,15
1450,305.824530,14
1451,306.594270,18
1452,305.197710,15
1453,305.651780,13
1454,306.129530,15
1455,305.391330,16
1456,305.783690,13
1457,305.536990,10
1458,305.960100,11
1459,305.858640,14
1460,306.432790,11
1461,306.687330,10
1462,306.162110,10
1463,305.703600,10
1464,305.683050,14
1465,305.871750,8
1466,306.246610,9
1467,306.530900,13
1468,305.976690,11
1469,306.136200,13
1470,306.145370,12
1471,306.846220,14
1472,306.516100,13
1473,306.714660,16
1474,307.020550,13
1475,306.924950,15
1476,306.066850,16
1477,307.155350,13
1478,305.688040,13
1479,305.760480,15
1480,306.776790,15
1481,306.659390,14
1482,306.356590,12
1483,306.385050,15
1484,305.781400,12
1485,306.139850,16
1486,306.004440,12
1487,306.222130,12
1488,307.000530,14
1489,306.936300,14
1490,306.138360,14
1491,306.165150,14
1492,306.007870,15
1493,307.381740,16
1494,306.155790,14
1495,307.444650,14
1496,306.674930,16
1497,307.263220,17
1498,307.340320,13
1499,305.968240,17
1500,306.556730,10
1501,306.731550,11
1502,306.645480,11
1503,306.720790,14
1504,306.245670,10
1505,306.406240,13
1506,306.455380,9
1507,306.612190,15
1508,306.881360,11
1509,307.057980,12
1510,306.171780,14
1511,306.208230,14
1512,306.435000,14
1513,306.852350,11
1514,306.535400,8
1515,306.537550,13
1516,306.376050,14
1517,306.177220,15
1518,305.976420,9
1519,306.193660,12
1520,306.149310,10
1521,307.135610,11
1522,306.917420,16
1523,305.863590,10
1524,306.044070,10
1525,306.335610,13
1526,306.252810,13
1527,306.374730,10
1528,306.516960,10
1529,306.406710,12
1530,306.907450,8
1531,306.674280,12
1532,306.558420,11
1533,306.491730,9
1534,307.021430,10
1535,306.147090,14
1536,306.839610,11
1537,306.804770,13
1538,305.691130,9
1539,306.420540,9
1540,306.661870,14
1541,306.033620,13
1542,306.235120,16
1543,305.840760,15
1544,306.790950,16
1545,306.788300,13
1546,307.014430,14
1547,305.917390,12
1548,306.735340,14
1549,306.389720,12
1550,306.059020,11
1551,306.388960,13
1552,306.749950,12
1553,306.471020,11
1554,306.490550,9
1555,306.712280,10
1556,306.323330,11
1557,305.855290,14
1558,306.288220,13
1559,306.391070,14
1560,305.795360,11
1561,306.161360,13
1562,306.435580,13
1563,306.829980,11
1564,306.910850,10
1565,305.830770,13
1566,305.588830,13
1567,306.750420,12
1568,306.578480,13
1569,306.206540,12
1570,305.689590,14
1571,305.283680,17
1572,305.925330,10
1573,305.300120,13
1574,306.346420,13
1575,306.127050,14
1576,306.237760,13
1577,306.126180,14
1578,306.083700,13
1579,306.282440,15
1580,305.789040,9
1581,305.502280,10
1582,305.167090,14
1583,305.646870,11
1584,305.292260,14
1585,305.606460,13
1586,305.049820,15
1587,304.882690,9
1588,305.956430,11
1589,306.210510,16
1590,305.578870,14
1591,305.257610,15
1592,307.136660,17
1593,306.472540,15
1594,306.730570,12
1595,307.316590,18
1596,306.345640,13
1597,306.984250,15
1598,306.283120,15
1599,306.294790,14
1600,307.135450,14
1601,306.679100,13
1602,306.697940,11
1603,307.112940,11
1604,306.705750,12
1605,307.045490,17
1606,306.769460,13
1607,306.873360,13
1608,306.758560,8
1609,307.374440,14
1610,307.044960,10
1611,307.373280,10
1612,307.543100,13
1613,307.233610,16
1614,307.484580,12
1615,307.002530,11
1616,306.913880,12
1617,307.665100,15
1618,307.358620,15
1619,307.321810,15
1620,307.212350,15
1621,307.346310,14
1622,308.356370,14
1623,307.953780,13
1624,307.579880,16
1625,307.880010,18
1626,307.856090,15
1627,307.219390,14
1628,307.599030,12
1629,307.946600,10
1630,307.919010,13
1631,308.425560,18
1632,308.382710,11
1633,307.719220,15
1634,307.918030,14
1635,308.612030,16
1636,308.541060,14
1637,307.397990,12
1638,307.635880,16
1639,307.920150,15
1640,307.788820,9
1641,308.066560,10
1642,307.907320,8
1643,308.009510,10
1644,307.886100,10
1645,308.203310,10
1646,308.228510,9
1647,308.074370,9
1648,308.364410,10
1649,308.311540,11
1650,308.207710,12
1651,307.730160,12
1652,308.409510,13
1653,307.434210,14
1654,308.269050,13
1655,308.400680,14
1656,306.970140,14
1657,307.825860,13
1658,307.834210,9
1659,307.607720,13
1660,308.229460,11
1661,307.305060,13
1662,307.833340,13
1663,307.716520,16
1664,307.445490,13
1665,307.926330,14
1666,308.250300,12
1667,307.960570,9
1668,307.926210,14
1669,308.649550,11
1670,308.772720,12
1671,308.782430,11
1672,307.909910,9
1673,308.914340,13
1674,308.038070,12
1675,307.906970,10
1676,308.500620,15
1677,307.387860,16
1678,308.135410,12
1679,307.661460,13
1680,308.048400,10
1681,308.513960,11
1682,307.040610,13
1683,308.105100,13
1684,307.823390,13
1685,307.942410,11
1686,308.092830,12
1687,307.411110,9
1688,307.136030,11
1689,307.947000,13
1690,308.300470,12
1691,308.130420,10
1692,307.710020,14
1693,307.740880,12
1694,308.181960,10
1695,308.101300,14
1696,308.457140,13
1697,307.839850,15
1698,308.077510,12
1699,308.479820,13
1700,308.856440,12
1701,309.402140,14
1702,308.277340,13
1703,307.825340,13
1704,308.604250,13
1705,308.389300,13
1706,308.478860,14
1707,308.362270,13
1708,307.931690,8
1709,307.962430,12
1710,308.135900,17
1711,308.121480,15
1712,307.296580,14
1713,308.035270,16
1714,308.376940,12
1715,307.502560,11
1716,307.984800,16
1717,307.386290,13
1718,308.186860,13
1719,307.864190,18
1720,308.514870,15
1721,307.961100,13
1722,308.553310,13
1723,307.832420,17
1724,308.275090,13
1725,308.596400,17
1726,308.031960,14
1727,308.847320,13
1728,308.522000,15
1729,308.653020,16
1730,308.613420,10
1731,309.029840,7
1732,308.757440,8
1733,309.209450,12
1734,308.776300,12
1735,308.893910,13
1736,308.572850,10
1737,308.361010,13
1738,308.420400,10
1739,309.170120,10
1740,308.004440,14
1741,309.124900,13
1742,308.286900,11
1743,308.451580,10
1744,308.557550,12
1745,308.861670,7
1746,308.173030,16
1747,308.598760,12
1748,309.362580,14
1749,308.809200,11
1750,308.086080,14
1751,308.284730,15
1752,308.645400,15
1753,308.235270,9
1754,308.573210,13
1755,308.361960,15
1756,307.820680,12
1757,308.755300,11
1758,308.611630,14
1759,308.808090,10
1760,308.314250,12
1761,308.367910,12
1762,308.299550,13
1763,307.491620,14
1764,307.134360,18
1765,307.712860,14
1766,307.478540,14
1767,307.920030,12
1768,308.837770,16
1769,307.994400,16
1770,308.768660,10
1771,308.758230,13
1772,308.748790,14
1773,308.657810,9
1774,308.631630,11
1775,308.479300,11
1776,309.294440,11
1777,309.434330,11
1778,308.317370,10
1779,308.838280,11
1780,309.083920,11
1781,308.904960,10
1782,308.974500,11
1783,308.665240,12
1784,309.286330,12
1785,308.583410,10
1786,309.539460,13
1787,308.543660,13
1788,308.576010,14
1789,308.343540,12
1790,308.075100,16
1791,308.072600,16
1792,308.721180,14
1793,308.550130,13
1794,308.161500,13
1795,308.848150,14
1796,308.573770,14
1797,308.760110,16
1798,308.068060,13
1799,307.932790,13
1800,308.302020,11
1801,308.341730,12
1802,308.507390,18
1803,308.147930,15
1804,308.560820,12
1805,308.695530,13
1806,308.816690,15
1807,307.876750,12
1808,309.066290,15
1809,308.084950,12
1810,307.886920,16
1811,308.913730,14
1812,308.861010,13
1813,309.077990,17
1814,308.926140,15
1815,308.378670,14
1816,308.589950,16
1817,309.266270,13
1818,308.519660,16
1819,308.075720,14
1820,308.091480,10
1821,308.922770,12
1822,308.496780,9
1823,308.268620,9
1824,308.607170,13
1825,308.123710,11
1826,308.309500,12
1827,308.069370,13
1828,307.795840,12
1829,308.382270,11
1830,309.000550,8
1831,308.456330,11
1832,308.546610,11
1833,308.848440,9
1834,308.788160,9
1835,308.235220,10
1836,307.711890,11
1837,308.336740,11
1838,308.632920,7
1839,308.375530,10
1840,308.906770,14
1841,308.325790,14
1842,308.252320,15
1843,309.257730,14
1844,308.843680,14
1845,309.393190,15
1846,309.350770,12
1847,308.959280,10
1848,309.291140,13
1849,308.489160,13
1850,309.001720,15
1851,308.715630,15
1852,308.194100,14
1853,307.647920,13
1854,308.560780,13
1855,308.543590,15
1856,308.424460,14
1857,307.496850,16
1858,307.912110,14
1859,307.545910,17
1860,308.547910,12
1861,308.338970,14
1862,308.697220,14
1863,307.678100,17
1864,308.328970,12
1865,308.728260,10
1866,308.245620,17
1867,307.374080,16
1868,308.745390,13
1869,307.747320,19
1870,308.111320,11
1871,308.086360,16
1872,307.405830,13
1873,307.928590,12
1874,308.669540,12
1875,307.135190,12
1876,307.682220,11
1877,308.426410,12
1878,308.553150,10
1879,308.942720,14
1880,308.454550,12
1881,307.420470,15
1882,308.660040,10
1883,308.969040,10
1884,308.591360,14
1885,308.104880,13
1886,308.977610,12
1887,309.261380,11
1888,308.057450,10
1889,308.512480,15
1890,308.557960,12
1891,308.752200,10
1892,308.686790,10
1893,308.684510,12
1894,308.718500,15
1895,309.045860,9
1896,309.055020,13
1897,308.525510,10
1898,308.664500,13
1899,308.541540,11
1900,308.434400,7
1901,308.536220,12
1902,308.570680,10
1903,309.057110,15
1904,308.241820,13
1905,308.528830,12
1906,309.289750,12
1907,309.150690,9
1908,308.212910,16
1909,309.036220,10
1910,309.266670,13
1911,308.711030,12
1912,308.908320,12
1913,308.414860,12
1914,309.373400,15
1915,308.922290,13
1916,308.944580,13
1917,308.724880,13
1918,308.405760,12
1919,308.340880,13
1920,308.066940,10
1921,307.768400,18
1922,307.879640,11
1923,308.288060,12
1924,307.429750,13
1925,307.448870,11
1926,307.876010,10
1927,308.014660,9
1928,308.374850,13
1929,307.654990,11
1930,308.385450,7
1931,308.664310,14
1932,308.317050,10
1933,308.323790,10
1934,308.540730,13
1935,308.551960,10
1936,308.257930,11
1937,307.772040,12
1938,308.142180,12
1939,308.172890,11
1940,307.784700,15
1941,308.190900,13
1942,308.688910,15
1943,308.250570,15
1944,308.653550,13
1945,309.021500,12
1946,309.038070,12
1947,308.738540,16
1948,307.489040,18
1949,307.434730,16
1950,306.901360,16
1951,307.518540,13
1952,307.041720,12
1953,307.576480,12
1954,307.711760,11
1955,307.711180,13
1956,307.642850,12
1957,306.987850,14
1958,307.179360,13
1959,307.462070,15
1960,307.107070,12
1961,306.513570,11
1962,307.008730,14
1963,306.969810,16
1964,307.918760,15
1965,307.255830,11
1966,307.676760,13
1967,306.870800,17
1968,306.275150,14
1969,306.552370,13
1970,306.946630,14
1971,306.723220,9
1972,306.754610,12
1973,306.704440,13
1974,307.226120,14
1975,307.027020,11
1976,306.523750,13
1977,306.622280,11
1978,306.581930,13
1979,306.190640,9
1980,306.707210,10
1981,306.303600,11
1982,306.752650,8
1983,305.815390,10
1984,306.660780,11
1985,306.962910,12
1986,306.567550,9
1987,306.906290,8
1988,306.337940,9
1989,307.205600,11
1990,305.875480,8
1991,305.595150,13
1992,305.679250,11
1993,305.940840,10
1994,305.702770,11
1995,306.304610,10
1996,305.520940,11
1997,306.114370,11
1998,306.741170,13
1999,305.711170,6
2000,305.660690,13
2001,306.080800,12
2002,306.065570,12
2003,305.414550,11
2004,306.167310,12
2005,305.984710,13
2006,305.657120,13
2007,305.728350,13
2008,306.395180,11
2009,305.825410,13
2010,306.147840,15
2011,305.310570,17
2012,305.324350,13
2013,305.815690,17
2014,305.148770,14
2015,305.087280,17
2016,305.695930,11
2017,305.766420,17
2018,305.414300,13
2019,305.431840,16
2020,304.971200,14
2021,305.283590,13
2022,304.854850,15
2023,306.158730,17
2024,305.401870,13
2025,305.692300,15
2026,305.100110,15
2027,305.751060,12
2028,305.661710,11
2029,305.405440,10
2030,306.044030,12
2031,305.678120,7
2032,305.568820,10
2033,305.366510,8
2034,305.275200,10
2035,305.624420,9
2036,305.821900,10
2037,305.736350,5
2038,305.637480,7
2039,305.636510,8
2040,305.613260,13
2041,305.254440,12
2042,305.871430,12
2043,305.151100,13
2044,305.584190,10
2045,305.786790,13
2046,305.208360,11
2047,305.703970,13
2048,305.247360,15
2049,305.434420,10
2050,304.574140,15
2051,305.872360,15
2052,304.591300,14
2053,305.932870,11
2054,304.585200,14
2055,305.159340,15
2056,305.066890,11
2057,305.676020,14
2058,305.170580,17
2059,306.201660,13
2060,305.483160,14
2061,304.747330,13
2062,305.099080,12
2063,304.426870,16
2064,305.070990,15
2065,305.103240,15
2066,304.988070,12
2067,305.050830,13
2068,305.575590,13
2069,304.599870,11
2070,305.007320,15
2071,305.030150,13
2072,304.718400,15
2073,304.674760,11
2074,305.707850,15
2075,304.651140,14
2076,305.573390,13
2077,305.034030,14
2078,305.015350,12
2079,305.512390,15
2080,304.600730,14
2081,304.505860,15
2082,305.588340,11
2083,305.540140,12
2084,305.162930,16
2085,304.799990,15
2086,304.764350,15
2087,305.238450,14
2088,304.985970,14
2089,304.735830,14
2090,304.980100,9
2091,304.776110,12
2092,304.887960,13
2093,305.342410,8
2094,305.110630,13
2095,304.726340,12
2096,305.590710,14
2097,305.540480,14
2098,305.539490,15
2099,305.548360,11
2100,305.328260,11
2101,304.861270,13
2102,305.164570,12
2103,305.720430,15
2104,305.591220,12
2105,304.754060,13
2106,305.357420,8
2107,306.093720,11
2108,304.936570,11
2109,305.327920,12
2110,305.230070,10
2111,305.066420,13
2112,305.370290,12
2113,304.658750,15
2114,304.561560,13
2115,305.025330,14
2116,305.789890,13
2117,304.514410,14
2118,305.673710,12
2119,305.339640,10
2120,304.507460,16
2121,304.379230,14
2122,304.341500,19
2123,304.092280,14
2124,304.247380,13
2125,304.447140,11
2126,304.477340,17
2127,304.661590,11
2128,305.427120,16
2129,304.537450,17
2130,304.440930,13
2131,305.395210,12
2132,304.542120,9
2133,305.067300,16
2134,304.662680,11
2135,305.325850,11
2136,304.342240,11
2137,304.402900,13
2138,305.333680,12
2139,304.017860,12
2140,303.661080,14
2141,304.017330,12
2142,303.290950,12
2143,303.328810,13
2144,304.032850,14
2145,303.938340,13
2146,303.346980,11
2147,304.019980,7
2148,303.373120,11
2149,303.363400,15
2150,303.448140,11
2151,303.157660,16
2152,303.472470,13
2153,303.185360,14
2154,303.199790,16
2155,303.021770,13
2156,302.578280,15
2157,303.314430,14
2158,303.336940,13
2159,303.414490,14
2160,302.460240,16
2161,302.758860,14
2162,303.113950,15
2163,302.988350,16
2164,302.473200,15
2165,303.154700,12
2166,302.923440,15
2167,302.768810,11
2168,302.714490,12
2169,303.608840,14
2170,302.827510,12
2171,302.918610,9
2172,302.761220,11
2173,302.321250,10
2174,302.941600,7
2175,303.378810,8
2176,302.639080,11
2177,302.642210,10
2178,302.663120,7
2179,303.373080,9
2180,302.991380,11
2181,303.159100,13
2182,302.343380,10
2183,303.174160,9
2184,302.415370,10
2185,302.884970,13
2186,302.391500,11
2187,303.034250,10
2188,302.615940,10
2189,303.115410,10
2190,302.172920,15
2191,303.228330,13
2192,302.943480,14
2193,302.366080,13
2194,302.972730,17
2195,303.197340,14
2196,302.153670,17
2197,302.741810,13
2198,303.179130,14
2199,301.949060,15
2200,301.603000,15
2201,302.680810,14
2202,301.932170,13
2203,302.321420,12
2204,302.733660,16
2205,302.010380,15
2206,301.769870,12
2207,302.546470,15
2208,301.601990,13
2209,302.329330,11
2210,302.285970,15
2211,301.611170,13
2212,302.360820,14
2213,301.532250,15
2214,301.645120,11
2215,301.812950,16
2216,301.697610,14
2217,301.038980,15
2218,301.679290,13
2219,301.281030,12
2220,301.659490,12
2221,301.224860,12
2222,301.569520,11
2223,301.277370,10
2224,302.192060,11
2225,302.226020,11
2226,301.535840,13
2227,301.254500,15
2228,301.383060,13
2229,301.930350,12
2230,301.328600,8
2231,301.995130,14
2232,301.457450,10
2233,301.313740,10
2234,301.428120,12
2235,302.074470,13
2236,301.501300,11
2237,301.600380,14
2238,301.558330,13
2239,301.278270,11
2240,301.427290,15
2241,301.846670,13
2242,301.598220,12
2243,301.262940,12
2244,301.264980,13
2245,301.558550,15
2246,301.453260,13
2247,301.250210,13
2248,301.545900,14
2249,302.032770,15
2250,301.013810,12
2251,301.289810,16
2252,301.179480,11
2253,300.934580,16
2254,301.509270,12
2255,301.441590,12
2256,301.280510,12
2257,301.686830,13
2258,300.772980,12
2259,301.172120,12
2260,302.020460,15
2261,300.815450,11
2262,302.075180,17
2263,301.824300,12
2264,301.790120,15
2265,301.470470,16
2266,301.966660,14
2267,300.285020,15
2268,301.846590,13
2269,301.222910,15
2270,301.450300,15
2271,301.427090,15
2272,301.369340,17
2273,301.632370,14
2274,300.584950,16
2275,301.195970,16
2276,301.413370,15
2277,301.479860,13
2278,300.499670,16
2279,301.160990,12
2280,301.200720,15
2281,301.160320,16
2282,301.978140,13
2283,301.098710,11
2284,300.580270,13
2285,301.147350,18
2286,301.423340,14
2287,301.053460,13
2288,300.810770,17
2289,300.964880,13
2290,301.348300,7
2291,301.910120,11
2292,302.033200,10
2293,301.201960,7
2294,300.923260,9
2295,301.519220,12
2296,301.275030,8
2297,301.767830,11
2298,301.219820,9
2299,301.353470,9
2300,301.656410,10
2301,301.583020,13
2302,301.774150,11
2303,301.607770,11
2304,301.567410,9
2305,301.556850,12
2306,301.332570,13
2307,300.896740,7
2308,301.562730,8
2309,301.370370,8
2310,301.532620,15
2311,301.549790,9
2312,300.746890,13
2313,301.712650,12
2314,301.680850,14
2315,301.498600,12
2316,301.150380,12
2317,301.504400,10
2318,301.250870,13
2319,301.538090,14
2320,300.660370,11
2321,300.594800,11
2322,301.354620,15
2323,300.843660,12
2324,301.490990,16
2325,300.544910,11
2326,301.249910,12
2327,300.795400,8
2328,300.484820,14
2329,301.767930,13
2330,300.986090,16
2331,300.035400,13
2332,300.084530,14
2333,299.535700,14
2334,300.031880,14
2335,299.972040,12
2336,299.694350,14
2337,300.555770,14
2338,299.335710,17
2339,299.722270,11
2340,299.756770,13
2341,300.311640,12
2342,300.647730,14
2343,300.898340,16
2344,300.755350,9
2345,300.743510,12
2346,299.927040,15
2347,300.010080,13
2348,300.268790,10
2349,300.254590,12
2350,299.463430,10
2351,299.819380,12
2352,299.939390,10
2353,300.567130,13
2354,300.089300,8
2355,299.365100,12
2356,299.950140,12
2357,299.977220,8
2358,299.721660,11
2359,300.065070,11
2360,300.528270,14
2361,300.215490,11
2362,300.260230,10
2363,300.638500,16
2364,300.639000,9
2365,300.432730,15
2366,300.810490,11
2367,300.975620,15
2368,300.733840,11
2369,300.529400,14
2370,299.691360,9
2371,299.590940,16
2372,300.372880,14
2373,300.312370,13
2374,300.050440,12
2375,300.552310,11
2376,300.527350,13
2377,300.224130,12
2378,300.582490,12
2379,300.318020,11
2380,300.518820,14
2381,300.779610,11
2382,300.125050,11
2383,300.348130,11
2384,300.611420,12
2385,300.495560,13
2386,301.250260,8
2387,301.060200,13
2388,300.992320,14
2389,300.671010,13
2390,300.546180,8
2391,300.855600,10
2392,300.798790,10
2393,300.440140,15
2394,300.265870,10
2395,300.463460,10
2396,300.367620,9
2397,300.488940,11
2398,300.647110,9
2399,300.504740,9
2400,300.755440,11
2401,300.660840,10
2402,301.250750,14
2403,301.120310,13
2404,300.551910,13
2405,300.771930,19
2406,300.573450,15
2407,299.804860,17
2408,300.290260,11
2409,300.912680,10
2410,300.814800,15
2411,301.402470,12
2412,300.626470,14
2413,301.338390,15
2414,301.430590,12
2415,301.080820,15
2416,300.594140,13
2417,301.515320,15
2418,300.844060,17
2419,300.652630,14
2420,300.378030,10
2421,300.067920,10
2422,300.319930,10
2423,300.624430,10
2424,300.918890,11
2425,300.493790,8
2426,300.537340,7
2427,300.717410,8
2428,300.701710,13
2429,300.630500,7
2430,301.308880,17
2431,300.656690,11
2432,301.478140,14
2433,300.885590,16
2434,300.815790,11
2435,301.546260,12
2436,301.274250,14
2437,301.376290,14
2438,300.375700,15
2439,301.004300,15
2440,301.592680,12
2441,301.785350,11
2442,301.472250,10
2443,301.019020,14
2444,300.770560,7
2445,301.377000,14
2446,301.028340,12
2447,301.426680,6
2448,301.292780,13
2449,301.744860,13
2450,301.941700,17
2451,301.134460,17
2452,300.883630,17
2453,301.916740,17
2454,301.485530,13
2455,301.221390,10
2456,301.564720,17
2457,301.009870,18
2458,301.269020,17
2459,301.339620,16
2460,300.895530,13
2461,300.624860,16
2462,301.527430,15
2463,300.699890,14
2464,301.784140,14
2465,301.127570,13
2466,301.539310,15
2467,300.892300,15
2468,301.298930,11
2469,301.928650,14
2470,301.556970,12
2471,301.359900,12
2472,301.118900,11
2473,301.612890,10
2474,300.776450,13
2475,301.850520,10
2476,301.485520,7
2477,300.908470,13
2478,301.663230,10
2479,301.496320,12
2480,301.001490,13
2481,302.050780,12
2482,301.967450,12
2483,301.296980,14
2484,300.843270,10
2485,301.054410,11
2486,301.601290,14
2487,302.030090,11
2488,300.985890,13
2489,301.575820,11
2490,302.409300,13
2491,302.314870,14
2492,301.532240,14
2493,301.545900,17
2494,301.944060,12
2495,302.706270,17
2496,301.665890,14
2497,301.598210,14
2498,301.715140,11
2499,301.801480,10
2500,301.312170,12
2501,301.572230,11
2502,301.036480,13
2503,301.551680,10
2504,301.075560,10
2505,301.851490,9
2506,301.360310,12
2507,302.190640,13
2508,301.794290,9
2509,301.629490,13
2510,301.461840,11
2511,301.890750,16
2512,301.267360,18
2513,302.600440,18
2514,301.335660,15
2515,301.426200,13
2516,301.565390,15
2517,301.955300,14
2518,302.162410,12
2519,301.260010,16
2520,300.928630,14
2521,301.443690,14
2522,301.616690,12
2523,301.886530,13
2524,300.810690,15
2525,301.030490,16
2526,300.873640,13
2527,301.827840,12
2528,301.763590,13
2529,300.846090,17
2530,299.324450,17
2531,299.474010,17
2532,300.965350,14
2533,299.806530,10
2534,300.097200,14
2535,300.507200,11
2536,300.802100,15
2537,300.315820,16
2538,300.473050,12
2539,299.820830,11
2540,299.818720,11
2541,300.185740,16
2542,300.362980,14
2543,301.001380,13
2544,300.165990,15
2545,299.929880,11
2546,300.979550,16
2547,299.854140,16
2548,300.088330,15
2549,300.232510,15
2550,299.507690,11
2551,300.002710,14
2552,300.390550,15
2553,299.769500,12
2554,300.250120,12
2555,300.294990,10
2556,299.830100,12
2557,300.520830,15
2558,299.775120,13
2559,299.137820,13
2560,299.886250,11
2561,299.565590,13
2562,299.459750,11
2563,299.329410,10
2564,299.969430,12
2565,299.491130,10
2566,299.607580,9
2567,299.836550,12
2568,299.568380,10
2569,299.608060,12
2570,298.833380,14
2571,298.947790,13
2572,299.433100,12
2573,299.158750,16
2574,299.822790,12
2575,299.027310,12
2576,299.092970,12
2577,298.701660,17
2578,299.185220,14
2579,299.567290,12
2580,298.451800,17
2581,298.288800,15
2582,299.828480,15
2583,299.121190,11
2584,298.524120,15
2585,299.942950,11
2586,299.683230,12
2587,299.039650,14
2588,299.315300,14
2589,298.504770,13
2590,299.702240,14
2591,298.957080,12
2592,299.238200,13
2593,299.609650,15
2594,298.502630,14
2595,298.757500,13
2596,299.195560,12
2597,298.659710,15
2598,298.800780,12
2599,298.950370,15
2600,299.015820,15
2601,299.649700,13
2602,298.958680,14
2603,299.092980,12
2604,298.921130,15
2605,299.147500,13
2606,299.208140,10
2607,299.552360,11
2608,298.939830,13
2609,299.614540,16
2610,299.692780,17
2611,299.210800,10
2612,298.775040,10
2613,299.558570,11
2614,298.627240,10
2615,299.255760,15
2616,298.995990,12
2617,299.400270,10
2618,299.396760,18
2619,299.220140,13
2620,299.638440,10
2621,299.622780,11
2622,299.526250,10
2623,299.392170,10
2624,299.944210,13
2625,299.600900,9
2626,299.464810,11
2627,299.372910,13
2628,299.703270,10
2629,299.943620,10
2630,299.964650,10
2631,299.951170,5
2632,300.042120,12
2633,300.437500,13
2634,300.195340,15
2635,299.874490,10
2636,299.938590,13
2637,300.045870,13
2638,299.563210,12
2639,299.969820,10
2640,299.803940,11
2641,299.231430,13
2642,300.289720,11
2643,299.846890,12
2644,300.368300,15
2645,299.531540,10
2646,299.998700,11
2647,300.249600,9
2648,300.369700,13
2649,299.724190,12
2650,298.968460,13
2651,299.713790,11
2652,299.923070,17
2653,299.861160,12
2654,299.054150,11
2655,300.001530,16
2656,299.579750,13
2657,299.419240,15
2658,299.017910,13
2659,299.491770,15
2660,299.393020,12
2661,299.120350,13
2662,299.263470,11
2663,299.814710,14
2664,299.634850,10
2665,298.868480,12
2666,299.522640,10
2667,299.351290,10
2668,299.896820,12
2669,299.430330,10
2670,299.528070,14
2671,299.480740,13
2672,299.510750,14
2673,299.485650,12
2674,299.150550,12
2675,298.806840,13
2676,299.526920,15
2677,299.095780,14
2678,299.791600,10
2679,299.078180,14
2680,300.033660,10
2681,299.576130,12
2682,299.585190,12
2683,299.970920,15
2684,299.117070,14
2685,298.988530,14
2686,299.619900,12
2687,300.023980,12
2688,300.319430,14
2689,299.646820,11
2690,299.351040,13
2691,299.000880,14
2692,299.823120,14
2693,299.920730,13
2694,300.409580,11
2695,299.978320,10
2696,299.400750,13
2697,300.243710,13
2698,300.355070,11
2699,299.936620,15
2700,299.651660,9
2701,299.422660,14
2702,299.467550,11
2703,299.624660,11
2704,299.811980,16
2705,299.387090,15
2706,299.423450,10
2707,299.436760,13
2708,300.029660,13
2709,299.053570,13
2710,299.235110,11
2711,299.305350,11
2712,299.119760,12
2713,298.955580,12
2714,299.738800,12
2715,299.945200,13
2716,298.671110,9
2717,300.110240,12
2718,299.777900,10
2719,299.793580,9
2720,299.805700,10
2721,299.347490,12
2722,299.634600,12
2723,299.415610,10
2724,299.503500,10
2725,299.417860,11
2726,299.770120,10
2727,299.552960,9
2728,299.617960,8
2729,299.364800,11
2730,299.749770,11
2731,299.943730,8
2732,300.014050,9
2733,299.866240,15
2734,299.352320,11
2735,299.558420,13
2736,300.466430,11
2737,299.898490,15
2738,300.208920,12
2739,299.235480,14
2740,298.554230,17
2741,300.007980,15
2742,299.155400,18
2743,299.534540,16
2744,299.839800,15
2745,299.641780,17
2746,298.006370,18
2747,299.319640,11
2748,299.612460,15
2749,299.203760,12
2750,299.628500,12
2751,298.757470,12
2752,298.458860,15
2753,299.181060,11
2754,299.037810,11
2755,298.022240,17
2756,299.205270,11
2757,299.129440,12
2758,299.067570,15
2759,298.805650,11
2760,298.157350,12
2761,299.552070,13
2762,298.936980,12
2763,299.334390,13
2764,299.124540,10
2765,299.388980,12
2766,298.407190,11
2767,298.726750,9
2768,299.379240,13
2769,298.744330,13
2770,298.617540,15
2771,298.538310,15
2772,298.680450,15
2773,298.664660,11
2774,299.484290,16
2775,299.163550,17
2776,299.174610,13
2777,298.221110,14
2778,298.599960,16
2779,299.156900,15
2780,298.663030,13
2781,298.837820,15
2782,298.941690,12
2783,298.410940,11
2784,298.661630,13
2785,298.677080,14
2786,298.872670,16
2787,298.685930,11
2788,298.878980,14
2789,298.808390,12
2790,298.883070,14
2791,298.983750,16
2792,299.109820,16
2793,299.749090,16
2794,299.104930,12
2795,298.573730,17
2796,299.165850,15
2797,299.127390,15
2798,299.631940,12
2799,298.935180,14
2800,299.305590,12
2801,299.654290,10
2802,298.991360,15
2803,299.342290,14
2804,299.115600,14
2805,299.552970,15
2806,298.729880,17
2807,298.704370,14
2808,299.429150,16
2809,299.259010,13
2810,299.412230,12
2811,299.954060,9
2812,299.934600,13
2813,299.701300,12
2814,300.247630,10
2815,299.827700,14
2816,299.807980,10
2817,299.303820,12
2818,300.037680,14
2819,299.391990,9
2820,300.332300,17
2821,299.149950,15
2822,299.151620,11
2823,298.951210,17
2824,299.477530,18
2825,299.183840,16
2826,299.656050,16
2827,299.480990,17
2828,299.610500,17
2829,299.473380,16
2830,299.757280,12
2831,299.157430,13
2832,299.639450,13
2833,300.196650,15
2834,299.200830,11
2835,299.136280,10
2836,299.586900,12
2837,299.912440,11
2838,299.785080,12
2839,300.143950,11
2840,299.742830,13
2841,298.981360,13
2842,299.580340,14
2843,299.563620,12
2844,300.154580,16
2845,299.593550,12
2846,299.068270,11
2847,300.081290,14
2848,299.587290,15
2849,299.028080,12
2850,299.119920,14
2851,299.767420,14
2852,300.044000,10
2853,299.423820,13
2854,299.915800,11
2855,299.785580,13
2856,299.508720,8
2857,299.945180,11
2858,299.853730,15
2859,299.809380,12
2860,300.121890,12
2861,299.983730,13
2862,298.648520,14
2863,299.518130,9
2864,299.594270,10
2865,300.260550,13
2866,299.595220,12
2867,299.346980,14
2868,300.803070,13
2869,299.908940,12
2870,299.252180,11
2871,299.359170,12
2872,299.066820,16
2873,299.575960,12
2874,299.447160,14
2875,298.782250,12
2876,300.082270,12
2877,299.967280,15
2878,299.699350,11
2879,299.957030,16
2880,299.767930,15
2881,299.614170,13
2882,299.976980,15
2883,300.483160,14
2884,299.976410,16
2885,299.011380,15
2886,299.697260,17
2887,300.480500,14
2888,299.283570,17
2889,299.306190,14
2890,301.187910,6
2891,300.654630,7
2892,300.885670,11
2893,301.030640,10
2894,300.927100,10
2895,300.379020,12
2896,300.989070,11
2897,300.932590,10
2898,300.690040,9
2899,300.670590,9
2900,300.576380,9
2901,300.790660,8
2902,300.702090,9
2903,301.071540,10
2904,300.664590,8
2905,300.802400,9
2906,300.397340,14
2907,300.641090,9
2908,300.521890,8
2909,300.411150,8
2910,300.037270,11
2911,299.864310,11
2912,300.210860,11
2913,300.156540,13
2914,300.530510,7
2915,300.645650,12
2916,301.076990,11
2917,300.795070,10
2918,300.220040,13
2919,300.546030,9
2920,300.541270,12
2921,300.666790,13
2922,300.194040,16
2923,300.215520,16
2924,300.686170,9
2925,301.002100,13
2926,300.165350,12
2927,300.265200,14
2928,300.647440,13
2929,300.960090,14
2930,299.762420,15
2931,300.975140,18
2932,299.861890,13
2933,300.268980,12
2934,300.524550,15
2935,299.557210,12
2936,300.571530,15
2937,300.417240,17
2938,299.982330,9
2939,300.240060,11
2940,299.932040,12
2941,300.300760,12
2942,299.406150,9
2943,299.536660,12
2944,300.444770,11
2945,299.607010,15
2946,299.692030,10
2947,300.387890,13
2948,300.321390,8
2949,300.344020,15
2950,300.617430,13
2951,300.907950,13
2952,301.075680,12
2953,300.487170,13
2954,300.361580,12
2955,300.750510,13
2956,300.311040,11
2957,301.425360,12
2958,301.553730,14
2959,300.083130,10
2960,299.426460,13
2961,299.643010,11
2962,300.473990,13
2963,299.589380,14
2964,299.775830,13
2965,299.790590,13
2966,300.523020,12
2967,299.301650,12
2968,300.649960,14
2969,299.902380,12
2970,299.756940,10
2971,300.052140,9
2972,299.167120,11
2973,299.480660,11
2974,299.564040,9
2975,299.571550,6
2976,299.339000,11
2977,300.117140,11
2978,300.029500,9
2979,300.114170,12
2980,299.790710,16
2981,300.010140,14
2982,299.854330,16
2983,299.857870,17
2984,300.304280,15
2985,300.237410,17
2986,299.396280,15
2987,300.239090,13
2988,300.163920,14
2989,299.174200,13
2990,298.829700,13
2991,299.015570,11
2992,299.350900,12
2993,299.217690,9
2994,298.851830,15
2995,299.230240,9
2996,299.256300,15
2997,299.576540,12
2998,299.425990,12
2999,298.958060,12
3000,298.678410,14
3001,298.531480,13
3002,299.397880,13
3003,298.722830,15
3004,299.153800,10
3005,298.988270,16
3006,298.959010,14
3007,299.175120,11
3008,298.637320,10
3009,298.545700,16
3010,298.326370,14
3011,298.512340,14
3012,297.209360,15
3013,298.054650,16
3014,298.125230,14
3015,297.785350,16
3016,298.093560,12
3017,297.067720,15
3018,298.004220,12
3019,297.089800,16
3020,297.432030,11
3021,297.770920,14
3022,298.090320,11
3023,297.517660,12
3024,296.895390,13
3025,297.253390,11
3026,297.610340,12
3027,297.354090,12
3028,297.949040,14
3029,297.842240,10
3030,298.423700,15
3031,298.018380,13
3032,297.581640,11
3033,298.337920,11
3034,297.763490,13
3035,298.154400,13
3036,298.053200,11
3037,298.308850,14
3038,297.899020,14
3039,297.461340,13
3040,296.690100,11
3041,296.929960,12
3042,297.457910,11
3043,296.564140,15
3044,297.095210,12
3045,297.269420,14
3046,297.324110,14
3047,297.249220,15
3048,296.518980,13
3049,296.929840,14
3050,295.981820,18
3051,297.826940,14
3052,297.328000,17
3053,297.226130,15
3054,297.463280,15
3055,296.788640,19
3056,297.434870,17
3057,297.474670,15
3058,297.381300,16
3059,295.981150,16
3060,296.991520,11
3061,297.044070,9
3062,296.279690,9
3063,296.082910,11
3064,297.399620,9
3065,297.005460,5
3066,296.705570,10
3067,296.749090,11
3068,296.816640,9
3069,296.505170,15
3070,296.983930,12
3071,296.393750,13
3072,297.370210,14
3073,296.847890,11
3074,296.686390,15
3075,296.907170,15
3076,296.370010,10
3077,295.978640,12
3078,296.346160,12
3079,296.622970,11
3080,296.531910,12
3081,295.636170,12
3082,296.450210,15
3083,296.662140,7
3084,296.939760,15
3085,295.833500,13
3086,297.124760,13
3087,295.897720,11
3088,296.492590,9
3089,296.840560,11
3090,297.144310,15
3091,297.436640,14
3092,297.648850,14
3093,297.074120,16
3094,296.171260,16
3095,296.553040,16
3096,296.363670,16
3097,296.829830,16
3098,296.696880,14
3099,297.456060,14
3100,296.761340,13
3101,296.703910,16
3102,296.942970,10
3103,296.753160,11
3104,296.621220,13
3105,297.522050,11
3106,296.525810,11
3107,296.708510,11
3108,296.568650,14
3109,297.655770,14
3110,296.860280,15
3111,297.914940,15
3112,297.336050,13
3113,297.035690,11
3114,297.411430,13
3115,298.453610,11
3116,297.024640,11
3117,297.326410,13
3118,297.265130,13
3119,298.010270,13
3120,297.483290,11
3121,297.906690,12
3122,297.999780,14
3123,297.574070,15
3124,298.001380,12
3125,297.998070,15
3126,298.229980,13
3127,298.197920,13
3128,298.424960,14
3129,298.175360,14
3130,298.285010,14
3131,298.914890,12
3132,298.128780,13
3133,298.570120,8
3134,297.987860,14
3135,297.926540,12
3136,298.447040,14
3137,298.625140,12
3138,297.561890,14
3139,298.837250,15
3140,298.472130,12
3141,297.912560,18
3142,298.225410,15
3143,298.275290,13
3144,299.323380,17
3145,299.206760,14
3146,298.665240,16
3147,299.082860,18
3148,298.852450,13
3149,298.427630,14
3150,298.443090,14
3151,298.786830,13
3152,298.559300,12
3153,298.787040,16
3154,298.532910,11
3155,299.432560,13
3156,298.913130,11
3157,299.137620,13
3158,299.258790,13
3159,299.183400,10
3160,298.121090,12
3161,298.702550,7
3162,298.898440,12
3163,298.774510,11
3164,298.541840,13
3165,299.081900,11
3166,298.043790,13
3167,298.370620,11
3168,298.747460,14
3169,298.841620,10
3170,297.865130,15
3171,298.521210,12
3172,298.201930,11
3173,298.605140,15
3174,298.568280,13
3175,299.047420,15
3176,299.300070,14
3177,298.747500,14
3178,298.713800,14
3179,297.751180,11
3180,297.473430,11
3181,297.356280,11
3182,297.900180,8
3183,297.881480,9
3184,298.499430,13
3185,297.559330,8
3186,297.385310,11
3187,297.754450,13
3188,297.724540,10
3189,297.741560,9
3190,298.293520,12
3191,297.402850,13
3192,297.541210,15
3193,297.284670,11
3194,298.511160,13
3195,297.792430,12
3196,297.237200,12
3197,297.844900,12
3198,297.311990,13
3199,298.147540,14
3200,298.056970,11
3201,298.213310,15
3202,297.209290,14
3203,298.341380,11
3204,297.885810,11
3205,298.129870,10
3206,298.076870,14
3207,298.529870,12
3208,297.892830,8
3209,297.669810,13
3210,297.182930,14
3211,298.212110,11
3212,298.165790,9
3213,298.328380,12
3214,297.996360,13
3215,297.427170,10
3216,297.987950,8
3217,297.509300,10
3218,297.627760,12
3219,298.237990,14
3220,298.866960,11
3221,298.401720,11
3222,298.390990,14
3223,298.389140,13
3224,297.418090,11
3225,297.951180,12
3226,297.933110,13
3227,297.744800,11
3228,298.096340,12
3229,297.557230,14
3230,299.341220,13
3231,298.510840,10
3232,298.490790,8
3233,297.911870,12
3234,298.536990,9
3235,299.440500,12
3236,298.918910,9
3237,298.788140,12
3238,299.100730,12
3239,298.384400,12
3240,298.538730,14
3241,297.886920,15
3242,298.422590,14
3243,299.253290,16
3244,298.733100,14
3245,299.696460,16
3246,298.413700,13
3247,299.070150,13
3248,298.641940,15
3249,298.789490,16
3250,299.068410,13
3251,297.856750,12
3252,297.740170,12
3253,299.222570,12
3254,298.217300,9
3255,298.241630,12
3256,298.121250,11
3257,298.784010,12
3258,298.534580,13
3259,298.219660,7
3260,298.295080,10
3261,298.235110,12
3262,298.379120,10
3263,298.451740,9
3264,298.883130,9
3265,298.512100,8
3266,298.500000,11
3267,298.528940,11
3268,298.713460,10
3269,298.695470,10
3270,299.006820,12
3271,299.064690,9
3272,298.743790,9
3273,298.728130,12
3274,298.712670,12
3275,298.686390,16
3276,299.150210,12
3277,299.109790,14
3278,298.934560,12
3279,298.306110,12
3280,298.623680,16
3281,298.444920,11
3282,298.901700,14
3283,298.569420,16
3284,298.194120,15
3285,299.296060,14
3286,298.047980,15
3287,298.316690,15
3288,298.536310,14
3289,298.734060,13
3290,298.290680,13
3291,297.889240,14
3292,298.238360,11
3293,298.939580,17
3294,298.223790,16
3295,298.335140,13
3296,298.223160,18
3297,298.446000,15
3298,298.626640,14
3299,298.923200,11
3300,298.192990,13
3301,298.276330,13
3302,298.425690,12
3303,298.201840,12
3304,298.348070,12
3305,298.912470,12
3306,298.581530,11
3307,298.551710,14
3308,298.975120,10
3309,298.691110,11
3310,299.180000,11
3311,299.560830,11
3312,298.845890,8
3313,299.055680,14
3314,298.591580,11
3315,299.261050,7
3316,298.851960,13
3317,298.566880,12
3318,298.760200,9
3319,299.060770,12
3320,298.871320,15
3321,299.524290,15
3322,298.288940,12
3323,298.870590,15
3324,298.310570,12
3325,298.758170,16
3326,299.329780,11
3327,299.605860,10
3328,299.352330,12
3329,299.980500,16
3330,299.482110,10
3331,299.287280,11
3332,299.392240,13
3333,299.792320,12
3334,299.886830,12
3335,299.402350,11
3336,299.777120,16
3337,298.853530,14
3338,299.748160,15
3339,300.528960,11
3340,300.175670,8
3341,300.197460,9
3342,299.951470,16
3343,300.032730,14
3344,300.430650,13
3345,299.648760,14
3346,299.890370,10
3347,299.818410,11
3348,299.758420,14
3349,299.703890,11
3350,300.265210,12
3351,300.713390,12
3352,300.379060,8
3353,299.974250,14
3354,300.040300,11
3355,299.710880,10
3356,300.669860,11
3357,300.197140,12
3358,300.276400,4
3359,299.970130,12
3360,300.369230,14
3361,301.516760,13
3362,300.751990,10
3363,301.032830,12
3364,300.830730,13
3365,300.649500,14
3366,301.302780,15
3367,300.730880,10
3368,301.564990,17
3369,301.467100,15
3370,301.497100,13
3371,301.712870,13
3372,300.873840,11
3373,301.150870,11
3374,300.935370,11
3375,301.510260,13
3376,301.766830,11
3377,301.063670,8
3378,301.631610,14
3379,300.798650,11
3380,300.708770,12
3381,300.944550,13
3382,300.268100,10
3383,301.189230,15
3384,300.425320,10
3385,300.634020,10
3386,301.316430,15
3387,301.193950,10
3388,299.972530,15
3389,300.136030,12
3390,299.998120,13
3391,300.063190,14
3392,299.706410,14
3393,299.734520,12
3394,300.483180,12
3395,300.485690,10
3396,299.601320,9
3397,300.625720,14
3398,300.256700,11
3399,299.942860,13
3400,299.621430,14
3401,299.546310,10
3402,299.749300,14
3403,299.129360,11
3404,299.153560,10
3405,299.187830,13
3406,299.020150,10
3407,300.041380,10
3408,299.735460,10
3409,299.732670,9
3410,299.606070,13
3411,298.753480,13
3412,298.739820,12
3413,298.806790,12
3414,299.899240,12
3415,299.392640,9
3416,299.430460,14
3417,299.715000,13
3418,299.513970,13
3419,299.281540,9
3420,299.484280,18
3421,299.345510,16
3422,299.420920,14
3423,299.671080,16
3424,298.947080,11
3425,300.379620,13
3426,299.619800,14
3427,300.413620,16
3428,298.956700,14
3429,299.541390,12
3430,299.544500,13
3431,299.911620,15
3432,299.905210,12
3433,299.924910,12
3434,299.453690,13
3435,299.133550,16
3436,299.544910,13
3437,300.151400,13
3438,299.668810,14
3439,299.224560,14
3440,299.624390,13
3441,299.401450,12
3442,299.741200,12
3443,300.288620,12
3444,299.778370,12
3445,299.586150,11
3446,298.782180,13
3447,300.589150,12
3448,299.944750,13
3449,299.812520,11
3450,299.968850,13
3451,300.052790,14
3452,299.957350,14
3453,299.683110,12
3454,299.426340,14
3455,299.775890,18
3456,299.762070,13
3457,300.274270,9
3458,299.802920,12
3459,300.131810,13
3460,300.262040,11
3461,300.268720,15
3462,299.519180,14
3463,299.071490,14
3464,300.028750,12
3465,299.274660,11
3466,299.405030,14
3467,300.126630,11
3468,299.746950,11
3469,299.708050,12
3470,299.862530,9
3471,299.398050,11
3472,299.988500,15
3473,300.146820,16
3474,299.994420,9
3475,299.481140,13
3476,300.161280,13
3477,299.940850,12
3478,299.671690,13
3479,299.137560,11
3480,299.427820,7
3481,300.034360,11
3482,299.254720,6
3483,299.541410,9
3484,299.576120,11
3485,299.151650,7
3486,299.008590,9
3487,299.606960,11
3488,299.379100,10
3489,299.371040,9
3490,299.849060,14
3491,299.159000,18
3492,299.057670,9
3493,299.396820,12
3494,299.997640,15
3495,298.964030,17
3496,299.680640,13
3497,299.619510,11
3498,299.807830,15
3499,299.016780,14
3500,299.265880,13
3501,299.181620,10
3502,299.488280,13
3503,299.329090,9
3504,299.841890,10
3505,300.192490,12
3506,299.147180,11
3507,298.786970,15
3508,299.202590,11
3509,299.736120,10
3510,299.356850,12
3511,299.849840,15
3512,299.378840,13
3513,299.383910,16
3514,299.798190,17
3515,299.185540,15
3516,299.662640,14
3517,299.035250,17
3518,299.643130,16
3519,299.454320,16
3520,300.274400,11
3521,299.779340,15
3522,300.108740,12
3523,299.752690,11
3524,299.969380,12
3525,300.644010,15
3526,299.608200,14
3527,299.963470,14
3528,299.664680,10
3529,299.481140,11
3530,299.588210,10
3531,300.236570,17
3532,300.003170,15
3533,299.962590,15
3534,299.767920,14
3535,299.854620,16
3536,299.359930,16
3537,300.687980,10
3538,300.795680,14
3539,300.528470,19
3540,300.465370,15
3541,300.547830,11
3542,300.116670,14
3543,300.733710,13
3544,300.134260,15
3545,300.397960,11
3546,300.291700,11
3547,300.401190,12
3548,300.347160,9
3549,300.090420,10
3550,300.341140,10
3551,300.569620,8
3552,301.098860,14
3553,300.602020,11
3554,300.396700,9
3555,301.053280,12
3556,300.060150,11
3557,300.490710,13
3558,300.125580,11
3559,300.636760,14
3560,300.969230,10
3561,300.889060,10
3562,300.971980,10
3563,300.720200,9
3564,300.698830,10
3565,300.196010,11
3566,301.095680,10
3567,300.773030,10
3568,300.757270,12
3569,300.414100,12
3570,301.232910,15
3571,301.144160,13
3572,300.701280,14
3573,301.408950,12
3574,302.204930,16
3575,301.863880,11
3576,302.037520,16
3577,301.529840,13
3578,300.550090,13
3579,300.920410,12
3580,302.450730,10
3581,301.581720,10
3582,301.508790,12
3583,302.040350,11
3584,301.873130,9
3585,301.154840,11
3586,301.619960,9
3587,302.367490,12
3588,301.844490,11
3589,301.371180,10
3590,302.275150,15
3591,301.685160,11
3592,301.544480,9
3593,301.800820,8
3594,301.264410,8
3595,301.336610,15
3596,301.508870,11
3597,301.918060,13
3598,301.154970,11
3599,302.024630,14
3600,301.943020,11
3601,302.395340,11
3602,302.262070,13
3603,301.913140,14
3604,302.520110,13
3605,301.970790,13
3606,302.060220,12
3607,301.447360,8
3608,302.052500,12
3609,302.393950,10
3610,302.290210,13
3611,302.907330,14
3612,302.492520,13
3613,302.291820,16
3614,302.582870,11
3615,302.703260,14
3616,301.820620,13
3617,302.310850,10
3618,302.145180,13
3619,301.909930,15
3620,302.358440,15
3621,302.628970,17
3622,302.325410,15
3623,303.409020,12
3624,303.682380,14
3625,303.521240,16
3626,302.787640,16
3627,302.729740,15
3628,302.542960,17
3629,302.318130,13
3630,302.829030,16
3631,302.659080,15
3632,302.674690,15
3633,302.622500,14
3634,301.926690,14
3635,302.393790,14
3636,302.946290,14
3637,302.636710,14
3638,302.049200,17
3639,302.424970,16
3640,302.428340,9
3641,302.620570,16
3642,302.413660,12
3643,301.924500,14
3644,301.959610,11
3645,302.769770,13
3646,302.886420,11
3647,302.953410,11
3648,302.587230,13
3649,302.360960,11
3650,302.663130,11
3651,302.562430,12
3652,302.592540,12
3653,302.422000,10
3654,302.805970,15
3655,302.268030,13
3656,303.020870,10
3657,302.716440,11
3658,302.274540,14
3659,302.524280,12
3660,301.957870,12
3661,302.676240,17
3662,302.351600,17
3663,302.458970,16
3664,302.829200,17
3665,301.701610,15
3666,302.181540,14
3667,301.748320,17
3668,301.999710,10
3669,302.608610,15
3670,302.182120,12
3671,302.188880,14
3672,302.428610,14
3673,302.441400,13
3674,302.181340,12
3675,302.354990,11
3676,301.919190,13
3677,301.412290,15
3678,302.082100,12
3679,302.768150,12
3680,301.325540,13
3681,301.679100,14
3682,302.385170,14
3683,301.545400,13
3684,301.088100,14
3685,301.487950,15
3686,301.892490,13
3687,301.880550,17
3688,301.498840,13
3689,302.219450,13
3690,302.065820,9
3691,302.739970,12
3692,302.110040,8
3693,302.597450,9
3694,301.985690,10
3695,301.799510,9
3696,301.847040,10
3697,301.784020,13
3698,302.317140,11
3699,302.061110,9
3700,302.112330,14
3701,302.608760,10
3702,302.584990,10
3703,302.596010,12
3704,302.182480,11
3705,302.373140,12
3706,302.088410,11
3707,301.736810,13
3708,302.401860,11
3709,302.153460,10
3710,302.873600,12
3711,301.437960,16
3712,302.438350,16
3713,302.720540,12
3714,302.134230,14
3715,302.696920,15
3716,302.610560,13
3717,302.914790,20
3718,301.805350,16
3719,302.236510,15
3720,302.568000,17
3721,302.877530,16
3722,302.951300,16
3723,302.516640,17
3724,301.063610,18
3725,302.106360,16
3726,302.289380,15
3727,302.364030,17
3728,302.171010,15
3729,301.791240,15
3730,302.047750,16
3731,302.332070,12
3732,301.382060,15
3733,302.754950,13
3734,301.827940,14
3735,301.066730,14
3736,302.542630,14
3737,301.890710,16
3738,302.333030,19
3739,301.498390,12
3740,301.892330,16
3741,302.293890,14
3742,301.929400,13
3743,302.208370,16
3744,301.762710,15
3745,300.918050,17
3746,302.027630,15
3747,301.814070,16
3748,302.334840,16
3749,302.489900,16
3750,301.920660,14
3751,301.743060,14
3752,303.111250,13
3753,301.820120,11
3754,301.541220,16
3755,301.459140,13
3756,301.347070,12
3757,303.035480,16
3758,302.113780,13
3759,302.518040,17
3760,302.937160,13
3761,302.209640,10
3762,302.956460,11
3763,303.085880,13
3764,302.227120,13
3765,302.741960,15
3766,302.535100,11
3767,303.098560,11
3768,302.088580,14
3769,302.746600,10
3770,302.982310,13
3771,303.689080,11
3772,303.168810,14
3773,302.528530,13
3774,303.033680,12
3775,302.745580,11
3776,302.398050,10
3777,302.393600,14
3778,303.362770,14
3779,303.179800,13
3780,303.547910,14
3781,303.085280,16
3782,303.927830,12
3783,304.008650,14
3784,303.453340,16
3785,303.530910,18
3786,303.678710,17
3787,302.710780,15
3788,303.379280,17
3789,304.437610,16
3790,303.365210,15
3791,303.870860,14
3792,303.091980,13
3793,303.320520,13
3794,302.536850,16
3795,303.579070,15
3796,303.315970,14
3797,303.341960,12
3798,303.429170,13
3799,303.976950,17
3800,303.189740,12
3801,302.864520,13
3802,303.628490,14
3803,303.355260,11
3804,303.235510,12
3805,303.223320,14
3806,304.286510,15
3807,303.343020,11
3808,303.112780,11
3809,303.635600,12
3810,304.117320,11
3811,303.537690,13
3812,304.245800,13
3813,303.705730,11
3814,302.922930,12
3815,303.999520,15
3816,302.852660,12
3817,303.507030,12
3818,303.144150,14
3819,303.454210,14
3820,304.174130,12
3821,303.593940,12
3822,304.005220,9
3823,304.362710,12
3824,304.725400,13
3825,304.204900,14
3826,303.132860,10
3827,304.573710,12
3828,303.860440,12
3829,303.387820,13
3830,303.441950,11
3831,303.438300,14
3832,302.986200,14
3833,303.721370,12
3834,304.904550,14
3835,304.505160,10
3836,303.791590,8
3837,303.164560,15
3838,304.380260,13
3839,303.357140,13
3840,303.634660,12
3841,303.822220,14
3842,304.186630,10
3843,303.768880,14
3844,304.060370,15
3845,303.437710,14
3846,302.949660,14
3847,303.501430,9
3848,303.698760,16
3849,303.154500,12
3850,303.364920,8
3851,303.167970,6
3852,303.259880,9
3853,303.448240,10
3854,303.882770,10
3855,303.874550,9
3856,303.187940,10
3857,303.646190,8
3858,303.556990,10
3859,303.507770,7
3860,303.619780,11
3861,303.481610,12
3862,303.608800,10
3863,303.660000,10
3864,303.341040,13
3865,303.622940,16
3866,303.061680,13
3867,303.295420,13
3868,303.168100,13
3869,303.785630,12
3870,302.726940,10
3871,302.799200,12
3872,302.948390,14
3873,302.985570,12
3874,302.945690,14
3875,303.016850,12
3876,303.244030,10
3877,303.420350,13
3878,302.872100,11
3879,303.622160,13
3880,303.283730,10
3881,302.774620,11
3882,303.519310,11
3883,302.882520,10
3884,303.565280,12
3885,302.739770,11
3886,303.201660,10
3887,303.409070,14
3888,302.762700,16
3889,302.950370,9
3890,303.394500,16
3891,303.506860,17
3892,302.501370,15
3893,302.660790,16
3894,302.937370,13
3895,303.635380,13
3896,303.645860,16
3897,302.600240,12
3898,302.272870,15
3899,303.238710,14
3900,302.831070,17
3901,303.645440,14
3902,303.394540,14
3903,303.470290,14
3904,303.879700,14
3905,303.599960,12
3906,303.600200,16
3907,302.559280,16
3908,303.916340,16
3909,303.523080,12
3910,302.462400,13
3911,302.964190,10
3912,303.901480,11
3913,302.554330,12
3914,303.231420,11
3915,303.203700,10
3916,303.236790,10
3917,302.910350,12
3918,303.479170,8
3919,303.651350,15
3920,304.782780,15
3921,304.436030,10
3922,303.244410,14
3923,303.539870,14
3924,303.343880,14
3925,304.175930,14
3926,303.674500,13
3927,304.397310,17
3928,303.608190,12
3929,304.331310,14
3930,303.822060,11
3931,304.513770,12
3932,303.821530,11
3933,303.904230,8
3934,303.967680,10
3935,304.378000,13
3936,304.045480,13
3937,304.285040,12
3938,304.049980,10
3939,304.044900,11
3940,303.932330,13
3941,303.086940,12
3942,303.650270,11
3943,303.921080,10
3944,303.819240,10
3945,303.156950,10
3946,304.912120,11
3947,304.215380,10
3948,303.567250,12
3949,303.707980,14
3950,303.374010,14
3951,303.307070,15
3952,302.497700,16
3953,303.336070,13
3954,304.247570,15
3955,303.522180,16
3956,303.576890,16
3957,303.738700,14
3958,303.633050,11
3959,303.441230,16
3960,303.700920,13
3961,303.335360,11
3962,302.684300,13
3963,303.119280,15
3964,302.401350,12
3965,303.170710,12
3966,302.674680,15
3967,302.577710,10
3968,303.387600,13
3969,303.752140,14
3970,303.033450,12
3971,302.845730,11
3972,303.455430,10
3973,302.985410,12
3974,303.332210,13
3975,303.178130,11
3976,302.643900,13
3977,303.165430,11
3978,303.415270,9
3979,302.590510,12
3980,302.602090,17
3981,302.883740,14
3982,302.248110,9
3983,302.385090,10
3984,302.336240,14
3985,303.006070,13
3986,302.920930,14
3987,302.995760,13
3988,303.454850,13
3989,303.150250,14
3990,302.241480,16
3991,303.005320,12
3992,302.904370,11
3993,302.873090,12
3994,302.300440,8
3995,303.059090,13
3996,302.448700,11
3997,302.325830,14
3998,302.037450,12
3999,302.698010,11
4000,302.280210,7
4001,302.371010,8
4002,302.291790,13
4003,302.676510,5
4004,302.502400,11
4005,302.617560,9
4006,302.372800,8
4007,302.253370,8
4008,302.044680,9
4009,302.940000,10
4010,303.186610,11
4011,303.854650,16
4012,303.059950,12
4013,302.840130,12
4014,303.596540,12
4015,303.244220,12
4016,303.090870,14
4017,303.583080,13
4018,303.715290,13
4019,303.800610,10
4020,304.009370,13
4021,303.492290,14
4022,303.945050,12
4023,303.407270,14
4024,303.594200,12
4025,304.159980,15
4026,304.965450,13
4027,304.483380,16
4028,303.626340,11
4029,304.289890,16
4030,304.433400,13
4031,304.382300,13
4032,304.363210,12
4033,303.874690,12
4034,304.073560,12
4035,303.880540,14
4036,304.338270,14
4037,303.675690,13
4038,304.385540,13
4039,304.605020,16
4040,304.004990,8
4041,303.585690,11
4042,303.730430,9
4043,303.870210,8
4044,304.034070,11
4045,304.264270,8
4046,303.988310,5
4047,304.204110,8
4048,303.665880,9
4049,303.375430,10
4050,302.651930,17
4051,304.420500,16
4052,303.999380,12
4053,304.248050,14
4054,303.259000,12
4055,303.473030,15
4056,304.878720,19
4057,303.788670,14
4058,304.196540,13
4059,303.932160,14
4060,303.700330,14
4061,304.989960,15
4062,304.514070,13
4063,304.129160,13
4064,304.632850,16
4065,303.730520,16
4066,304.088570,13
4067,305.002600,14
4068,305.061210,16
4069,305.338860,14
4070,305.616540,16
4071,304.710940,13
4072,305.865480,14
4073,304.730390,14
4074,305.319020,14
4075,304.834130,12
4076,304.959630,15
4077,305.028930,14
4078,304.540370,15
4079,304.840920,14
4080,304.549210,12
4081,304.928640,14
4082,304.591010,9
4083,304.872310,16
4084,305.288920,15
4085,304.689870,14
4086,304.834070,10
4087,305.353690,14
4088,305.206400,16
4089,304.304730,14
4090,304.898240,12
4091,304.517620,14
4092,304.794400,12
4093,304.358370,17
4094,305.040970,15
4095,303.627730,15
4096,304.154970,13
4097,303.922790,16
4098,304.977470,14
4099,304.889130,13
4100,304.263560,15
4101,305.037290,14
4102,304.176140,16
4103,304.138640,16
4104,305.242090,14
4105,304.386780,10
4106,304.668080,12
4107,304.613420,15
4108,305.228030,15
4109,304.753150,11
4110,304.956280,19
4111,304.160140,15
4112,305.302120,15
4113,303.931000,15
4114,304.296980,16
4115,303.823590,15
4116,305.509550,15
4117,303.793240,17
4118,305.495760,16
4119,304.767420,15
4120,304.464370,17
4121,305.648850,13
4122,304.630670,13
4123,305.587490,14
4124,305.152170,14
4125,304.914190,13
4126,305.576400,13
4127,304.681500,14
4128,305.900160,18
4129,304.661030,15
4130,305.707260,16
4131,304.733350,10
4132,304.726440,17
4133,304.052770,13
4134,304.787930,14
4135,305.450090,16
4136,305.143390,13
4137,304.324500,14
4138,304.755850,12
4139,304.219920,14
4140,305.332500,10
4141,305.632700,10
4142,304.303490,16
4143,304.648880,12
4144,305.682950,15
4145,304.742020,13
4146,305.040370,11
4147,305.840610,13
4148,305.268060,12
4149,305.436480,9
4150,304.364600,11
4151,304.952550,10
4152,304.336430,14
4153,304.006780,12
4154,304.373050,13
4155,305.021090,10
4156,305.089110,11
4157,304.284880,12
4158,304.094780,16
4159,304.503690,13
4160,304.780150,14
4161,304.989640,8
4162,304.806660,12
4163,305.231880,13
4164,304.683780,12
4165,304.378130,11
4166,304.609620,8
4167,304.811430,11
4168,304.754190,7
4169,304.978540,11
4170,304.989660,14
4171,305.513120,13
4172,305.855360,12
4173,304.864080,13
4174,304.386840,12
4175,305.095060,11
4176,305.476140,9
4177,305.151490,10
4178,305.447900,12
4179,304.906590,14
4180,304.950420,12
4181,304.481140,11
4182,305.234070,10
4183,304.335210,12
4184,304.939880,14
4185,304.795830,7
4186,305.517890,12
4187,304.742820,7
4188,305.024400,8
4189,305.105370,14
4190,304.117080,15
4191,304.429750,15
4192,303.900130,9
4193,304.631150,13
4194,304.515230,11
4195,304.756520,13
4196,305.164250,13
4197,304.246450,12
4198,304.886710,12
4199,303.830960,15
4200,303.680590,13
4201,304.411470,10
4202,304.441590,13
4203,303.899120,11
4204,304.094490,13
4205,304.437290,8
4206,304.691630,7
4207,304.528280,12
4208,304.545900,13
4209,304.523730,10
4210,303.777820,14
4211,304.966200,14
4212,303.796920,14
4213,303.914170,12
4214,303.874760,10
4215,304.276210,12
4216,304.081940,15
4217,303.409300,15
4218,303.597780,15
4219,304.364070,14
4220,304.437740,15
4221,305.125760,12
4222,305.058430,14
4223,304.064840,12
4224,305.468860,15
4225,304.558450,11
4226,305.204570,12
4227,304.891800,13
4228,305.072080,10
4229,305.276750,11
4230,304.657040,15
4231,305.451610,10
4232,305.498640,13
4233,305.260370,12
4234,305.410690,13
4235,305.046220,12
4236,305.222890,11
4237,305.768250,15
4238,305.332940,17
4239,305.302720,8
4240,304.810010,14
4241,305.359320,15
4242,304.709830,14
4243,305.110750,18
4244,304.556140,15
4245,304.472400,13
4246,305.570110,18
4247,304.945540,15
4248,304.909110,16
4249,305.799910,14
4250,304.163840,8
4251,304.874170,12
4252,304.556660,14
4253,304.424120,11
4254,305.088580,12
4255,304.980580,10
4256,304.444610,8
4257,304.464370,9
4258,304.565210,14
4259,304.459700,8
4260,304.759300,15
4261,303.769860,16
4262,304.714570,13
4263,303.609360,13
4264,304.163260,16
4265,304.069680,12
4266,304.650230,16
4267,304.665780,15
4268,304.565100,16
4269,304.551070,14
4270,304.121460,18
4271,304.452820,11
4272,304.383320,14
4273,304.699470,11
4274,304.994470,16
4275,304.390480,16
4276,304.693160,13
4277,304.540470,15
4278,304.022180,15
4279,304.376810,16
4280,304.951570,13
4281,304.354420,14
4282,303.970030,13
4283,304.057140,9
4284,304.347350,13
4285,304.645860,15
4286,304.120100,12
4287,304.488580,15
4288,304.192260,12
4289,304.211310,13
4290,304.891740,15
4291,305.083240,13
4292,305.341180,15
4293,304.967010,11
4294,304.550350,13
4295,304.077630,14
4296,304.481570,10
4297,304.790140,13
4298,304.878880,16
4299,304.341850,9
4300,304.651600,13
4301,304.315030,10
4302,304.297550,14
4303,305.215390,13
4304,304.398250,12
4305,303.359700,14
4306,304.404970,11
4307,304.277240,11
4308,304.302960,14
4309,304.588100,11
4310,304.476760,13
4311,304.239950,15
4312,304.340280,14
4313,304.704730,12
4314,304.360170,10
4315,304.111060,13
4316,304.758790,11
4317,303.931120,14
4318,303.990800,13
4319,303.900080,14
4320,304.379030,10
4321,304.447790,10
4322,303.648520,11
4323,303.725740,11
4324,304.365390,9
4325,303.958410,12
4326,304.222270,12
4327,304.522050,13
4328,303.988130,10
4329,304.394180,10
4330,303.810960,14
4331,303.813360,14
4332,304.624380,12
4333,303.530970,16
4334,303.677390,9
4335,304.372330,11
4336,304.851030,12
4337,303.972460,15
4338,304.597450,13
4339,304.491590,11
4340,304.340410,14
4341,304.196230,14
4342,303.721370,16
4343,304.529560,13
4344,304.483740,15
4345,304.477450,15
4346,304.289880,13
4347,303.796100,13
4348,304.700740,14
4349,304.003160,15
4350,304.504370,13
4351,304.694880,12
4352,304.900250,10
4353,303.841210,10
4354,303.925610,12
4355,304.405470,12
4356,304.488930,12
4357,304.224220,11
4358,304.027270,11
4359,304.078810,11
4360,304.396200,11
4361,304.083290,17
4362,304.721070,14
4363,304.392260,13
4364,304.029080,14
4365,303.900050,13
4366,304.571450,15
4367,304.660150,15
4368,304.739330,15
4369,304.315730,15
4370,303.886490,11
4371,304.108250,13
4372,303.623600,15
4373,303.871320,11
4374,303.610520,15
4375,303.741570,12
4376,304.132540,13
4377,303.718360,11
4378,303.322610,15
4379,303.597320,17
4380,304.875370,16
4381,303.589860,13
4382,303.913800,17
4383,303.132730,13
4384,304.039480,14
4385,303.287080,18
4386,304.839370,14
4387,303.922420,14
4388,303.946250,14
4389,303.950380,11
4390,303.660840,13
4391,304.396660,15
4392,304.939120,17
4393,303.579240,13
4394,303.657660,13
4395,304.127790,14
4396,303.841090,15
4397,303.801920,17
4398,304.122670,13
4399,304.488400,8
4400,304.282690,12
4401,303.841200,15
4402,303.391620,15
4403,304.686590,16
4404,303.822750,12
4405,303.997220,16
4406,304.012080,13
4407,304.667840,15
4408,304.282660,11
4409,304.092500,15
4410,304.080940,11
4411,304.683930,13
4412,304.750290,11
4413,304.508450,11
4414,305.041010,15
4415,305.138820,11
4416,305.080000,14
4417,304.815140,13
4418,304.707840,18
4419,304.974900,14
4420,304.309470,13
4421,305.131280,11
4422,304.880230,12
4423,304.874570,12
4424,304.455570,8
4425,304.470950,13
4426,305.128500,15
4427,304.339670,12
4428,305.356070,13
4429,304.750930,14
4430,303.978190,19
4431,304.644750,14
4432,305.120500,12
4433,304.954920,17
4434,303.917690,14
4435,304.259560,16
4436,304.902860,16
4437,304.377490,14
4438,304.790970,17
4439,304.741750,16
4440,304.759560,11
4441,305.118920,11
4442,304.479200,11
4443,305.076690,10
4444,304.868280,11
4445,304.658400,10
4446,304.514370,12
4447,305.282940,9
4448,305.279900,11
4449,305.385240,8
4450,304.845260,14
4451,304.808740,15
4452,305.189570,15
4453,305.385710,13
4454,305.309290,13
4455,305.509910,11
4456,305.592790,18
4457,306.311400,17
4458,306.093450,13
4459,305.051670,16
4460,304.720180,10
4461,304.997110,9
4462,305.621670,9
4463,305.040110,6
4464,305.620710,10
4465,305.130060,8
4466,304.982280,11
4467,305.157510,10
4468,305.106560,9
4469,304.932440,7
4470,304.996570,12
4471,304.752570,12
4472,305.315560,15
4473,305.239230,13
4474,304.636010,11
4475,305.539580,8
4476,304.282710,16
4477,305.308070,14
4478,304.685850,13
4479,304.712070,7
4480,304.515630,12
4481,304.748980,14
4482,304.739550,12
4483,305.023660,13
4484,304.505140,11
4485,304.885300,12
4486,304.439170,12
4487,304.397980,13
4488,304.341970,13
4489,305.119850,14
4490,304.796670,11
4491,304.668890,13
4492,304.599040,13
4493,304.277080,12
4494,304.044030,13
4495,304.246030,16
4496,304.827240,16
4497,304.900200,14
4498,304.606530,12
4499,304.219710,15
4500,303.932060,11
4501,304.514030,10
4502,304.061880,15
4503,304.341520,10
4504,303.858730,13
4505,304.058700,10
4506,303.923010,12
4507,303.732520,13
4508,304.840800,15
4509,304.585910,7
4510,304.376370,16
4511,304.868470,13
4512,304.321020,13
4513,304.396980,10
4514,304.756450,8
4515,304.550400,14
4516,304.410810,10
4517,304.567850,8
4518,304.676290,10
4519,303.905990,16
4520,304.975970,12
4521,304.827070,9
4522,304.799450,13
4523,304.205370,10
4524,305.191050,13
4525,304.906010,11
4526,305.129860,10
4527,304.501300,14
4528,304.715710,12
4529,304.752130,10
4530,304.060450,14
4531,303.395510,12
4532,303.478800,15
4533,303.881540,14
4534,304.462880,12
4535,303.925610,12
4536,303.942670,16
4537,303.880230,15
4538,303.814210,10
4539,303.573090,14
4540,304.327250,12
4541,303.455300,11
4542,303.550010,11
4543,303.235470,11
4544,303.568710,16
4545,303.829780,12
4546,304.433430,12
4547,303.766490,13
4548,303.789390,11
4549,304.146380,15
4550,302.907840,13
4551,303.047070,16
4552,303.437530,12
4553,303.365230,15
4554,303.080060,18
4555,303.544940,12
4556,302.492200,12
4557,303.075720,11
4558,303.013750,12
4559,303.574320,13
4560,303.187420,14
4561,302.608080,9
4562,304.095590,11
4563,303.682940,13
4564,302.995850,14
4565,303.333580,14
4566,303.724830,11
4567,303.169970,13
4568,304.023630,13
4569,303.733970,14
4570,302.840540,12
4571,302.557750,10
4572,303.031520,13
4573,302.986480,12
4574,302.519260,10
4575,302.393310,9
4576,302.780510,12
4577,303.161990,14
4578,302.980880,11
4579,302.305640,10
4580,302.429930,14
4581,302.753610,15
4582,302.844900,17
4583,302.830600,14
4584,303.363270,15
4585,302.527260,16
4586,302.307010,14
4587,302.714580,16
4588,302.375870,18
4589,302.085330,14
4590,302.768490,13
4591,303.099230,15
4592,303.676280,11
4593,302.931060,15
4594,303.964290,15
4595,303.100830,12
4596,302.427000,14
4597,303.070610,10
4598,302.498670,17
4599,303.179500,12
4600,304.214180,11
4601,303.762140,14
4602,302.649090,13
4603,302.492610,12
4604,303.260860,12
4605,303.353620,10
4606,303.495510,11
4607,303.188930,12
4608,303.547640,11
4609,303.536590,11
4610,303.213940,13
4611,303.303180,10
4612,303.828420,11
4613,303.984530,13
4614,303.732190,13
4615,303.808860,8
4616,304.401800,13
4617,303.713500,10
4618,303.517820,11
4619,304.372500,13
4620,303.101880,12
4621,303.493420,10
4622,304.010250,12
4623,303.441870,10
4624,303.199520,12
4625,303.664880,15
4626,303.130220,12
4627,303.523200,14
4628,303.415570,10
4629,303.301610,16
4630,303.245190,19
4631,302.296980,18
4632,302.765490,16
4633,302.743650,18
4634,303.725670,18
4635,303.178080,16
4636,303.178970,20
4637,303.452040,18
4638,302.109470,19
4639,303.122260,17
4640,303.507350,10
4641,303.642270,10
4642,303.512070,11
4643,303.121150,15
4644,303.699450,12
4645,303.290930,11
4646,303.855160,11
4647,304.156700,16
4648,303.663280,13
4649,304.106960,12
4650,303.662330,13
4651,303.553520,15
4652,303.912290,14
4653,304.081040,16
4654,303.387420,15
4655,303.809200,10
4656,303.777550,14
4657,303.093910,13
4658,303.924030,14
4659,303.913160,16
4660,303.586500,16
4661,302.909090,14
4662,303.359050,12
4663,302.912270,14
4664,303.094700,13
4665,304.073620,16
4666,302.564200,15
4667,303.126140,12
4668,303.737520,11
4669,303.248280,18
4670,303.307410,10
4671,303.433950,12
4672,303.889790,12
4673,303.253120,8
4674,303.925320,12
4675,303.624090,13
4676,303.395720,16
4677,303.743060,14
4678,303.744240,10
4679,303.847450,13
4680,303.641880,15
4681,303.169630,13
4682,303.730000,14
4683,303.199290,11
4684,303.271240,13
4685,303.706860,10
4686,303.341360,13
4687,302.825340,11
4688,302.543070,11
4689,303.687440,12
4690,303.347090,17
4691,304.595360,17
4692,303.640830,16
4693,302.970910,16
4694,303.035940,17
4695,303.841530,16
4696,303.466810,13
4697,303.098360,14
4698,304.151840,19
4699,304.412940,17
4700,304.453770,15
4701,303.780010,13
4702,302.822320,14
4703,303.904710,12
4704,304.039030,12
4705,303.748260,15
4706,303.308520,15
4707,303.057230,17
4708,303.291840,13
4709,303.920900,13
4710,304.091010,11
4711,303.437390,14
4712,303.319140,14
4713,304.561220,17
4714,303.398160,14
4715,303.537320,11
4716,303.596040,14
4717,304.007740,15
4718,302.786870,13
4719,303.188020,14
4720,303.942480,12
4721,303.918380,12
4722,303.472910,11
4723,303.668110,12
4724,303.791340,8
4725,303.790090,15
4726,303.811400,11
4727,303.774180,9
4728,304.115490,15
4729,303.748850,13
4730,303.587690,11
4731,303.112010,15
4732,303.850130,12
4733,304.422880,13
4734,303.705080,10
4735,303.266520,12
4736,303.602090,14
4737,303.695270,13
4738,303.744310,13
4739,303.221760,9
4740,303.953490,13
4741,303.798990,12
4742,304.015510,16
4743,303.639370,15
4744,303.508030,16
4745,303.083610,14
4746,304.084820,16
4747,304.007030,15
4748,303.981820,12
4749,303.399440,16
4750,303.838130,15
4751,304.418500,16
4752,303.570940,16
4753,303.928210,11
4754,303.707120,13
4755,303.912410,14
4756,303.682540,16
4757,304.100760,15
4758,304.028410,11
4759,304.538220,15
4760,303.651940,14
4761,303.999770,13
4762,303.226050,15
4763,303.197490,14
4764,303.640670,13
4765,303.461500,14
4766,302.833880,16
4767,303.464340,13
4768,303.623660,14
4769,304.085920,14
4770,304.153430,12
4771,303.528440,11
4772,303.075280,12
4773,304.151990,13
4774,304.209360,13
4775,303.965090,13
4776,304.061350,15
4777,303.432860,9
4778,304.064150,15
4779,303.856940,14
4780,304.352280,16
4781,304.044700,16
4782,304.805850,15
4783,303.724790,14
4784,303.785420,13
4785,303.634280,13
4786,303.389770,12
4787,303.540550,14
4788,303.136890,14
4789,303.871400,15
4790,303.395250,11
4791,303.564570,15
4792,303.812140,12
4793,304.042610,13
4794,303.546400,11
4795,303.902860,11
4796,303.023830,14
4797,303.977790,14
4798,303.357740,11
4799,303.204380,13
4800,302.985520,12
4801,302.060360,12
4802,302.428750,14
4803,302.850200,12
4804,303.069120,9
4805,302.530310,15
4806,302.490500,12
4807,302.388190,10
4808,302.314980,12
4809,302.774610,11
4810,302.783930,16
4811,302.176980,12
4812,302.758580,8
4813,303.481790,12
4814,302.439350,15
4815,302.979770,13
4816,303.089120,14
4817,301.557730,14
4818,302.230550,11
4819,302.527780,13
4820,302.345180,13
4821,302.025280,11
4822,302.176130,13
4823,302.902480,14
4824,302.449860,14
4825,302.227300,12
4826,302.315630,15
4827,302.766780,13
4828,302.980460,14
4829,302.842370,15
4830,302.245270,9
4831,301.571040,8
4832,302.744980,14
4833,303.173210,13
4834,302.423010,10
4835,302.202800,12
4836,302.743500,17
4837,302.259080,7
4838,301.885920,14
4839,302.020810,13
4840,301.974250,13
4841,302.456620,11
4842,302.532820,12
4843,302.555290,9
4844,302.729330,10
4845,302.206870,14
4846,301.381660,11
4847,301.864730,11
4848,302.941570,15
4849,301.925530,10
4850,302.325180,11
4851,302.446610,12
4852,302.526240,10
4853,302.397110,8
4854,302.539990,13
4855,302.320500,12
4856,302.539380,11
4857,301.817950,7
4858,302.575800,9
4859,302.608200,9
4860,302.459910,17
4861,302.338630,16
4862,301.302120,17
4863,302.301320,14
4864,302.077620,16
4865,302.283460,18
4866,301.621830,14
4867,301.661710,14
4868,302.268040,15
4869,301.551690,15
4870,301.702440,8
4871,302.434790,13
4872,301.393630,12
4873,301.971840,13
4874,302.554700,15
4875,301.747370,11
4876,302.262740,12
4877,302.790670,13
4878,301.704530,13
4879,301.750470,9
4880,301.561730,16
4881,302.503810,12
4882,302.389730,17
4883,302.770770,16
4884,302.802030,15
4885,302.425460,13
4886,301.252290,17
4887,302.511600,16
4888,301.283390,15
4889,302.649080,15
4890,302.569860,12
4891,302.490260,12
4892,302.384880,13
4893,302.264160,10
4894,301.836780,14
4895,302.255690,13
4896,301.652250,14
4897,301.633990,12
4898,302.506490,10
4899,302.195250,11
4900,302.173550,12
4901,302.198610,11
4902,302.276380,14
4903,301.392460,9
4904,301.362620,14
4905,301.752210,10
4906,301.946530,9
4907,301.552610,14
4908,301.812550,9
4909,302.418300,9
4910,302.488640,13
4911,302.355590,17
4912,301.915400,14
4913,301.782750,19
4914,301.734310,17
4915,301.947560,18
4916,301.953020,17
4917,301.317270,13
4918,302.632550,17
4919,302.004280,15
4920,301.554210,10
4921,301.627070,13
4922,300.309550,14
4923,301.114650,11
4924,301.246450,13
4925,300.881730,11
4926,301.599970,15
4927,300.628770,12
4928,300.586980,14
4929,300.979880,10
4930,301.475130,14
4931,301.683770,13
4932,301.221450,15
4933,301.290210,13
4934,301.425350,12
4935,301.420100,14
4936,301.642110,12
4937,300.650490,12
4938,300.594020,13
4939,300.628510,12
4940,300.684750,18
4941,301.049480,11
4942,300.713300,13
4943,300.470890,13
4944,301.206740,16
4945,301.480370,12
4946,301.365120,11
4947,301.591610,13
4948,301.293770,14
4949,300.354290,12
4950,301.035610,13
4951,300.657160,20
4952,301.387930,19
4953,301.132320,17
4954,300.534640,15
4955,300.776660,15
4956,300.616660,14
4957,300.683140,15
4958,300.785490,16
4959,299.840030,17
4960,300.254300,15
4961,300.459870,17
4962,300.300230,17
4963,300.521580,14
4964,300.799840,15
4965,301.388070,15
4966,300.320540,15
4967,300.748430,15
4968,300.155420,12
4969,299.889310,15
4970,300.664060,17
4971,300.552890,13
4972,300.453880,16
4973,300.789450,16
4974,300.791080,13
4975,300.335560,17
4976,300.829270,17
4977,300.127210,18
4978,300.372700,16
4979,301.148720,16
4980,301.188590,15
4981,301.169230,16
4982,301.354150,14
4983,300.712810,13
4984,300.470320,15
4985,300.321600,15
4986,300.993330,17
4987,301.660750,14
4988,301.679760,18
4989,300.534660,15
4990,300.896780,13
4991,300.703010,12
4992,300.413290,10
4993,300.495850,12
4994,300.661180,12
4995,301.116080,9
4996,300.607630,9
4997,301.112340,12
4998,301.375930,13
4999,300.644570,11
5000,300.302330,14
5001,300.521290,13
5002,300.165410,11
5003,300.144960,13
5004,300.507730,11
5005,299.632560,15
5006,300.852550,9
5007,300.203170,12
5008,300.704760,13
5009,300.901620,11
5010,300.332980,15
5011,301.396370,16
5012,301.206550,15
5013,301.371460,14
5014,300.703150,12
5015,300.802540,11
5016,300.737470,15
5017,301.397840,11
5018,301.329470,13
5019,300.526540,16
5020,300.496660,14
5021,300.352700,11
5022,301.170730,10
5023,300.442930,14
5024,300.355790,10
5025,300.539070,15
5026,300.441480,9
5027,300.562780,14
5028,300.800090,11
5029,300.297830,12
5030,300.745050,15
5031,300.888900,13
5032,300.159470,19
5033,300.881280,14
5034,301.034380,14
5035,300.755630,14
5036,301.096350,11
5037,301.170720,13
5038,300.490390,13
5039,300.641250,14
5040,300.959240,13
5041,300.391880,10
5042,301.243300,14
5043,300.952910,13
5044,300.924400,13
5045,300.372260,12
5046,300.685840,10
5047,300.628180,8
5048,301.186150,14
5049,301.007510,12
5050,300.940460,12
5051,300.872290,10
5052,300.895100,9
5053,300.366090,9
5054,300.237800,16
5055,300.212690,12
5056,300.125890,13
5057,301.019460,12
5058,301.234090,12
5059,300.812280,10
5060,301.003820,14
5061,301.502890,12
5062,301.264140,14
5063,300.919910,14
5064,301.052560,15
5065,300.635000,12
5066,300.579110,11
5067,300.795450,15
5068,301.207980,13
5069,300.285200,15
5070,301.595070,10
5071,301.099710,8
5072,301.272120,13
5073,300.969940,15
5074,300.851450,12
5075,301.043210,12
5076,300.694560,14
5077,301.421460,12
5078,301.454410,16
5079,300.562940,13
5080,300.804210,15
5081,301.656230,15
5082,300.414810,12
5083,300.213490,17
5084,301.189840,14
5085,300.425680,11
5086,301.570630,17
5087,301.230450,14
5088,300.942660,12
5089,300.956240,18
5090,301.008940,13
5091,301.385080,9
5092,301.470180,11
5093,301.372770,11
5094,300.914760,12
5095,301.519610,9
5096,301.808140,9
5097,301.225520,13
5098,301.704510,11
5099,301.338610,7
5100,301.232000,14
5101,301.949470,19
5102,301.405140,16
5103,301.492880,18
5104,301.147380,15
5105,301.656060,17
5106,301.136230,19
5107,301.317330,14
5108,301.662670,18
5109,301.613940,21
5110,301.171620,15
5111,301.242720,20
5112,301.559620,16
5113,301.832570,13
5114,302.007310,13
5115,301.400510,15
5116,301.785600,15
5117,301.642320,15
5118,300.881790,18
5119,301.279540,17
5120,301.306140,15
5121,301.808740,10
5122,301.625940,12
5123,301.429400,12
5124,301.369160,14
5125,301.329090,13
5126,301.851600,9
5127,301.309030,13
5128,301.059500,12
5129,301.149960,8
5130,301.336170,6
5131,300.935420,10
5132,301.709360,6
5133,301.531540,9
5134,301.317320,7
5135,301.237910,10
5136,301.403060,11
5137,300.901540,9
5138,301.533280,11
5139,301.494850,10
5140,300.962730,15
5141,301.628410,16
5142,301.589920,15
5143,301.281500,13
5144,301.340520,13
5145,301.448130,16
5146,301.091850,15
5147,301.311330,14
5148,301.536340,17
5149,301.423070,13
5150,301.392580,13
5151,300.370700,13
5152,301.372470,14
5153,301.578510,12
5154,301.613810,12
5155,300.682200,13
5156,300.695790,13
5157,300.425160,12
5158,300.792010,14
5159,300.863360,11
5160,301.474270,15
5161,300.476850,14
5162,300.831910,15
5163,301.258580,12
5164,301.502190,13
5165,301.558650,16
5166,301.083980,11
5167,301.198370,15
5168,302.334840,16
5169,300.915250,13
5170,301.301820,9
5171,300.623960,12
5172,302.179260,10
5173,300.537430,12
5174,301.276020,10
5175,301.774840,11
5176,301.008830,10
5177,301.170370,7
5178,301.427840,10
5179,301.189990,8
5180,301.456560,14
5181,301.247000,12
5182,301.425950,12
5183,301.866460,13
5184,301.149520,13
5185,300.624350,13
5186,302.424790,13
5187,300.759250,9
5188,301.438440,13
5189,301.069580,12
5190,301.092400,13
5191,301.180060,8
5192,301.410200,12
5193,301.522590,12
5194,301.177880,8
5195,300.574560,14
5196,301.519000,12
5197,300.985420,12
5198,301.180810,11
5199,301.304580,13
5200,301.304580,0
