step,price,volume
0,299.876490,11
1,299.873950,16
2,300.267630,14
3,300.110640,13
4,299.464570,13
5,299.675640,13
6,299.921850,11
7,300.503570,15
8,299.952630,13
9,300.243440,13
10,300.582160,12
11,300.105280,11
12,301.103120,13
13,300.357580,10
14,300.009030,12
15,300.249380,13
16,300.603850,11
17,300.203790,14
18,300.708000,12
19,300.361220,15
20,300.637140,13
21,300.393080,12
22,300.679380,9
23,301.123340,13
24,301.352430,12
25,300.803390,10
26,300.580760,11
27,300.911300,10
28,301.226060,15
29,300.773710,16
30,301.508540,10
31,301.432290,4
32,301.677530,9
33,301.839700,10
34,301.598490,13
35,301.465040,9
36,301.634830,12
37,301.042360,8
38,301.863480,7
39,301.509290,10
40,301.783510,11
41,300.595540,14
42,301.315260,8
43,301.062340,12
44,302.170670,9
45,301.473970,10
46,301.628070,9
47,302.146060,9
48,301.775260,12
49,301.859490,11
50,302.158850,16
51,302.175380,13
52,301.252390,15
53,302.486210,14
54,301.424300,13
55,301.629200,14
56,302.211020,14
57,302.343580,15
58,301.966520,9
59,301.686190,13
60,302.667140,12
61,302.222550,14
62,301.751630,11
63,302.782710,14
64,301.881930,9
65,301.579800,11
66,301.144270,13
67,300.701810,14
68,302.134120,11
69,301.396670,14
70,301.580950,9
71,301.824400,17
72,301.762980,14
73,300.908910,15
74,300.996850,12
75,301.251830,10
76,301.639270,14
77,301.599030,11
78,300.855680,13
79,301.539490,13
80,301.597890,17
81,301.832070,13
82,302.876720,13
83,302.358650,15
84,301.722650,14
85,301.828470,16
86,301.570360,12
87,301.838380,13
88,301.968620,14
89,301.233610,12
90,300.866690,14
91,301.026980,13
92,301.511580,16
93,301.221720,9
94,301.641180,13
95,300.257460,13
96,301.969460,11
97,301.031880,9
98,300.895410,15
99,300.767460,14
100,301.306770,9
101,300.593670,14
102,300.832650,12
103,300.736160,13
104,300.949170,14
105,300.616850,15
106,301.319210,13
107,301.581150,15
108,300.593940,14
109,300.856660,13
110,301.055990,12
111,300.511700,13
112,300.472530,13
113,301.202230,11
114,300.471620,13
115,300.426890,11
116,301.306520,11
117,301.091830,12
118,300.552000,14
119,300.636300,13
120,301.303990,8
121,300.726470,8
122,300.931300,10
123,301.342710,8
124,300.904890,9
125,301.044640,8
126,300.656650,11
127,301.128050,9
128,301.231870,11
129,300.361440,11
130,300.402600,11
131,300.197870,11
132,300.445110,12
133,300.448900,10
134,300.522170,14
135,300.232860,12
136,301.009740,13
137,300.397750,14
138,300.687010,11
139,301.028170,10
140,301.373120,9
141,300.797000,9
142,300.969520,12
143,300.792440,9
144,301.040910,9
145,301.302930,6
146,301.023230,13
147,301.044670,9
148,301.274760,9
149,301.005240,10
150,300.827940,13
151,300.756340,13
152,301.404220,16
153,300.917390,9
154,300.484620,13
155,301.336140,10
156,300.551920,11
157,300.421040,11
158,300.950570,10
159,300.825700,10
160,300.990480,14
161,300.419070,10
162,300.954430,13
163,300.811950,12
164,301.036760,14
165,300.269830,13
166,301.085830,14
167,300.491370,9
168,300.328240,15
169,301.271540,16
170,301.066550,11
171,301.211110,8
172,300.594000,11
173,301.116930,11
174,300.912290,10
175,300.724540,12
176,300.830370,14
177,300.955040,11
178,300.596240,11
179,300.274570,11
180,301.110010,12
181,300.634810,15
182,301.099550,10
183,301.133780,14
184,300.951820,12
185,301.018870,13
186,300.834040,13
187,300.468410,12
188,301.427660,15
189,300.301720,10
190,300.793100,15
191,300.894020,12
192,300.561320,11
193,299.758870,10
194,301.028780,15
195,300.262570,9
196,300.401310,16
197,300.330740,10
198,300.566820,11
199,300.303110,16
200,300.861790,13
201,299.723710,14
202,300.774830,14
203,301.108110,14
204,300.203840,12
205,300.971640,13
206,300.322440,12
207,300.043120,12
208,300.490360,11
209,300.625180,11
210,299.771690,11
211,300.523970,8
212,300.236660,13
213,299.676870,12
214,300.776580,9
215,300.840950,13
216,300.578590,11
217,300.112790,12
218,300.317550,9
219,300.113480,9
220,300.089700,14
221,299.130410,13
222,300.315620,14
223,298.717050,11
224,299.582650,15
225,298.490390,11
226,299.316580,9
227,300.180800,11
228,300.018040,10
229,299.048550,10
230,300.362460,11
231,300.033670,12
232,299.579290,11
233,299.932150,10
234,300.140810,10
235,299.010440,12
236,299.893550,9
237,299.659340,12
238,299.656490,8
239,300.431170,13
240,299.802850,12
241,300.019940,13
242,300.037190,16
243,300.448550,14
244,300.181450,11
245,299.434510,13
246,300.241950,11
247,300.191420,15
248,300.097750,12
249,299.991690,10
250,299.678720,16
251,300.102410,20
252,299.990800,15
253,299.166860,18
254,299.548840,19
255,300.423500,15
256,299.783680,18
257,300.181670,16
258,300.512110,18
259,300.035060,17
260,300.374240,17
261,300.261310,13
262,300.282760,15
263,300.409950,12
264,300.236180,15
265,299.986590,15
266,301.512390,14
267,300.423600,13
268,300.836990,15
269,300.787650,15
270,300.934310,9
271,301.533510,13
272,300.649150,11
273,301.511390,13
274,300.667260,10
275,301.558570,10
276,301.161210,11
277,301.236630,11
278,301.152490,12
279,301.399800,11
280,300.660960,12
281,301.054610,12
282,300.308150,8
283,300.689240,12
284,300.902060,12
285,300.533540,14
286,300.847150,10
287,300.295750,10
288,301.052510,12
289,300.410350,13
290,300.165800,10
291,301.035030,13
292,300.371980,10
293,300.624690,11
294,299.717590,14
295,300.965800,10
296,299.959760,11
297,300.501040,10
298,300.509930,9
299,300.224320,10
300,300.059150,14
301,300.605140,16
302,300.276420,15
303,300.299930,14
304,300.169950,15
305,300.210660,14
306,300.253400,11
307,299.534180,14
308,299.845270,15
309,299.606870,16
310,300.720720,13
311,301.281460,15
312,300.710800,10
313,300.780930,11
314,300.169180,14
315,300.440930,11
316,300.819460,10
317,300.995010,11
318,299.836910,13
319,301.073740,13
320,302.027620,15
321,301.751830,14
322,301.423150,14
323,301.072900,10
324,301.301330,13
325,301.862400,14
326,301.215060,11
327,301.764780,14
328,300.908500,13
329,301.841780,12
330,301.621350,16
331,300.949020,13
332,301.491870,16
333,301.644600,13
334,300.838410,13
335,301.050900,10
336,301.470210,16
337,301.246300,12
338,301.516460,11
339,301.559810,13
340,301.374950,16
341,300.984860,11
342,301.233220,11
343,300.391720,14
344,301.357170,13
345,300.878210,10
346,301.348940,11
347,300.321000,15
348,301.023330,9
349,301.971520,15
350,301.311160,16
351,301.040890,15
352,300.597670,17
353,301.815690,15
354,300.208210,14
355,300.715540,15
356,300.633620,14
357,301.165480,10
358,300.735820,16
359,300.848820,16
360,300.305270,12
361,300.756120,13
362,300.353390,11
363,299.660520,17
364,299.735300,11
365,300.036600,9
366,299.934900,9
367,300.450930,10
368,300.064560,9
369,299.604210,14
370,300.052690,12
371,300.206210,14
372,299.517390,12
373,299.819510,15
374,299.971500,13
375,300.459010,18
376,300.075510,11
377,300.160520,17
378,300.073830,11
379,300.021690,11
380,300.491760,10
381,300.523490,15
382,300.391670,13
383,300.477000,16
384,300.586170,16
385,300.384650,12
386,300.589780,16
387,300.429990,12
388,299.993930,16
389,299.810840,13
390,300.192530,12
391,299.439940,12
392,300.062660,14
393,299.168130,12
394,299.948160,15
395,299.435870,12
396,300.066960,13
397,299.896690,12
398,299.853660,13
399,300.237070,12
400,299.571800,15
401,299.945450,15
402,299.605810,14
403,299.116590,15
404,299.589450,13
405,299.121180,13
406,298.816100,14
407,298.890600,15
408,298.888900,12
409,298.975610,14
410,298.508470,14
411,298.597970,13
412,299.037650,15
413,298.597730,17
414,298.983330,16
415,298.745340,14
416,298.702970,15
417,298.436780,13
418,298.484480,15
419,298.537470,19
420,299.653170,16
421,299.115530,15
422,298.673330,16
423,298.459970,14
424,299.119180,17
425,298.584290,15
426,299.014790,14
427,299.230720,17
428,298.998740,13
429,298.963090,15
430,298.608230,10
431,299.147990,11
432,298.779200,11
433,298.621980,11
434,298.899610,11
435,298.908360,8
436,298.653200,12
437,299.012860,10
438,298.731780,11
439,298.538800,13
440,299.087070,14
441,298.867300,15
442,299.533640,10
443,299.060640,13
444,298.940980,13
445,299.272540,14
446,298.997590,12
447,299.603200,13
448,299.661260,13
449,299.665910,15
450,299.886550,12
451,299.151920,14
452,299.143740,11
453,298.990870,13
454,298.900210,13
455,299.747310,12
456,299.069680,13
457,299.095500,11
458,298.618370,11
459,299.590480,11
460,299.682510,12
461,298.522390,17
462,299.247170,12
463,299.273970,12
464,299.065920,13
465,299.739160,12
466,299.341990,12
467,299.198920,12
468,299.494600,13
469,300.283400,14
470,299.691160,8
471,299.396730,12
472,299.673280,9
473,299.350210,12
474,299.113720,11
475,299.619940,8
476,299.359400,12
477,299.418870,9
478,300.003970,11
479,299.412100,9
480,299.376170,13
481,298.906660,12
482,299.278740,16
483,298.944320,13
484,298.815140,8
485,298.706780,11
486,298.077400,14
487,299.517960,10
488,299.231610,13
489,299.362520,12
490,298.136590,12
491,298.293610,13
492,298.753520,11
493,298.494800,13
494,298.259670,13
495,297.940330,12
496,298.139580,14
497,299.022100,15
498,298.265940,14
499,297.810290,13
500,297.415250,11
501,298.175910,11
502,298.272990,13
503,297.913040,12
504,298.368710,13
505,297.996070,12
506,297.354250,9
507,297.393110,13
508,298.820400,15
509,298.062100,11
510,297.218130,14
511,297.578950,12
512,297.185010,14
513,297.619730,8
514,296.835930,15
515,297.674810,12
516,297.938530,10
517,297.800190,14
518,296.983000,11
519,297.479260,9
520,297.095920,12
521,297.003880,14
522,297.675840,11
523,297.110450,13
524,297.636400,16
525,297.520820,16
526,297.703760,14
527,297.899770,15
528,297.046380,17
529,297.281240,17
530,297.521820,12
531,297.673680,14
532,297.398590,9
533,296.989760,15
534,297.292280,11
535,297.838230,6
536,297.291150,11
537,297.652920,10
538,296.919180,11
539,297.966150,13
540,297.507200,12
541,297.383720,10
542,297.562130,13
543,297.286910,9
544,297.731020,12
545,297.149520,13
546,297.646660,15
547,297.264930,12
548,297.060390,10
549,297.581650,9
550,297.903000,14
551,297.808420,14
552,297.602620,14
553,297.377880,14
554,297.415740,12
555,298.209650,15
556,298.066320,15
557,297.577400,15
558,297.750760,15
559,297.733630,13
560,297.550100,13
561,297.825920,12
562,297.077610,15
563,297.661620,7
564,297.665080,15
565,296.580260,12
566,297.257110,13
567,298.234190,12
568,297.845300,13
569,297.485120,14
570,297.246730,11
571,297.450490,15
572,297.800350,15
573,298.174180,14
574,297.422320,13
575,298.195210,17
576,298.157300,12
577,297.812990,16
578,297.586260,11
579,298.100000,15
580,297.782020,13
581,297.958040,15
582,297.585530,12
583,297.691530,15
584,297.373040,11
585,298.095120,12
586,297.831010,13
587,298.612740,12
588,298.087280,14
589,297.968220,16
590,297.991620,10
591,298.785590,9
592,298.419000,8
593,297.796550,10
594,297.508170,10
595,298.094640,11
596,298.280810,10
597,298.178960,10
598,298.110360,6
599,298.376600,8
600,298.004960,12
601,298.416550,10
602,299.041670,15
603,297.952740,11
604,298.120710,12
605,298.290110,9
606,298.032200,10
607,298.801150,9
608,297.877150,15
609,298.119780,14
610,297.993450,14
611,298.428760,11
612,297.756390,11
613,297.835940,14
614,298.165070,13
615,297.111900,12
616,298.140690,14
617,297.714890,10
618,297.694550,15
619,297.944710,13
620,298.032490,11
621,297.794930,10
622,297.787710,9
623,298.432840,11
624,298.019630,13
625,298.068500,10
626,297.705620,12
627,297.929000,10
628,298.060780,13
629,298.069570,10
630,297.362570,14
631,297.864160,17
632,297.342700,17
633,298.756810,13
634,297.761240,15
635,298.720150,18
636,298.496910,14
637,297.557760,17
638,297.740770,14
639,297.337600,12
640,296.551330,15
641,297.076180,11
642,297.925830,16
643,296.513390,11
644,297.725740,14
645,297.023410,14
646,296.828640,11
647,297.511310,13
648,297.176840,12
649,297.557930,11
650,297.438750,14
651,296.881830,11
652,297.853010,11
653,297.447710,11
654,297.812300,11
655,298.196610,11
656,297.586990,8
657,297.032510,13
658,297.685930,11
659,297.590810,10
660,297.363460,16
661,297.882590,18
662,296.937040,15
663,298.079160,13
664,297.513890,15
665,297.989120,16
666,297.709890,18
667,297.943470,13
668,297.099720,16
669,297.782750,15
670,298.112470,11
671,298.077580,10
672,298.001440,11
673,298.103350,7
674,298.226030,9
675,297.963950,14
676,297.905980,7
677,297.700050,11
678,297.285760,13
679,297.674430,8
680,297.649190,13
681,298.330390,15
682,297.486290,19
683,297.225200,15
684,297.913900,15
685,297.515610,14
686,297.725340,15
687,297.305610,15
688,296.583010,16
689,297.980340,16
690,297.113100,13
691,297.420280,13
692,297.846500,13
693,296.991440,15
694,296.555080,14
695,298.078170,15
696,298.302940,14
697,297.976980,12
698,297.389650,16
699,297.445380,12
700,297.614940,10
701,297.822090,13
702,297.744610,13
703,297.944990,11
704,297.449020,12
705,297.279680,12
706,297.163260,15
707,298.182120,12
708,297.507520,13
709,297.579010,11
710,297.191190,11
711,297.705000,10
712,297.922170,12
713,298.350180,15
714,297.801510,11
715,297.706840,11
716,297.055950,14
717,298.065910,11
718,296.863620,10
719,297.283220,11
720,297.757290,10
721,297.471500,8
722,297.030000,11
723,297.528180,10
724,297.497560,8
725,297.175090,6
726,297.610310,9
727,297.404670,12
728,296.194670,14
729,296.752360,7
730,296.875400,14
731,296.393200,15
732,296.483680,16
733,296.794790,15
734,296.701000,15
735,296.319790,17
736,296.491700,16
737,296.934500,14
738,296.669630,15
739,296.328150,13
740,296.619970,18
741,296.796940,13
742,297.420330,15
743,297.147370,11
744,297.030100,15
745,297.476900,13
746,297.217320,13
747,296.347160,15
748,298.021150,13
749,297.572510,16
750,296.436020,13
751,296.693690,10
752,297.476740,14
753,296.297450,15
754,297.447930,14
755,296.775700,14
756,296.946400,13
757,296.779730,15
758,296.852040,12
759,296.785720,13
760,297.399130,10
761,297.497760,13
762,297.375080,13
763,296.958960,10
764,297.770610,16
765,296.472480,15
766,296.802350,12
767,297.424550,12
768,296.724690,13
769,297.311870,12
770,297.165170,15
771,297.455430,16
772,297.086880,16
773,297.585730,15
774,297.610070,12
775,298.199940,16
776,297.943360,14
777,297.971770,15
778,297.888240,13
779,297.278180,13
780,297.739350,13
781,296.902720,14
782,297.072310,10
783,297.326210,11
784,297.690380,14
785,298.085620,17
786,297.270250,11
787,297.610510,13
788,297.170030,15
789,297.237980,14
790,296.945480,12
791,297.557930,14
792,296.683270,12
793,296.900420,12
794,297.590750,14
795,296.578150,14
796,297.100640,11
797,297.087150,12
798,296.604110,13
799,297.565140,11
800,296.331890,17
801,297.924140,13
802,296.473630,13
803,296.573900,16
804,296.558620,14
805,297.509840,16
806,297.167720,15
807,297.788530,15
808,297.098280,8
809,297.549730,15
810,297.297080,13
811,296.946440,9
812,297.027650,14
813,297.295650,14
814,296.900420,15
815,297.416480,10
816,296.783360,10
817,296.856160,12
818,297.424870,12
819,297.126690,13
820,296.007180,13
821,297.089690,12
822,297.020630,13
823,296.110830,13
824,297.369110,14
825,296.672700,13
826,296.668570,12
827,296.437160,13
828,296.573200,12
829,296.677720,15
830,296.441350,17
831,296.775650,16
832,296.164160,14
833,296.619700,12
834,295.835070,16
835,296.925260,13
836,296.150650,16
837,296.679980,17
838,295.616040,14
839,296.887530,12
840,295.924560,12
841,296.197290,11
842,295.894760,15
843,295.869850,14
844,297.208140,13
845,297.182310,15
846,296.731030,13
847,296.245300,13
848,296.275560,14
849,296.667400,14
850,296.770950,14
851,297.377820,11
852,295.945660,15
853,297.254870,12
854,296.842480,13
855,297.073390,11
856,297.298940,15
857,297.022870,14
858,297.062960,12
859,296.974090,12
860,296.847010,7
861,296.591530,12
862,297.595900,13
863,296.945990,11
864,296.902460,12
865,296.882140,11
866,296.604550,16
867,296.567700,12
868,296.682340,9
869,297.053350,11
870,298.436430,12
871,298.000530,14
872,297.656700,10
873,297.388840,11
874,297.634240,10
875,298.112590,12
876,296.962780,14
877,298.199760,14
878,297.258440,10
879,297.037320,12
880,297.556590,14
881,297.329270,14
882,297.528380,11
883,297.281640,15
884,297.247450,13
885,297.412900,15
886,297.837630,12
887,297.144380,15
888,296.697420,15
889,296.610620,14
890,297.046100,13
891,296.784080,14
892,296.989000,13
893,297.931790,11
894,298.037250,12
895,297.107100,10
896,297.985600,14
897,297.414070,12
898,297.326040,13
899,297.081250,12
900,297.477940,15
901,296.633360,15
902,297.013220,12
903,296.567710,17
904,297.139030,12
905,297.760020,13
906,297.051990,14
907,297.456750,13
908,296.655590,12
909,297.176000,11
910,296.331900,7
911,296.560170,12
912,296.844550,8
913,296.354850,7
914,296.892180,10
915,296.500930,10
916,296.417820,11
917,296.433680,10
918,296.551160,10
919,297.041640,10
920,296.763250,12
921,297.372200,16
922,296.890980,8
923,297.078020,15
924,296.179480,12
925,296.974700,13
926,296.518610,10
927,295.995800,12
928,297.032080,11
929,296.456080,11
930,296.277060,15
931,296.495420,14
932,296.238470,14
933,296.723920,11
934,296.666740,15
935,296.652600,9
936,296.025590,12
937,296.238150,13
938,296.314730,16
939,296.071640,11
940,295.339710,12
941,296.062800,11
942,294.938410,9
943,295.308310,14
944,295.986660,10
945,295.466140,9
946,295.931320,12
947,295.484280,8
948,295.476310,7
949,295.817080,10
950,296.405800,13
951,296.129230,14
952,296.342130,10
953,296.101140,14
954,296.806630,11
955,296.626150,16
956,295.685310,12
957,296.379300,11
958,296.008140,17
959,296.484060,13
960,296.581860,10
961,297.293530,13
962,295.887810,12
963,297.427440,12
964,296.871450,12
965,296.463270,13
966,297.086140,14
967,297.010640,15
968,296.794790,8
969,297.070100,13
970,297.051650,11
971,297.057020,11
972,297.337540,14
973,297.037010,12
974,297.211420,13
975,297.568730,13
976,297.171670,12
977,297.854690,14
978,297.637610,13
979,296.916040,11
980,297.001400,10
981,297.226720,7
982,296.714630,8
983,297.126150,6
984,296.675690,10
985,297.049230,6
986,297.460460,8
987,296.853980,7
988,297.000460,9
989,297.564400,10
990,297.730080,9
991,297.736450,9
992,297.275140,13
993,297.328480,10
994,297.238440,11
995,296.877220,10
996,297.186000,13
997,298.028930,13
998,297.675760,10
999,297.646110,15
1000,297.166820,11
1001,296.844390,16
1002,297.032150,12
1003,296.398390,11
1004,296.687380,16
1005,297.626610,12
1006,297.855110,13
1007,297.286290,13
1008,296.876530,11
1009,297.808170,17
1010,297.894240,18
1011,297.309130,15
1012,296.902550,12
1013,297.834840,20
1014,297.048490,13
1015,296.441050,16
1016,297.344370,14
1017,296.242450,17
1018,295.883810,17
1019,296.349380,16
1020,297.108150,14
1021,297.897020,10
1022,297.673880,9
1023,296.723330,11
1024,297.174670,9
1025,297.176690,15
1026,297.225070,8
1027,297.981200,11
1028,297.324880,8
1029,297.731740,12
1030,298.337060,12
1031,298.052050,11
1032,297.512630,11
1033,297.601470,11
1034,297.214330,14
1035,298.540870,10
1036,298.190030,11
1037,298.118460,13
1038,297.628490,16
1039,298.130810,15
1040,298.339990,12
1041,298.469670,12
1042,298.082210,15
1043,297.531730,16
1044,297.398580,12
1045,298.741260,14
1046,297.507400,11
1047,297.455360,11
1048,298.817120,12
1049,298.641170,14
1050,298.849270,13
1051,297.323720,14
1052,297.726340,13
1053,298.126290,13
1054,298.405350,13
1055,298.189740,16
1056,297.704540,10
1057,298.719990,14
1058,298.228510,15
1059,298.483670,13
1060,298.902130,15
1061,298.165440,12
1062,298.720970,13
1063,298.620530,14
1064,298.476950,13
1065,298.586710,13
1066,297.185320,15
1067,298.650350,11
1068,298.137080,13
1069,298.447780,12
1070,298.228900,18
1071,298.600270,15
1072,297.946000,13
1073,297.860230,13
1074,297.453560,14
1075,297.838150,14
1076,298.397590,13
1077,299.198290,15
1078,298.198470,11
1079,298.787260,14
1080,298.803520,12
1081,298.835320,12
1082,298.098690,11
1083,298.669850,10
1084,298.046490,6
1085,298.205540,10
1086,299.024090,9
1087,298.839610,12
1088,298.677060,10
1089,298.778700,13
1090,298.900850,13
1091,299.288470,12
1092,298.071670,15
1093,298.746120,15
1094,299.213650,17
1095,298.573680,9
1096,298.780400,13
1097,298.905880,14
1098,299.129380,13
1099,298.488890,10
1100,298.452420,15
1101,298.323310,14
1102,298.547880,16
1103,297.785540,13
1104,297.694080,12
1105,298.455210,13
1106,298.332030,13
1107,298.675600,16
1108,298.113610,14
1109,298.385730,14
1110,298.755930,10
1111,299.436360,16
1112,299.777050,13
1113,299.423830,13
1114,299.021440,14
1115,299.774580,12
1116,299.332890,13
1117,298.915660,12
1118,299.246250,10
1119,299.233960,12
1120,298.941550,13
1121,299.366550,13
1122,298.894190,12
1123,299.563980,15
1124,299.929390,16
1125,298.658810,10
1126,300.517280,14
1127,299.440570,13
1128,298.966300,13
1129,299.167520,12
1130,298.308620,11
1131,298.423240,13
1132,299.251920,12
1133,298.926020,11
1134,298.623350,12
1135,299.961990,13
1136,298.919630,11
1137,299.047310,13
1138,299.024400,10
1139,299.544760,11
1140,298.815670,16
1141,300.160340,16
1142,299.824980,17
1143,299.667320,15
1144,299.056850,20
1145,298.970170,11
1146,298.764030,16
1147,299.873340,16
1148,298.428360,13
1149,299.530960,15
1150,299.901740,14
1151,299.707720,14
1152,300.359460,15
1153,299.294320,13
1154,300.403400,13
1155,299.244080,12
1156,300.076610,11
1157,299.147270,13
1158,300.351180,12
1159,299.499960,15
1160,298.799780,13
1161,298.990320,12
1162,299.172320,10
1163,298.462860,14
1164,299.270970,12
1165,299.286050,13
1166,298.255270,12
1167,298.892350,11
1168,299.864240,10
1169,298.832560,11
1170,299.259320,12
1171,299.905240,13
1172,299.276210,16
1173,299.234130,15
1174,300.014100,14
1175,299.759750,11
1176,299.692510,16
1177,299.332190,13
1178,299.478070,17
1179,300.411310,13
1180,299.533480,11
1181,299.848970,12
1182,300.292420,14
1183,299.735870,12
1184,300.294550,11
1185,299.764680,11
1186,299.723360,11
1187,300.375130,10
1188,300.047570,11
1189,300.157570,13
1190,299.800340,16
1191,300.713460,13
1192,300.281320,14
1193,299.992200,14
1194,299.730280,12
1195,300.311470,15
1196,299.768860,15
1197,299.832170,14
1198,299.836870,12
1199,299.892080,12
1200,300.092300,7
1201,300.289580,11
1202,300.188420,13
1203,299.814750,9
1204,301.251120,12
1205,299.596070,12
1206,300.573910,11
1207,300.077680,10
1208,300.120490,7
1209,300.348150,10
1210,299.858470,12
1211,299.340590,14
1212,299.987010,14
1213,299.215700,17
1214,300.194890,12
1215,299.539440,15
1216,299.861320,12
1217,300.317390,18
1218,300.473250,13
1219,300.076570,14
1220,299.623460,12
1221,300.231700,16
1222,299.971840,14
1223,299.916090,13
1224,299.368490,13
1225,299.226090,14
1226,300.487080,16
1227,299.136480,12
1228,300.176560,15
1229,299.548340,15
1230,300.268720,9
1231,300.114140,10
1232,300.032120,7
1233,300.292540,13
1234,300.949960,10
1235,299.247000,11
1236,299.952640,13
1237,300.380230,10
1238,300.177760,12
1239,300.086780,13
1240,299.737410,13
1241,301.051130,16
1242,299.713460,15
1243,300.721900,16
1244,300.296630,16
1245,299.701830,12
1246,300.343570,17
1247,300.089610,15
1248,300.362060,15
1249,301.014080,12
1250,301.458740,12
1251,301.350850,13
1252,300.223340,17
1253,300.850330,12
1254,301.398870,10
1255,300.962610,14
1256,301.684630,10
1257,301.120280,15
1258,301.938330,13
1259,300.791240,11
1260,300.400570,15
1261,300.819470,12
1262,300.753280,14
1263,301.285500,14
1264,301.072670,12
1265,301.190270,16
1266,301.100120,12
1267,301.029890,12
1268,301.218100,15
1269,301.369580,13
1270,301.103440,14
1271,301.748850,9
1272,301.758680,13
1273,300.866810,11
1274,300.544690,18
1275,301.549750,15
1276,301.550330,12
1277,300.566450,16
1278,300.744600,17
1279,300.932410,15
1280,300.860730,16
1281,300.929240,15
1282,301.057390,14
1283,301.327390,18
1284,300.803470,16
1285,301.311760,15
1286,300.708100,14
1287,300.399170,16
1288,300.136110,16
1289,301.190610,12
1290,300.455990,12
1291,300.160740,15
1292,300.944720,11
1293,300.692410,17
1294,300.835220,12
1295,300.448510,13
1296,300.266560,17
1297,301.198910,17
1298,301.435690,14
1299,301.323000,11
1300,300.135290,12
1301,301.257860,9
1302,301.222800,14
1303,300.826290,11
1304,300.453350,9
1305,300.451800,12
1306,300.867140,10
1307,301.182400,13
1308,300.951930,8
1309,301.057010,8
1310,300.668310,16
1311,301.501190,16
1312,301.037430,14
1313,300.794520,17
1314,301.377680,13
1315,301.980860,16
1316,300.833130,13
1317,300.831110,17
1318,300.623130,13
1319,300.750390,15
1320,300.901460,7
1321,301.290270,13
1322,300.645560,11
1323,300.831500,10
1324,300.350030,11
1325,301.107400,8
1326,300.590780,12
1327,301.085380,9
1328,300.893830,14
1329,301.936980,11
1330,301.550810,12
1331,302.463530,13
1332,302.267530,15
1333,301.170950,14
1334,302.709540,13
1335,302.880430,14
1336,302.487800,12
1337,301.629580,14
1338,301.967990,14
1339,301.840970,12
1340,302.278670,14
1341,302.124040,14
1342,302.255800,13
1343,302.055460,15
1344,302.157590,15
1345,302.193950,13
1346,301.890530,13
1347,301.825230,12
1348,301.782020,12
1349,302.586030,11
1350,302.120620,20
1351,302.463780,21
1352,301.695350,16
1353,302.143230,17
1354,301.832030,15
1355,302.431160,21
1356,302.737670,19
1357,302.253140,20
1358,302.395990,16
1359,301.794370,22
1360,302.330800,8
1361,302.577960,13
1362,301.849260,12
1363,303.039650,11
1364,302.465270,8
1365,301.923440,10
1366,301.999790,10
1367,301.730890,6
1368,301.695890,7
1369,302.120810,9
1370,302.246120,13
1371,302.311580,12
1372,301.859580,14
1373,302.056850,16
1374,301.900710,15
1375,302.196170,14
1376,302.526770,16
1377,302.298370,14
1378,301.369650,15
1379,301.976720,13
1380,302.016840,13
1381,301.397910,18
1382,302.955240,17
1383,301.951590,16
1384,302.257330,18
1385,301.865410,14
1386,302.361430,14
1387,301.706570,14
1388,302.454880,17
1389,302.794310,18
1390,302.246770,8
1391,302.814790,13
1392,302.272560,8
1393,302.599890,9
1394,301.445760,11
1395,302.421610,11
1396,301.554870,10
1397,302.362840,10
1398,302.163750,11
1399,301.953150,9
1400,301.558690,12
1401,302.176730,13
1402,301.807330,13
1403,301.719260,18
1404,301.086010,15
1405,302.311870,14
1406,301.661040,12
1407,301.364550,12
1408,302.129090,13
1409,302.259900,15
1410,301.396670,16
1411,301.160660,11
1412,301.272910,11
1413,301.450050,11
1414,301.248420,14
1415,302.020030,15
1416,301.135680,15
1417,301.763130,14
1418,301.911800,13
1419,301.600830,14
1420,302.026550,15
1421,301.124660,13
1422,301.670010,11
1423,301.248770,13
1424,301.613750,14
1425,301.778100,8
1426,301.477920,12
1427,302.022700,15
1428,302.037210,11
1429,302.177480,13
1430,302.433450,15
1431,301.650510,11
1432,301.938140,12
1433,302.741260,14
1434,302.423070,15
1435,302.017960,14
1436,301.925240,13
1437,301.905780,15
1438,302.090570,15
1439,302.016840,14
1440,303.411630,14
1441,302.421600,8
1442,302.655060,12
1443,302.289530,11
1444,302.566640,14
1445,302.840930,12
1446,303.008820,9
1447,302.996860,12
1448,302.667920,10
1449,302.780010,14
1450,303.256280,16
1451,302.735960,15
1452,302.149210,11
1453,301.757230,14
1454,302.835360,11
1455,302.884830,7
1456,301.532130,11
1457,302.224290,11
1458,301.834470,13
1459,302.178480,14
1460,302.145240,12
1461,302.500230,8
1462,302.544350,11
1463,302.110080,12
1464,302.686610,9
1465,302.527520,9
1466,301.823020,11
1467,302.564020,9
1468,302.149990,12
1469,301.294080,15
1470,301.603520,11
1471,301.425620,12
1472,302.230190,15
1473,301.632510,13
1474,301.199270,14
1475,302.150530,13
1476,301.032080,12
1477,302.138460,12
1478,301.394220,15
1479,301.534630,11
1480,302.137500,13
1481,301.657260,12
1482,301.238940,13
1483,301.238190,11
1484,301.470830,9
1485,301.214080,10
1486,301.357960,14
1487,301.451460,15
1488,301.161920,9
1489,302.095710,15
1490,300.798080,18
1491,301.641280,13
1492,301.541450,11
1493,301.611860,12
1494,301.368580,9
1495,300.880690,15
1496,302.025430,11
1497,301.061830,14
1498,301.372120,14
1499,301.880550,16
1500,301.320750,12
1501,301.606720,16
1502,301.970730,12
1503,301.362030,10
1504,302.030420,10
1505,302.106570,10
1506,301.378340,13
1507,301.658960,10
1508,302.172540,10
1509,301.501930,13
1510,302.192430,13
1511,301.887720,8
1512,302.279660,11
1513,302.341290,13
1514,302.406970,12
1515,302.036560,14
1516,302.739820,13
1517,302.172140,8
1518,302.026760,11
1519,302.551420,13
1520,302.059470,12
1521,301.938770,15
1522,302.746750,15
1523,302.098170,12
1524,301.884360,12
1525,301.725770,17
1526,302.800230,13
1527,300.776160,16
1528,302.505430,14
1529,302.525670,15
1530,301.372940,12
1531,302.173460,10
1532,301.639070,11
1533,301.327530,11
1534,301.618670,16
1535,302.105040,13
1536,301.257820,11
1537,301.644040,13
1538,301.829530,13
1539,301.766630,14
1540,300.892420,10
1541,300.981900,10
1542,300.720550,12
1543,301.572160,8
1544,301.631160,9
1545,300.721510,13
1546,300.840410,14
1547,301.004950,10
1548,301.641260,14
1549,300.730720,7
1550,300.327020,14
1551,301.069160,13
1552,301.183570,15
1553,301.205560,13
1554,300.442750,14
1555,300.514120,13
1556,299.816220,14
1557,300.848180,12
1558,300.643400,12
1559,300.545570,17
1560,300.308060,10
1561,300.144940,11
1562,299.633110,9
1563,300.221140,11
1564,299.407920,12
1565,299.809900,6
1566,299.634190,12
1567,300.098340,10
1568,299.707980,9
1569,299.848230,7
1570,299.486380,14
1571,299.426410,13
1572,299.908840,11
1573,299.722580,11
1574,300.130680,8
1575,299.856820,14
1576,300.374000,8
1577,300.280930,10
1578,299.606170,13
1579,299.847650,12
1580,300.010530,12
1581,299.647730,14
1582,300.291550,15
1583,300.151420,14
1584,299.344320,14
1585,299.803320,17
1586,300.086870,13
1587,300.411990,14
1588,300.148860,16
1589,299.481570,16
1590,300.302760,12
1591,300.195870,12
1592,299.584960,9
1593,299.768360,12
1594,299.445150,10
1595,300.539940,13
1596,300.447670,13
1597,299.880310,11
1598,299.393930,14
1599,299.729230,12
1600,300.547700,14
1601,299.434100,13
1602,299.824330,10
1603,300.325860,12
1604,300.499870,12
1605,300.127780,7
1606,300.479440,13
1607,299.894280,10
1608,300.009250,11
1609,300.574490,12
1610,299.518110,16
1611,300.311700,13
1612,299.510970,14
1613,300.481660,15
1614,300.609220,16
1615,299.587750,15
1616,299.127660,15
1617,297.466940,19
1618,298.988380,16
1619,299.380110,13
1620,300.545620,14
1621,299.789150,13
1622,299.616460,14
1623,300.077670,17
1624,301.140760,16
1625,300.670270,13
1626,299.307640,13
1627,300.730740,12
1628,299.288730,14
1629,299.613500,16
1630,299.703520,10
1631,299.434340,11
1632,299.804770,9
1633,299.876850,8
1634,300.013590,9
1635,299.458550,12
1636,299.649690,9
1637,300.472000,14
1638,300.403890,9
1639,300.133010,12
1640,299.849750,13
1641,299.645050,12
1642,299.740330,10
1643,300.079150,9
1644,299.997430,11
1645,300.887280,13
1646,300.174320,14
1647,300.297640,11
1648,299.762430,13
1649,300.050890,10
1650,301.268610,18
1651,300.290320,16
1652,301.046290,15
1653,300.519730,14
1654,300.456050,13
1655,300.291720,18
1656,301.513970,16
1657,300.781540,16
1658,300.380530,16
1659,299.930100,16
1660,300.258610,11
1661,300.805520,14
1662,300.540050,11
1663,300.973480,15
1664,300.053400,13
1665,301.448450,12
1666,300.786490,13
1667,301.132990,13
1668,300.291580,11
1669,301.018680,12
1670,300.784220,10
1671,301.138830,16
1672,300.510300,12
1673,300.867220,17
1674,301.550920,12
1675,300.732910,12
1676,301.145290,10
1677,300.737350,10
1678,300.372230,15
1679,300.751090,10
1680,300.112410,15
1681,300.025530,12
1682,300.383690,12
1683,300.289260,13
1684,300.628980,15
1685,301.201630,11
1686,300.758870,13
1687,300.912000,13
1688,300.917150,15
1689,301.058280,16
1690,300.417880,11
1691,300.335680,14
1692,301.420290,11
1693,301.034750,10
1694,300.468460,11
1695,300.672100,13
1696,300.811620,13
1697,300.816380,10
1698,301.178080,13
1699,301.205190,11
1700,301.010340,12
1701,301.151110,14
1702,300.124510,22
1703,300.549210,14
1704,300.697750,13
1705,301.205940,14
1706,300.872980,14
1707,301.208510,14
1708,300.511290,12
1709,301.191000,13
1710,300.436300,12
1711,301.952270,12
1712,300.839860,10
1713,301.732210,12
1714,301.448560,11
1715,301.161380,12
1716,300.674050,15
1717,300.769480,13
1718,300.222550,14
1719,301.483030,12
1720,301.099140,11
1721,302.327100,13
1722,301.037490,11
1723,300.841530,11
1724,301.252620,15
1725,301.441220,14
1726,301.229580,13
1727,301.628110,13
1728,300.409040,13
1729,301.815220,13
1730,302.464370,11
1731,302.165490,11
1732,302.252480,12
1733,301.683870,9
1734,301.679200,14
1735,302.392070,14
1736,302.733160,16
1737,302.070770,12
1738,301.743340,13
1739,302.506640,11
1740,301.523390,12
1741,301.819570,10
1742,302.420540,16
1743,301.236830,13
1744,302.187120,13
1745,302.247130,13
1746,301.466110,8
1747,301.782290,14
1748,301.085990,10
1749,301.857180,11
1750,302.076210,10
1751,302.548220,16
1752,302.348640,11
1753,302.187550,11
1754,303.022600,11
1755,302.367070,10
1756,301.821890,11
1757,302.806940,15
1758,301.979970,13
1759,301.772250,16
1760,301.588590,11
1761,301.447970,14
1762,301.030510,11
1763,301.520170,10
1764,301.264440,13
1765,301.856660,13
1766,302.127860,14
1767,302.196580,13
1768,301.296230,13
1769,302.304290,11
1770,302.436230,14
1771,301.931990,17
1772,300.978380,16
1773,302.147650,15
1774,301.352780,16
1775,302.459350,13
1776,302.008620,13
1777,302.079570,12
1778,302.186930,17
1779,301.646150,17
1780,301.837670,15
1781,302.580880,13
1782,302.615370,13
1783,302.350670,12
1784,301.817490,10
1785,302.423140,14
1786,302.409410,15
1787,302.273230,12
1788,302.542800,14
1789,302.462400,12
1790,301.643780,19
1791,301.398480,12
1792,301.220160,14
1793,301.214170,13
1794,301.408510,15
1795,301.410700,15
1796,300.623750,13
1797,301.146140,14
1798,301.178850,15
1799,300.765720,14
1800,300.334900,13
1801,300.347820,15
1802,301.077470,15
1803,300.339800,12
1804,301.000260,11
1805,301.185570,13
1806,301.513540,11
1807,301.073140,9
1808,300.142420,16
1809,301.643830,13
1810,300.387020,12
1811,300.723440,12
1812,300.956670,13
1813,301.098710,14
1814,301.331200,13
1815,300.971520,9
1816,300.593880,15
1817,300.615180,15
1818,301.228520,13
1819,301.741400,18
1820,301.638260,9
1821,300.789960,13
1822,301.760970,12
1823,300.228080,19
1824,301.543810,11
1825,301.110810,15
1826,301.281910,12
1827,300.994510,16
1828,301.403090,9
1829,301.598230,13
1830,301.374330,14
1831,301.729630,13
1832,300.716330,12
1833,301.578770,10
1834,301.691730,13
1835,301.810690,13
1836,301.493760,12
1837,301.397870,12
1838,301.856010,13
1839,301.589960,12
1840,301.326190,12
1841,301.146220,10
1842,301.961240,12
1843,300.052090,13
1844,300.630480,12
1845,301.280070,11
1846,300.569770,13
1847,300.711050,12
1848,300.527180,14
1849,300.508420,13
1850,300.611290,11
1851,301.168520,14
1852,300.701610,11
1853,301.603070,10
1854,301.943140,12
1855,301.421780,12
1856,301.420380,12
1857,300.801310,12
1858,301.319380,12
1859,301.176340,12
1860,300.843470,12
1861,300.869140,12
1862,300.847170,13
1863,300.944840,14
1864,301.314570,11
1865,300.676850,11
1866,301.551010,15
1867,300.592810,14
1868,300.738820,11
1869,301.104400,13
1870,301.253570,10
1871,300.746950,12
1872,300.927650,13
1873,301.033380,12
1874,300.997950,10
1875,301.404140,10
1876,301.572650,11
1877,301.141060,12
1878,300.805690,12
1879,300.926890,10
1880,300.928960,14
1881,301.142190,14
1882,300.605330,19
1883,300.963410,14
1884,301.258880,19
1885,301.525870,14
1886,301.163360,17
1887,300.881950,16
1888,301.407080,14
1889,301.714290,16
1890,301.477670,14
1891,301.215940,14
1892,301.365950,13
1893,301.964340,14
1894,301.986300,12
1895,301.860230,12
1896,300.904670,16
1897,302.298210,16
1898,302.319190,15
1899,302.079560,17
1900,301.783450,14
1901,301.698730,14
1902,301.613990,12
1903,302.082890,13
1904,301.576710,14
1905,301.822100,13
1906,302.413260,15
1907,302.033780,12
1908,301.901750,12
1909,301.928820,10
1910,301.019640,16
1911,301.343380,17
1912,301.892350,15
1913,301.781480,11
1914,301.772110,13
1915,301.494640,15
1916,301.803940,12
1917,301.002120,15
1918,301.260880,13
1919,302.005720,16
1920,301.591310,14
1921,301.054770,17
1922,301.598000,11
1923,301.133340,16
1924,301.180800,13
1925,301.333110,14
1926,301.321410,15
1927,301.042220,17
1928,301.044420,17
1929,301.373720,13
1930,301.912370,13
1931,301.829270,12
1932,301.541260,11
1933,300.908400,12
1934,301.507230,10
1935,300.817420,10
1936,301.008020,9
1937,301.266340,9
1938,301.442250,10
1939,300.981710,11
1940,301.053320,11
1941,301.013520,10
1942,300.815530,13
1943,301.222480,14
1944,301.563320,14
1945,300.772470,14
1946,301.185040,15
1947,300.276640,11
1948,301.597240,18
1949,301.384330,12
1950,300.990210,15
1951,301.300570,10
1952,301.039120,16
1953,301.359410,11
1954,301.495350,11
1955,301.127040,12
1956,301.179590,11
1957,301.246440,13
1958,300.232530,15
1959,301.123270,12
1960,300.797720,10
1961,301.261250,14
1962,300.842060,15
1963,301.714850,12
1964,300.861550,13
1965,300.630780,13
1966,300.848240,8
1967,301.623290,10
1968,300.820850,14
1969,300.900640,16
1970,301.075740,14
1971,300.868450,10
1972,300.652760,14
1973,300.559260,11
1974,300.761280,12
1975,301.274760,10
1976,301.017120,11
1977,300.626090,12
1978,301.319680,9
1979,301.054720,9
1980,300.843120,13
1981,300.305150,11
1982,300.124100,13
1983,301.109250,10
1984,301.222500,12
1985,301.304600,12
1986,301.197410,13
1987,301.313520,12
1988,301.048120,15
1989,301.310710,10
1990,301.617900,11
1991,300.782840,11
1992,301.657730,15
1993,300.555000,13
1994,301.747940,12
1995,302.099310,14
1996,300.949970,13
1997,300.868390,12
1998,301.179290,12
1999,300.569720,13
2000,301.386140,15
2001,301.491710,13
2002,301.325440,16
2003,301.534780,14
2004,301.367630,13
2005,301.460230,15
2006,300.836170,10
2007,301.059040,14
2008,301.705750,11
2009,301.641140,11
2010,301.508290,11
2011,301.744960,12
2012,301.651790,9
2013,301.430380,12
2014,301.483520,10
2015,301.865030,11
2016,302.303000,12
2017,301.788860,9
2018,301.550120,13
2019,301.761820,12
2020,301.856060,10
2021,301.434070,12
2022,301.154830,12
2023,301.487560,11
2024,301.714110,12
2025,301.863320,11
2026,301.904020,11
2027,302.185180,11
2028,300.884860,12
2029,301.531150,11
2030,301.948160,12
2031,301.353670,14
2032,301.963300,8
2033,301.841590,12
2034,302.147990,14
2035,301.626920,16
2036,301.973350,15
2037,302.151000,14
2038,301.580390,15
2039,301.632590,11
2040,301.081490,12
2041,301.627160,11
2042,301.584680,11
2043,301.764350,13
2044,300.741910,9
2045,301.478700,12
2046,302.564390,13
2047,301.560960,13
2048,301.019180,10
2049,301.304660,13
2050,301.308080,14
2051,301.239600,11
2052,301.909180,13
2053,302.255100,14
2054,301.271670,12
2055,301.085660,14
2056,301.285830,13
2057,302.160690,12
2058,301.761360,13
2059,301.989510,8
2060,302.667910,17
2061,302.519870,13
2062,301.773800,14
2063,301.757360,13
2064,302.292460,10
2065,302.110620,11
2066,302.315390,18
2067,302.027060,13
2068,302.425420,14
2069,302.556450,13
2070,302.049940,14
2071,302.340160,16
2072,302.131330,14
2073,301.960380,13
2074,302.176020,15
2075,302.294610,15
2076,302.996820,18
2077,301.454520,14
2078,302.459510,14
2079,302.553150,16
2080,302.009140,13
2081,302.640660,11
2082,302.175080,13
2083,302.298640,13
2084,302.683900,13
2085,302.424440,14
2086,301.521140,12
2087,302.316350,19
2088,301.562570,10
2089,302.801910,14
2090,302.732790,12
2091,302.518060,13
2092,302.455610,13
2093,302.910780,14
2094,303.180380,11
2095,303.310310,13
2096,303.077210,13
2097,302.943040,9
2098,302.460480,14
2099,302.597640,11
2100,303.381480,9
2101,302.465920,15
2102,303.257100,17
2103,303.014270,8
2104,302.992400,16
2105,302.676410,12
2106,302.651380,15
2107,302.645470,15
2108,302.996060,13
2109,302.901820,9
2110,302.959320,9
2111,303.230940,13
2112,303.603670,12
2113,303.412970,12
2114,302.591120,11
2115,303.448490,12
2116,303.357570,12
2117,302.473800,12
2118,303.346220,10
2119,302.728100,10
2120,302.409010,13
2121,302.951310,11
2122,303.063250,12
2123,303.016150,13
2124,302.721750,12
2125,302.608270,13
2126,302.731130,9
2127,302.824200,10
2128,302.626150,11
2129,303.120960,12
2130,302.338520,11
2131,302.574070,12
2132,302.701190,10
2133,302.719220,12
2134,302.991840,12
2135,303.172550,14
2136,302.412240,8
2137,302.541910,9
2138,302.600590,14
2139,302.764420,10
2140,303.311280,14
2141,302.383410,12
2142,303.443550,15
2143,302.463010,10
2144,302.031400,13
2145,302.488590,12
2146,301.694490,13
2147,302.107470,12
2148,302.493660,14
2149,301.969800,15
2150,302.824950,14
2151,303.183380,10
2152,303.087280,15
2153,302.828830,15
2154,302.422830,14
2155,302.288860,12
2156,302.858890,10
2157,302.418210,13
2158,302.641320,11
2159,302.832770,10
2160,302.899080,12
2161,302.994470,10
2162,302.143090,12
2163,302.228660,15
2164,303.067020,14
2165,302.867010,13
2166,303.046040,13
2167,302.538260,13
2168,302.322020,12
2169,302.244300,13
2170,302.517250,12
2171,302.829720,15
2172,302.902290,14
2173,302.169250,14
2174,302.906080,13
2175,301.984530,14
2176,302.462620,12
2177,303.391050,15
2178,302.670130,15
2179,302.422690,13
2180,303.171700,19
2181,302.569260,17
2182,302.503480,17
2183,303.092680,19
2184,302.504080,17
2185,302.335630,14
2186,302.840040,15
2187,302.641470,13
2188,303.272830,14
2189,302.235390,17
2190,301.743660,9
2191,301.667050,6
2192,301.939800,7
2193,302.215300,9
2194,302.112550,5
2195,302.356880,9
2196,302.548660,11
2197,302.357040,5
2198,301.892240,11
2199,302.266590,9
2200,302.285080,15
2201,302.541350,13
2202,303.004710,12
2203,302.864450,17
2204,303.432550,18
2205,303.327980,13
2206,302.759120,11
2207,303.010650,14
2208,302.888550,14
2209,302.420240,14
2210,302.924580,16
2211,303.033380,16
2212,301.792140,17
2213,302.067160,15
2214,302.795120,16
2215,301.899630,14
2216,302.421220,16
2217,301.702440,17
2218,302.467730,18
2219,303.120370,18
2220,301.999550,5
2221,302.487300,10
2222,301.692030,11
2223,301.634970,10
2224,301.499540,9
2225,301.687670,9
2226,301.922860,10
2227,301.970780,9
2228,301.749050,9
2229,302.396520,9
2230,301.552360,12
2231,302.132920,13
2232,301.268340,13
2233,302.074110,12
2234,301.852470,15
2235,301.042980,15
2236,301.682320,13
2237,302.630650,14
2238,302.705280,16
2239,301.798180,13
2240,302.193550,10
2241,302.246260,7
2242,301.589520,14
2243,301.679740,13
2244,302.518670,12
2245,301.984160,9
2246,302.530390,13
2247,301.820510,16
2248,302.219330,12
2249,302.226170,13
2250,302.598570,9
2251,302.634070,14
2252,303.498690,14
2253,303.137790,12
2254,302.589550,8
2255,303.225020,12
2256,303.108530,16
2257,303.252590,14
2258,302.506290,13
2259,302.673300,12
2260,302.802460,12
2261,304.139720,18
2262,302.095750,14
2263,303.082850,12
2264,302.731360,16
2265,301.969110,18
2266,302.744550,17
2267,302.917580,16
2268,302.505900,15
2269,302.932250,17
2270,302.206780,11
2271,302.032620,11
2272,302.266170,12
2273,302.326330,9
2274,302.000450,12
2275,302.610840,8
2276,302.015810,7
2277,301.713110,11
2278,301.704060,11
2279,302.505350,10
2280,302.635210,14
2281,301.269610,14
2282,302.200300,15
2283,302.278570,15
2284,302.648620,14
2285,302.741090,14
2286,301.587750,16
2287,302.215850,14
2288,301.909070,14
2289,302.356730,16
2290,301.929640,10
2291,302.066600,14
2292,301.937040,15
2293,301.930580,12
2294,302.050030,12
2295,302.126890,13
2296,302.528400,14
2297,302.552870,14
2298,302.264250,13
2299,302.015050,15
2300,302.594800,9
2301,302.453120,6
2302,302.799250,10
2303,303.348200,12
2304,303.047680,8
2305,302.605110,13
2306,302.858110,9
2307,302.515290,12
2308,302.612490,12
2309,302.529740,13
2310,302.472540,18
2311,301.993160,11
2312,302.454190,15
2313,302.279650,14
2314,302.720850,15
2315,301.533240,14
2316,302.252560,15
2317,302.914090,16
2318,302.473320,13
2319,302.589710,14
2320,301.719920,12
2321,302.299210,13
2322,301.804550,13
2323,301.965770,11
2324,301.772310,14
2325,302.462900,15
2326,302.212300,15
2327,302.308470,15
2328,302.432110,12
2329,301.819080,13
2330,301.893800,13
2331,302.219300,11
2332,302.507940,13
2333,301.608750,12
2334,302.383330,10
2335,301.627280,10
2336,301.702280,12
2337,301.831150,10
2338,301.978490,11
2339,301.909320,9
2340,302.194720,13
2341,302.200840,12
2342,302.323270,10
2343,302.263430,7
2344,302.753460,12
2345,301.985580,8
2346,302.669000,10
2347,302.910130,9
2348,302.701270,9
2349,302.698930,10
2350,302.265530,11
2351,302.602610,11
2352,302.825600,9
2353,302.926500,14
2354,302.647470,13
2355,302.691310,10
2356,302.790600,12
2357,303.086830,11
2358,302.396970,10
2359,302.931220,10
2360,302.999610,15
2361,303.054990,13
2362,303.173300,10
2363,303.018680,11
2364,303.071740,13
2365,303.578390,11
2366,302.438110,12
2367,302.578060,7
2368,303.441860,13
2369,302.273970,10
2370,302.860730,13
2371,302.269980,13
2372,302.892850,12
2373,302.244310,14
2374,303.314010,10
2375,302.616560,11
2376,302.480380,11
2377,302.711430,15
2378,302.777020,10
2379,302.199920,11
2380,302.904830,13
2381,302.794320,13
2382,302.622300,10
2383,301.842440,16
2384,302.991620,15
2385,302.028090,13
2386,302.662420,17
2387,302.834790,10
2388,303.304530,14
2389,302.099920,10
2390,302.516460,18
2391,301.907570,14
2392,303.008910,13
2393,302.007750,11
2394,302.295460,15
2395,302.643050,14
2396,302.233320,13
2397,302.806050,13
2398,302.621170,10
2399,301.168290,15
2400,302.293380,13
2401,302.139320,12
2402,302.726930,12
2403,302.047250,9
2404,301.814110,10
2405,301.746840,12
2406,302.606090,11
2407,302.497050,12
2408,302.493980,10
2409,302.116910,12
2410,302.437170,12
2411,302.671340,15
2412,302.177350,14
2413,302.841040,15
2414,302.294270,16
2415,302.599990,14
2416,302.777670,13
2417,303.075440,15
2418,302.627180,12
2419,302.092090,17
2420,302.191740,10
2421,301.958220,14
2422,301.682550,11
2423,302.130280,15
2424,301.588870,11
2425,301.287860,12
2426,302.046330,13
2427,301.416340,9
2428,301.968990,15
2429,301.813570,13
2430,301.611060,16
2431,302.184660,17
2432,301.864660,17
2433,302.269760,15
2434,303.053290,17
2435,302.117940,19
2436,301.909170,13
2437,302.756240,17
2438,302.298530,18
2439,301.498520,13
2440,302.591550,10
2441,302.488190,6
2442,302.651420,10
2443,302.462210,7
2444,302.619690,11
2445,302.718460,10
2446,302.650290,6
2447,303.263900,13
2448,302.507360,10
2449,302.634220,14
2450,303.498720,9
2451,303.868260,11
2452,303.723180,11
2453,303.408530,9
2454,303.949400,13
2455,303.565650,10
2456,303.723580,13
2457,303.296280,13
2458,303.616760,12
2459,303.630780,11
2460,303.430820,16
2461,302.568140,15
2462,302.825600,15
2463,303.543440,14
2464,303.336460,10
2465,303.184570,11
2466,302.901100,14
2467,302.840650,11
2468,304.077170,16
2469,303.724560,11
2470,302.952370,17
2471,304.259760,16
2472,302.760400,15
2473,302.747220,16
2474,302.088310,15
2475,303.239990,13
2476,303.421610,15
2477,303.007580,15
2478,303.158840,13
2479,302.922200,17
2480,304.081460,7
2481,304.895230,16
2482,304.698790,16
2483,304.533440,14
2484,304.055600,10
2485,303.648070,9
2486,304.251050,10
2487,303.737970,9
2488,303.981920,11
2489,304.621850,10
2490,304.287010,10
2491,304.337940,13
2492,303.441960,15
2493,303.456180,13
2494,303.765340,11
2495,303.693230,14
2496,303.429390,10
2497,303.779030,11
2498,303.555280,8
2499,303.170670,11
2500,302.977400,18
2501,302.696280,15
2502,303.334390,13
2503,303.459470,14
2504,303.115720,14
2505,303.078880,16
2506,302.787090,14
2507,303.176650,12
2508,303.208810,15
2509,303.195950,17
2510,303.113880,11
2511,302.908080,12
2512,303.271090,10
2513,303.262570,9
2514,303.300110,12
2515,303.180010,12
2516,302.228120,15
2517,302.308070,7
2518,303.443740,10
2519,302.551570,11
2520,303.157030,11
2521,302.612900,11
2522,302.596860,11
2523,302.797400,11
2524,302.872850,13
2525,302.550060,13
2526,302.456690,10
2527,302.667350,13
2528,303.093380,15
2529,302.205100,11
2530,302.849690,8
2531,302.722620,12
2532,302.653930,9
2533,302.259550,11
2534,302.303220,8
2535,304.205610,10
2536,303.124030,8
2537,303.018670,7
2538,303.838890,12
2539,303.233760,11
2540,302.877550,14
2541,302.804100,16
2542,302.631750,17
2543,303.666700,15
2544,302.716640,12
2545,303.692490,15
2546,302.907300,17
2547,302.673950,14
2548,302.150330,19
2549,302.890750,12
2550,303.596620,10
2551,302.918560,8
2552,303.119550,10
2553,303.373070,11
2554,303.227720,9
2555,304.082960,13
2556,303.574210,10
2557,302.368460,12
2558,302.930190,10
2559,302.516980,17
2560,302.156860,14
2561,303.890040,16
2562,302.431560,12
2563,303.474840,14
2564,303.387660,12
2565,302.759160,12
2566,302.699730,14
2567,303.573470,17
2568,303.139150,13
2569,302.695310,17
2570,302.473240,18
2571,302.877160,14
2572,302.364650,17
2573,302.826650,15
2574,303.171710,17
2575,303.606360,15
2576,303.472080,15
2577,302.336400,18
2578,302.264420,16
2579,303.368110,11
2580,303.204580,19
2581,303.823900,14
2582,304.454850,17
2583,302.922930,16
2584,303.245260,11
2585,303.357120,14
2586,304.719150,20
2587,304.116820,14
2588,302.986330,17
2589,302.984270,17
2590,303.319920,16
2591,302.776970,11
2592,302.934130,14
2593,302.907180,10
2594,303.508410,13
2595,302.173170,17
2596,303.143340,11
2597,301.879960,14
2598,302.694140,12
2599,303.476530,13
2600,303.204660,16
2601,303.036900,15
2602,302.620000,11
2603,303.330570,13
2604,303.043900,9
2605,302.553370,13
2606,303.275660,11
2607,302.922720,10
2608,303.483720,14
2609,302.519080,15
2610,302.189570,14
2611,303.473330,15
2612,302.302900,14
2613,303.059680,13
2614,303.090380,16
2615,302.903550,15
2616,302.405220,14
2617,302.560430,13
2618,302.557750,17
2619,302.240020,17
2620,303.593200,13
2621,303.911540,13
2622,304.249590,13
2623,304.149340,14
2624,303.361960,12
2625,304.124690,13
2626,303.425130,12
2627,302.475560,14
2628,303.321080,13
2629,303.197980,10
2630,303.956060,16
2631,304.277730,13
2632,303.339810,11
2633,302.779660,12
2634,303.181030,14
2635,304.134370,12
2636,303.779070,12
2637,303.664880,16
2638,303.139530,14
2639,304.076580,16
2640,303.938890,15
2641,303.889040,13
2642,304.416590,12
2643,304.570110,16
2644,304.499240,15
2645,303.190960,16
2646,304.127110,13
2647,303.546640,17
2648,304.711730,13
2649,304.605790,19
2650,304.803000,12
2651,305.508290,16
2652,304.629640,10
2653,304.505020,19
2654,304.592560,15
2655,304.226510,14
2656,305.189990,15
2657,304.704320,11
2658,304.839810,16
2659,305.230100,16
2660,306.088390,11
2661,305.442460,12
2662,305.781720,13
2663,305.211050,10
2664,305.593610,10
2665,305.784780,10
2666,305.421330,10
2667,305.289500,10
2668,305.393100,17
2669,305.687630,10
2670,306.065680,11
2671,306.010930,11
2672,305.398640,14
2673,305.599220,12
2674,305.753190,14
2675,306.292500,14
2676,305.953540,16
2677,305.788170,13
2678,305.304470,15
2679,306.106730,11
2680,307.267730,14
2681,306.790220,13
2682,306.476160,13
2683,306.802600,14
2684,306.627570,10
2685,307.094420,13
2686,306.386880,13
2687,306.680210,11
2688,306.074260,13
2689,306.776840,12
2690,306.358960,8
2691,305.983670,9
2692,305.688800,13
2693,306.319890,10
2694,306.542800,12
2695,305.906000,12
2696,305.396380,9
2697,305.598840,11
2698,306.258100,10
2699,306.148010,10
2700,306.324970,12
2701,306.341040,15
2702,306.228470,15
2703,306.607350,14
2704,306.065570,15
2705,306.198480,15
2706,306.790880,14
2707,305.438330,14
2708,307.379690,14
2709,306.186340,13
2710,306.948070,15
2711,306.524880,17
2712,306.919060,15
2713,305.770960,14
2714,306.465550,19
2715,305.950550,12
2716,306.058860,15
2717,306.629570,16
2718,306.458950,13
2719,306.966930,15
2720,306.598330,11
2721,306.530340,13
2722,306.383910,12
2723,306.964130,13
2724,306.247780,12
2725,307.158260,14
2726,306.382280,13
2727,306.904140,11
2728,306.255360,12
2729,306.660770,12
2730,306.775870,15
2731,306.101530,12
2732,306.136530,14
2733,306.452780,13
2734,306.893380,11
2735,306.291440,12
2736,306.769350,15
2737,305.986770,10
2738,306.058460,16
2739,306.306910,12
2740,306.680340,11
2741,306.100460,11
2742,305.994660,15
2743,306.621290,10
2744,306.544230,11
2745,305.904620,10
2746,306.587110,8
2747,306.458270,12
2748,306.949860,14
2749,306.302400,11
2750,306.065230,9
2751,306.609940,14
2752,305.802650,11
2753,307.006200,14
2754,306.415870,14
2755,305.525320,14
2756,306.024640,12
2757,306.054670,11
2758,305.964160,12
2759,306.028840,13
2760,306.423210,15
2761,306.391470,10
2762,306.653390,10
2763,307.088770,14
2764,307.086450,14
2765,306.809890,14
2766,306.442470,13
2767,306.354390,14
2768,306.154760,13
2769,306.809250,13
2770,307.158520,14
2771,306.785910,13
2772,306.157850,13
2773,306.565610,13
2774,306.511740,11
2775,306.556070,13
2776,305.900150,12
2777,306.276280,10
2778,306.364180,15
2779,306.846890,16
2780,307.933960,17
2781,306.474980,17
2782,307.120040,10
2783,307.022200,14
2784,306.794770,16
2785,306.785170,8
2786,306.998740,12
2787,306.938540,16
2788,306.397860,10
2789,307.095870,13
2790,306.165390,11
2791,307.194940,12
2792,305.920280,15
2793,307.186010,13
2794,306.723650,13
2795,306.727390,13
2796,306.032660,12
2797,306.800550,11
2798,306.630640,12
2799,307.080920,12
2800,306.696660,14
2801,307.397100,12
2802,307.262740,16
2803,307.062530,14
2804,306.714640,16
2805,306.117940,13
2806,306.276740,14
2807,306.368740,10
2808,307.065630,11
2809,306.931190,12
2810,306.601260,15
2811,306.051070,15
2812,306.616710,13
2813,307.479950,12
2814,306.580410,16
2815,306.406270,14
2816,306.700800,15
2817,307.072310,14
2818,306.637530,14
2819,306.801240,13
2820,307.575080,16
2821,307.215010,9
2822,307.855820,16
2823,306.950260,13
2824,307.023060,15
2825,307.581440,15
2826,307.814530,11
2827,307.097840,13
2828,306.881670,9
2829,307.160040,17
2830,306.302710,14
2831,306.779670,14
2832,306.938840,12
2833,306.839150,16
2834,306.375990,12
2835,306.843120,13
2836,306.751580,15
2837,307.346570,14
2838,306.458030,14
2839,306.397770,15
2840,305.962780,12
2841,306.357520,12
2842,306.263750,11
2843,305.949710,11
2844,306.198390,11
2845,306.479290,16
2846,306.633450,14
2847,306.366400,15
2848,306.037000,10
2849,306.494700,15
2850,305.815140,19
2851,306.826150,10
2852,306.173390,12
2853,306.227090,16
2854,305.967440,14
2855,306.440660,14
2856,306.840880,16
2857,305.307020,18
2858,306.420610,13
2859,306.316850,14
2860,305.379840,17
2861,306.130840,12
2862,305.448170,14
2863,306.679160,16
2864,306.332960,9
2865,305.848380,11
2866,306.755980,15
2867,306.642870,12
2868,306.436220,14
2869,305.816850,17
2870,305.806370,14
2871,305.327890,17
2872,305.128030,16
2873,305.781380,12
2874,305.293550,18
2875,305.667760,17
2876,306.084820,13
2877,305.721210,12
2878,306.186920,18
2879,305.067290,15
2880,304.234640,10
2881,304.581140,11
2882,304.718720,14
2883,304.926520,15
2884,305.118150,12
2885,304.703890,11
2886,304.249010,13
2887,304.029440,14
2888,305.614230,13
2889,303.590770,12
2890,304.025640,16
2891,303.803690,15
2892,303.748480,13
2893,304.298220,17
2894,303.818660,12
2895,303.750640,18
2896,303.272950,18
2897,303.555440,18
2898,303.834740,16
2899,304.122470,18
2900,303.776700,13
2901,303.208960,14
2902,303.557110,11
2903,303.830020,15
2904,303.504810,9
2905,303.089000,14
2906,303.452990,14
2907,303.146590,13
2908,303.293540,18
2909,303.701300,13
2910,304.760050,16
2911,304.506250,13
2912,303.789740,15
2913,303.141860,14
2914,303.724790,13
2915,303.437950,10
2916,304.249160,13
2917,304.230430,14
2918,304.215350,13
2919,304.733820,13
2920,304.525370,16
2921,303.754850,12
2922,303.725300,12
2923,303.817130,13
2924,304.486120,14
2925,303.670840,15
2926,303.392590,17
2927,304.012030,12
2928,303.716580,11
2929,304.209390,15
2930,303.325930,12
2931,303.268770,14
2932,303.447320,13
2933,303.665850,13
2934,303.376920,10
2935,304.122620,13
2936,303.810790,10
2937,303.085440,13
2938,304.242160,13
2939,303.531120,12
2940,304.226970,15
2941,304.283590,14
2942,303.373040,15
2943,303.971350,15
2944,303.471700,12
2945,304.146510,12
2946,304.224260,14
2947,304.394560,14
2948,303.311350,13
2949,303.143290,12
2950,303.161110,10
2951,303.492230,11
2952,303.868360,13
2953,303.919480,12
2954,303.451760,11
2955,303.280570,13
2956,303.257560,9
2957,303.800430,8
2958,303.707990,10
2959,303.526960,9
2960,303.707860,8
2961,303.233950,7
2962,302.772120,8
2963,302.794710,7
2964,303.128400,8
2965,303.380450,8
2966,303.078910,10
2967,303.576910,6
2968,302.990860,9
2969,303.263870,9
2970,303.334720,13
2971,303.277730,12
2972,304.116790,13
2973,304.031470,11
2974,303.264580,10
2975,303.144340,11
2976,303.881130,14
2977,303.711480,14
2978,303.873900,11
2979,303.660300,11
2980,302.605320,12
2981,303.450510,11
2982,302.999760,12
2983,303.646190,15
2984,303.864700,11
2985,303.636340,14
2986,303.706170,12
2987,303.035960,11
2988,302.970460,13
2989,303.293470,12
2990,302.960170,13
2991,303.734730,12
2992,303.636050,14
2993,303.534380,12
2994,304.192440,11
2995,303.992490,15
2996,303.167620,12
2997,304.246870,14
2998,304.133710,11
2999,303.414410,12
3000,303.644010,15
3001,303.372790,16
3002,303.586910,13
3003,303.297570,15
3004,303.651660,16
3005,303.489490,17
3006,303.332990,14
3007,304.306090,17
3008,303.897950,16
3009,304.307010,17
3010,303.929530,7
3011,303.304380,12
3012,303.517960,9
3013,303.147060,9
3014,303.496430,7
3015,303.129790,12
3016,303.074220,11
3017,303.950370,9
3018,303.642190,8
3019,303.221740,10
3020,304.072120,17
3021,302.739850,17
3022,303.806900,17
3023,302.453810,16
3024,303.170890,15
3025,303.352960,15
3026,303.341090,17
3027,303.380250,14
3028,303.929290,18
3029,303.622880,13
3030,303.294240,11
3031,302.634060,16
3032,303.497930,11
3033,302.950950,17
3034,302.712140,16
3035,303.056390,12
3036,302.955880,15
3037,302.753590,12
3038,302.992990,13
3039,302.448020,15
3040,301.818140,16
3041,301.905610,16
3042,302.491620,16
3043,302.307330,17
3044,302.731980,15
3045,301.898220,17
3046,303.954260,15
3047,303.242570,16
3048,301.726070,17
3049,302.599820,17
3050,303.167220,14
3051,302.444190,10
3052,303.261390,11
3053,302.519650,13
3054,302.681260,11
3055,303.511320,14
3056,303.106370,10
3057,302.652150,13
3058,303.703250,11
3059,302.324770,11
3060,302.122530,12
3061,302.422860,12
3062,302.588300,16
3063,302.275870,15
3064,302.483450,13
3065,301.770310,14
3066,302.358710,10
3067,302.462830,17
3068,302.024450,10
3069,302.365430,13
3070,303.097090,13
3071,301.878830,14
3072,302.904490,10
3073,302.770660,14
3074,302.584440,10
3075,302.118200,12
3076,302.792370,13
3077,302.821170,12
3078,302.449710,13
3079,302.554260,9
3080,302.467000,15
3081,302.864900,11
3082,302.633630,9
3083,302.642030,16
3084,302.713330,13
3085,303.266600,13
3086,302.240320,12
3087,303.011020,12
3088,302.580700,13
3089,302.884840,13
3090,302.685530,10
3091,302.462310,9
3092,301.855940,12
3093,302.033490,8
3094,302.071900,11
3095,301.944300,8
3096,302.361590,11
3097,302.201890,10
3098,302.051880,12
3099,302.433600,9
3100,302.177280,13
3101,302.550270,13
3102,302.119600,10
3103,302.272280,12
3104,301.773190,13
3105,301.631880,12
3106,301.615490,9
3107,301.605380,10
3108,302.313170,12
3109,302.117760,11
3110,301.706860,17
3111,302.281540,16
3112,302.129280,15
3113,300.898530,18
3114,302.105520,15
3115,301.342840,14
3116,301.651810,18
3117,302.190710,16
3118,301.985470,16
3119,302.385400,13
3120,301.971480,16
3121,301.199860,15
3122,301.652100,12
3123,301.411800,12
3124,301.555210,18
3125,301.597130,15
3126,301.740570,11
3127,301.628400,13
3128,302.348720,17
3129,302.083120,11
3130,301.453440,15
3131,301.058180,14
3132,302.356600,10
3133,301.641040,11
3134,302.648590,15
3135,302.343220,12
3136,302.357660,9
3137,301.860240,14
3138,302.010030,13
3139,302.354690,14
3140,302.745570,15
3141,302.798010,14
3142,302.261040,14
3143,301.866630,16
3144,302.604770,13
3145,301.861850,17
3146,301.613930,17
3147,302.980290,17
3148,301.516730,17
3149,302.074940,16
3150,301.746490,10
3151,302.643360,10
3152,302.872040,13
3153,301.576150,15
3154,302.062250,12
3155,302.024600,14
3156,302.748680,10
3157,302.401790,11
3158,302.023140,12
3159,302.203350,10
3160,302.069620,11
3161,302.245520,8
3162,302.026030,15
3163,301.409760,15
3164,301.530260,12
3165,301.853790,15
3166,302.717210,13
3167,301.872430,13
3168,301.783640,10
3169,302.727010,12
3170,302.136650,16
3171,302.016570,10
3172,302.507950,11
3173,302.086640,11
3174,302.140740,14
3175,301.150290,9
3176,301.566960,11
3177,301.347440,14
3178,302.276730,13
3179,301.796930,11
3180,302.373980,12
3181,302.226060,13
3182,302.175300,13
3183,301.627790,13
3184,301.886740,10
3185,301.932630,11
3186,301.595740,14
3187,301.901400,16
3188,301.493370,9
3189,301.384110,14
3190,303.017210,16
3191,302.479310,10
3192,302.205980,15
3193,302.427750,12
3194,301.733170,14
3195,302.690570,12
3196,302.880380,15
3197,302.555420,14
3198,302.194920,13
3199,302.033210,11
3200,302.049520,10
3201,301.859370,14
3202,301.563150,12
3203,301.666140,15
3204,302.432830,15
3205,301.378600,15
3206,301.398470,12
3207,301.743190,12
3208,301.378510,12
3209,301.563010,11
3210,302.918280,11
3211,301.795380,12
3212,301.977490,9
3213,302.052390,10
3214,301.761050,11
3215,301.857720,7
3216,301.605930,11
3217,302.370110,14
3218,302.550020,13
3219,301.549430,10
3220,301.331810,13
3221,301.661100,15
3222,302.385640,11
3223,302.063020,11
3224,301.144170,9
3225,301.443340,15
3226,302.053000,13
3227,301.873550,12
3228,302.322090,10
3229,301.519490,8
3230,302.481370,12
3231,301.783520,13
3232,301.965250,13
3233,302.402810,12
3234,302.645500,12
3235,302.213340,13
3236,302.138970,11
3237,301.362910,10
3238,301.792690,9
3239,302.102820,10
3240,301.417000,9
3241,302.413610,10
3242,302.960240,11
3243,302.257700,11
3244,302.133810,9
3245,302.101760,11
3246,302.517220,11
3247,302.524050,7
3248,302.286170,8
3249,302.260100,10
3250,302.351330,9
3251,301.794970,9
3252,301.354590,7
3253,301.697720,12
3254,301.305130,13
3255,301.687500,8
3256,301.463660,10
3257,301.776210,11
3258,302.085310,10
3259,301.521400,10
3260,301.999270,12
3261,301.260080,12
3262,301.414120,9
3263,301.844530,12
3264,301.539030,14
3265,301.875960,13
3266,301.307730,13
3267,301.961560,13
3268,301.976250,14
3269,301.202350,13
3270,301.276270,11
3271,301.344060,15
3272,300.397960,17
3273,300.469620,13
3274,300.829820,12
3275,300.499960,15
3276,301.111570,13
3277,301.137920,16
3278,299.935660,16
3279,301.155680,13
3280,300.185320,21
3281,301.569770,16
3282,301.268910,14
3283,301.355830,14
3284,301.111030,14
3285,301.395300,18
3286,301.722060,18
3287,300.824630,17
3288,300.578130,15
3289,300.707150,15
3290,300.269450,13
3291,300.360610,13
3292,299.846240,11
3293,300.518540,12
3294,301.099670,13
3295,300.781760,13
3296,300.470480,11
3297,300.468540,12
3298,301.270040,10
3299,300.551950,8
3300,300.061920,18
3301,300.780270,17
3302,299.773420,15
3303,300.515630,16
3304,299.851740,16
3305,300.578240,15
3306,300.040140,12
3307,300.970910,16
3308,300.414800,17
3309,299.901620,19
3310,300.916510,13
3311,300.101250,13
3312,300.312850,14
3313,300.563170,10
3314,299.951310,13
3315,301.009210,13
3316,300.005630,11
3317,300.113610,13
3318,299.876040,13
3319,300.082870,10
3320,300.492430,13
3321,299.742750,15
3322,300.701380,14
3323,300.530870,14
3324,300.434730,15
3325,300.449710,16
3326,300.079460,12
3327,299.902410,13
3328,300.819310,16
3329,300.035300,13
3330,299.566850,13
3331,299.872490,15
3332,300.685640,17
3333,299.504900,17
3334,299.416470,17
3335,299.956990,14
3336,300.114670,16
3337,300.371730,15
3338,299.853570,14
3339,300.057610,13
3340,299.612780,16
3341,299.902160,13
3342,299.397230,14
3343,300.864170,19
3344,299.748510,15
3345,299.931700,16
3346,298.852240,15
3347,299.824070,12
3348,299.817940,14
3349,300.483410,16
3350,300.991350,11
3351,300.367630,12
3352,300.792380,12
3353,300.639760,14
3354,301.103060,12
3355,300.743190,14
3356,301.048860,16
3357,300.739450,12
3358,300.441160,16
3359,300.499160,15
3360,300.986240,15
3361,299.983240,17
3362,301.530720,16
3363,300.048160,14
3364,300.892190,16
3365,300.756170,12
3366,301.153560,13
3367,300.234420,15
3368,300.308840,14
3369,300.416110,16
3370,300.942120,8
3371,300.623710,10
3372,301.143840,11
3373,301.021160,11
3374,300.632470,12
3375,300.736680,9
3376,300.591170,11
3377,300.593870,7
3378,300.748330,9
3379,300.701520,9
3380,300.740020,10
3381,301.107490,11
3382,301.068850,9
3383,301.134650,10
3384,300.809760,12
3385,301.323210,8
3386,301.436460,11
3387,300.816600,9
3388,300.971190,11
3389,300.678090,9
3390,300.558630,9
3391,300.534660,15
3392,299.955760,16
3393,301.008720,13
3394,300.655840,12
3395,300.575020,13
3396,300.711200,13
3397,300.395710,10
3398,300.611060,12
3399,301.296820,13
3400,301.021830,17
3401,300.772460,16
3402,300.968630,15
3403,300.262510,15
3404,300.616930,15
3405,300.341860,12
3406,300.370150,16
3407,299.649250,16
3408,301.175940,14
3409,300.340420,15
3410,300.646910,12
3411,300.292100,14
3412,300.670440,15
3413,300.912920,8
3414,300.549730,10
3415,299.848810,13
3416,299.721460,16
3417,300.645820,10
3418,301.067710,14
3419,300.728400,12
3420,301.316330,13
3421,301.209740,17
3422,301.178840,17
3423,300.398460,15
3424,301.446670,13
3425,302.129150,17
3426,301.561450,16
3427,300.792470,13
3428,300.191870,13
3429,300.364300,15
3430,301.949050,13
3431,302.676980,14
3432,302.513260,15
3433,301.465780,17
3434,301.799780,11
3435,301.573240,9
3436,302.420560,14
3437,301.759250,11
3438,302.128590,11
3439,301.374360,13
3440,302.388350,15
3441,301.946350,13
3442,301.410990,13
3443,301.935430,13
3444,301.966070,15
3445,302.188070,12
3446,302.391350,10
3447,301.350410,16
3448,301.586000,13
3449,301.838850,12
3450,302.806330,17
3451,301.821640,15
3452,301.413810,15
3453,301.330220,14
3454,302.047430,17
3455,302.514900,14
3456,302.354770,14
3457,302.135030,13
3458,301.210500,17
3459,302.195440,16
3460,302.015770,13
3461,302.807500,12
3462,301.794730,16
3463,302.794600,14
3464,303.251660,10
3465,301.889900,15
3466,302.852780,16
3467,302.640450,16
3468,302.300960,13
3469,302.389720,14
3470,301.777950,9
3471,302.105760,6
3472,302.178930,9
3473,302.322660,10
3474,302.101530,8
3475,301.807740,9
3476,302.006290,9
3477,302.219530,10
3478,302.969490,10
3479,302.696400,13
3480,302.983400,9
3481,303.244850,13
3482,302.448370,16
3483,302.451710,14
3484,302.304010,12
3485,302.307800,14
3486,302.849510,11
3487,302.406840,14
3488,302.897900,13
3489,302.364350,14
3490,302.473430,13
3491,303.110920,14
3492,303.032750,13
3493,302.708430,11
3494,302.583030,14
3495,303.134550,9
3496,303.335210,11
3497,302.011980,17
3498,302.408840,11
3499,302.209580,14
3500,303.311610,13
3501,302.715100,12
3502,302.609500,12
3503,303.648050,12
3504,303.182060,12
3505,302.702120,12
3506,303.155050,9
3507,303.486500,11
3508,303.198320,9
3509,303.442220,12
3510,303.798000,17
3511,303.343600,15
3512,302.858280,16
3513,302.383830,14
3514,301.899330,19
3515,303.092030,12
3516,302.537580,14
3517,302.978500,17
3518,303.249770,15
3519,302.346210,13
3520,302.230650,16
3521,302.236520,11
3522,302.497540,12
3523,302.738370,14
3524,302.960020,10
3525,302.935040,12
3526,302.820310,10
3527,302.729150,11
3528,302.944470,13
3529,303.149630,11
3530,302.271220,16
3531,303.226840,15
3532,302.992300,15
3533,302.494640,14
3534,302.391560,14
3535,302.645930,12
3536,302.363300,13
3537,303.076730,10
3538,302.370690,12
3539,302.496870,10
3540,302.375600,15
3541,302.688220,13
3542,302.276800,10
3543,303.245680,11
3544,302.379230,9
3545,302.963190,14
3546,302.419230,13
3547,302.419250,11
3548,303.308180,14
3549,302.023200,12
3550,302.804980,18
3551,302.424670,13
3552,301.588710,17
3553,301.819390,14
3554,301.523840,18
3555,302.079260,15
3556,302.385200,20
3557,302.731480,15
3558,301.827260,19
3559,302.274160,13
3560,301.759100,16
3561,302.190630,14
3562,302.092600,17
3563,302.260810,12
3564,302.804590,15
3565,302.033960,13
3566,301.980610,12
3567,302.552750,14
3568,302.227070,13
3569,302.031750,14
3570,302.596490,14
3571,302.589700,10
3572,302.269920,15
3573,301.856890,15
3574,303.073430,14
3575,302.119230,14
3576,302.170130,15
3577,302.815820,14
3578,303.427440,15
3579,302.069490,13
3580,302.708430,12
3581,303.584990,14
3582,303.703810,11
3583,303.039650,13
3584,302.702570,10
3585,303.319840,12
3586,303.449180,16
3587,303.652770,13
3588,302.537530,13
3589,302.511760,13
3590,303.115420,15
3591,302.627270,15
3592,302.866060,13
3593,302.787030,13
3594,302.598890,13
3595,301.876670,17
3596,303.596000,11
3597,302.626420,13
3598,302.066830,13
3599,303.025510,14
3600,302.403720,12
3601,303.200950,14
3602,303.164450,15
3603,302.781510,10
3604,302.663570,12
3605,302.951520,14
3606,302.873190,12
3607,302.822890,11
3608,302.457980,10
3609,302.004210,14
3610,302.775570,10
3611,302.355540,12
3612,302.239210,12
3613,302.886710,10
3614,302.832810,11
3615,303.043300,10
3616,302.517130,12
3617,301.728950,14
3618,302.344510,10
3619,302.770560,14
3620,302.896090,12
3621,303.243260,14
3622,302.800490,11
3623,303.275680,13
3624,302.980260,13
3625,302.859360,9
3626,302.631330,11
3627,302.415750,15
3628,302.777210,16
3629,302.978320,16
3630,301.843870,10
3631,302.444250,8
3632,302.035420,9
3633,302.625830,9
3634,302.577690,13
3635,301.910130,11
3636,302.211210,13
3637,302.482260,6
3638,302.073910,8
3639,302.204050,12
3640,301.694500,9
3641,301.728350,11
3642,301.462050,13
3643,302.185590,14
3644,301.751670,12
3645,301.646740,11
3646,301.930950,9
3647,302.503010,14
3648,301.898560,11
3649,301.577840,13
3650,302.204020,11
3651,302.477150,14
3652,302.177760,14
3653,301.331600,12
3654,302.451510,11
3655,301.801440,15
3656,301.270710,9
3657,301.440810,14
3658,302.020770,14
3659,302.409860,12
3660,302.536540,10
3661,302.269270,8
3662,301.785300,14
3663,301.835870,12
3664,301.720520,14
3665,302.836110,13
3666,302.190260,10
3667,302.192210,10
3668,302.406210,9
3669,301.942110,11
3670,301.977500,14
3671,301.844770,15
3672,301.601040,14
3673,302.059010,14
3674,302.141390,15
3675,302.487930,15
3676,301.850950,14
3677,301.900920,13
3678,302.049420,15
3679,302.274400,12
3680,302.112880,13
3681,301.713960,15
3682,302.017660,14
3683,301.529320,12
3684,301.200360,13
3685,301.617080,14
3686,302.247040,12
3687,302.177060,15
3688,301.643850,12
3689,302.327720,16
3690,302.360650,11
3691,301.936480,6
3692,302.004710,7
3693,302.068710,8
3694,301.593760,11
3695,302.514390,8
3696,302.147330,11
3697,301.932630,9
3698,301.945210,8
3699,301.837560,9
3700,302.291660,16
3701,301.821280,11
3702,302.933280,14
3703,301.844780,17
3704,301.898480,12
3705,301.821880,12
3706,301.680900,14
3707,301.948980,15
3708,301.681700,8
3709,302.622520,13
3710,302.009260,12
3711,302.461050,15
3712,302.561640,15
3713,301.381200,16
3714,301.642720,14
3715,302.345830,14
3716,302.201060,11
3717,301.626800,12
3718,301.649690,12
3719,302.216910,11
3720,301.679320,16
3721,301.847230,11
3722,302.567760,15
3723,301.958580,14
3724,301.532230,15
3725,302.561880,14
3726,302.138650,15
3727,302.740720,16
3728,302.353960,13
3729,302.585400,15
3730,302.864700,14
3731,301.689340,15
3732,302.359070,13
3733,302.442430,14
3734,302.169760,14
3735,302.388550,11
3736,302.176670,12
3737,301.476590,12
3738,301.610300,14
3739,302.074240,10
3740,301.493850,13
3741,301.560120,15
3742,302.342970,13
3743,302.092110,13
3744,301.584880,11
3745,301.577890,14
3746,302.568280,15
3747,302.290860,11
3748,302.517450,13
3749,302.212580,12
3750,302.002230,14
3751,301.678420,15
3752,301.242410,14
3753,301.844730,10
3754,301.375940,16
3755,301.344590,15
3756,301.536840,12
3757,301.005670,15
3758,301.626580,14
3759,301.686340,16
3760,301.380880,13
3761,301.117840,13
3762,301.409880,17
3763,301.336780,13
3764,301.386550,10
3765,300.688420,13
3766,300.880990,15
3767,301.684360,12
3768,301.249060,10
3769,301.853560,14
3770,302.167250,15
3771,301.873910,15
3772,302.408670,14
3773,302.490600,14
3774,301.614530,12
3775,302.990450,18
3776,301.982870,17
3777,301.873010,16
3778,301.776710,12
3779,301.516900,17
3780,302.305640,10
3781,302.221420,14
3782,302.511670,12
3783,302.264080,10
3784,301.943560,12
3785,302.612400,12
3786,302.429030,15
3787,302.135470,15
3788,302.915410,15
3789,302.135890,17
3790,301.382530,14
3791,302.459380,11
3792,301.478460,13
3793,300.985920,13
3794,301.953490,11
3795,301.234740,9
3796,302.097530,12
3797,302.145020,11
3798,301.405820,11
3799,302.385000,11
3800,301.901440,12
3801,301.882770,13
3802,302.343730,12
3803,301.933670,10
3804,301.700260,10
3805,301.431080,14
3806,301.574160,18
3807,302.726130,14
3808,301.828000,12
3809,301.388710,17
3810,301.421460,14
3811,301.904540,14
3812,301.926540,15
3813,301.169710,16
3814,301.614770,12
3815,301.730000,16
3816,301.831340,16
3817,301.090050,14
3818,301.805970,17
3819,301.297730,15
3820,301.641770,11
3821,300.915310,11
3822,301.248980,7
3823,300.574240,14
3824,301.190010,14
3825,300.725510,12
3826,300.815620,10
3827,300.780200,9
3828,300.974850,8
3829,300.524380,11
3830,301.270080,16
3831,300.080290,14
3832,299.902240,15
3833,299.932790,15
3834,301.089730,14
3835,299.882350,12
3836,300.208570,11
3837,300.014900,15
3838,300.213360,14
3839,300.065170,15
3840,299.919610,15
3841,300.063000,15
3842,299.842240,12
3843,299.758830,13
3844,299.623590,16
3845,299.552950,14
3846,299.338340,14
3847,299.894400,15
3848,300.100500,15
3849,300.025590,17
3850,299.522610,15
3851,299.517820,17
3852,299.220550,13
3853,299.532080,18
3854,300.084050,14
3855,299.399710,16
3856,300.313730,16
3857,299.960030,14
3858,299.922980,19
3859,299.552570,15
3860,299.965460,10
3861,299.432080,10
3862,300.270410,10
3863,300.060880,15
3864,299.826940,17
3865,300.643680,11
3866,299.170880,16
3867,299.884250,13
3868,300.418690,12
3869,299.679630,11
3870,300.079780,17
3871,300.016470,18
3872,299.450390,15
3873,299.548070,18
3874,300.068320,17
3875,300.243400,16
3876,300.667540,20
3877,299.384580,16
3878,298.767310,18
3879,299.683330,15
3880,298.873020,15
3881,298.297860,13
3882,299.236500,15
3883,299.795510,13
3884,298.557610,15
3885,298.936640,12
3886,299.948640,13
3887,299.576650,15
3888,299.550740,14
3889,299.439700,9
3890,299.298950,7
3891,299.827820,18
3892,299.180060,13
3893,298.920630,11
3894,299.468690,12
3895,299.132380,13
3896,299.529390,14
3897,299.095580,12
3898,299.328550,13
3899,299.310840,11
3900,300.244810,13
3901,299.962490,12
3902,299.857940,11
3903,299.672360,15
3904,299.650330,10
3905,299.689970,11
3906,300.838090,15
3907,300.106990,11
3908,299.195380,15
3909,299.837020,14
3910,300.483550,11
3911,300.240650,10
3912,300.597770,10
3913,300.493780,6
3914,300.536910,8
3915,300.332410,10
3916,299.729830,8
3917,299.805890,9
3918,300.377140,11
3919,300.297830,12
3920,300.768170,10
3921,300.519200,11
3922,300.486130,16
3923,300.495410,11
3924,300.832310,11
3925,300.319470,16
3926,300.533640,12
3927,300.556210,11
3928,300.201810,15
3929,300.806660,12
3930,300.404360,12
3931,299.366060,12
3932,300.082500,15
3933,299.643910,15
3934,300.401480,14
3935,299.719620,12
3936,299.838950,12
3937,299.691780,11
3938,299.136610,13
3939,299.511120,12
3940,298.926400,14
3941,298.790470,8
3942,298.468000,10
3943,299.867830,13
3944,299.637920,11
3945,299.753570,11
3946,299.215010,9
3947,299.699660,12
3948,299.508750,10
3949,299.527850,11
3950,298.769440,14
3951,298.682950,10
3952,298.362940,12
3953,299.106050,14
3954,299.619140,16
3955,299.349510,12
3956,298.014850,15
3957,298.888340,10
3958,298.728040,13
3959,298.286380,12
3960,299.774140,13
3961,299.032250,12
3962,298.975070,8
3963,299.095990,15
3964,299.784960,12
3965,299.506160,10
3966,299.473890,12
3967,299.254740,12
3968,299.404790,11
3969,299.295340,13
3970,299.647600,14
3971,298.823890,12
3972,299.213590,15
3973,299.055780,14
3974,298.978330,13
3975,298.676490,18
3976,298.627270,13
3977,298.889720,14
3978,299.113340,15
3979,299.613270,13
3980,298.765480,11
3981,298.885220,11
3982,298.545190,11
3983,298.666770,12
3984,299.095620,13
3985,298.856660,12
3986,299.019510,13
3987,299.501820,15
3988,299.413580,13
3989,299.827910,13
3990,299.629510,16
3991,299.231210,13
3992,299.512810,14
3993,299.168580,9
3994,299.248040,14
3995,299.217830,13
3996,299.029550,10
3997,299.493520,15
3998,298.689260,16
3999,299.888630,14
4000,299.507410,11
4001,299.952170,16
4002,298.776880,10
4003,299.070650,11
4004,299.616300,11
4005,298.829180,14
4006,299.684820,14
4007,299.383420,13
4008,299.163110,13
4009,299.592320,14
4010,298.471200,13
4011,298.924990,17
4012,299.205490,17
4013,299.007730,14
4014,298.976610,11
4015,299.215680,12
4016,299.077770,14
4017,299.396180,12
4018,299.123760,10
4019,299.559140,11
4020,298.802180,11
4021,299.240780,14
4022,298.550870,9
4023,299.112150,13
4024,298.654310,8
4025,298.723540,10
4026,298.536050,12
4027,298.630540,13
4028,298.038650,16
4029,298.933460,13
4030,298.339900,9
4031,299.281540,10
4032,298.497720,8
4033,298.707280,14
4034,298.832090,10
4035,298.913630,11
4036,298.826200,11
4037,298.448090,10
4038,298.434350,12
4039,299.039230,13
4040,299.000940,11
4041,299.067340,11
4042,298.622060,10
4043,298.383790,12
4044,299.113780,11
4045,298.354560,13
4046,299.437570,10
4047,299.208750,13
4048,299.050500,12
4049,299.103930,15
4050,299.212260,10
4051,298.789450,14
4052,299.674070,14
4053,299.076700,10
4054,299.490980,11
4055,299.201580,9
4056,299.617190,11
4057,299.188540,10
4058,299.946270,12
4059,299.270590,8
4060,299.184100,10
4061,299.843650,13
4062,299.149080,10
4063,299.082700,15
4064,299.387220,11
4065,299.647170,13
4066,299.249830,12
4067,299.509070,12
4068,298.879660,14
4069,299.770720,15
4070,299.392690,10
4071,298.990500,11
4072,299.441670,10
4073,299.110910,12
4074,299.083910,13
4075,298.559110,13
4076,299.289700,13
4077,299.346060,10
4078,299.845560,11
4079,299.303790,13
4080,299.061050,11
4081,299.049530,13
4082,299.042880,13
4083,299.186740,8
4084,299.004310,10
4085,299.115290,6
4086,299.264310,13
4087,299.097900,10
4088,299.153840,10
4089,298.992360,10
4090,300.186980,17
4091,299.418890,13
4092,299.629050,12
4093,299.905440,13
4094,299.679540,16
4095,298.899790,12
4096,299.600200,12
4097,298.990320,14
4098,299.192500,11
4099,299.798820,11
4100,299.432740,12
4101,299.398160,9
4102,299.073800,13
4103,299.084030,10
4104,299.173310,15
4105,299.492150,11
4106,299.472130,13
4107,299.026960,12
4108,299.704080,13
4109,299.081810,14
4110,300.248190,16
4111,299.378340,13
4112,299.658330,14
4113,299.352700,16
4114,299.911830,15
4115,298.302480,16
4116,299.369560,12
4117,299.232510,13
4118,299.199500,12
4119,299.624240,12
4120,299.813610,10
4121,300.176540,8
4122,300.058920,9
4123,300.383300,10
4124,299.830600,12
4125,300.203810,8
4126,300.018960,13
4127,299.787990,11
4128,299.982700,11
4129,300.229370,5
4130,299.561960,11
4131,299.795140,13
4132,299.846800,10
4133,299.645300,9
4134,299.604050,12
4135,299.160710,11
4136,299.551230,9
4137,299.340770,13
4138,299.848880,9
4139,299.315380,10
4140,299.421640,12
4141,299.686240,15
4142,299.974160,14
4143,300.090840,12
4144,299.421010,8
4145,299.807960,13
4146,299.949130,12
4147,299.024900,16
4148,299.092160,14
4149,299.801970,14
4150,299.409310,15
4151,299.541410,10
4152,298.915460,13
4153,299.490240,9
4154,299.883280,15
4155,299.325730,9
4156,299.441730,10
4157,299.271200,11
4158,299.723440,12
4159,299.448990,12
4160,299.247500,13
4161,298.849090,12
4162,299.234590,9
4163,299.529950,10
4164,298.898760,11
4165,300.149530,12
4166,299.442470,12
4167,298.673230,14
4168,299.101540,11
4169,300.006960,16
4170,300.468300,13
4171,300.141120,14
4172,300.679150,11
4173,300.536830,15
4174,300.565350,12
4175,300.094220,12
4176,300.204610,14
4177,299.823860,15
4178,300.170100,14
4179,300.215010,11
4180,300.197630,13
4181,299.982610,12
4182,300.049610,13
4183,300.950940,13
4184,301.091390,13
4185,300.702980,12
4186,300.303310,15
4187,300.943670,12
4188,300.836500,12
4189,300.447030,12
4190,300.241620,17
4191,301.333570,20
4192,301.696950,17
4193,300.868640,14
4194,301.198510,16
4195,301.249110,16
4196,300.952530,16
4197,300.929480,17
4198,300.832140,15
4199,300.582620,18
4200,300.014380,13
4201,300.403370,12
4202,300.041970,12
4203,299.963560,11
4204,300.266130,11
4205,299.926230,14
4206,300.029840,9
4207,300.449230,14
4208,300.361550,11
4209,299.839410,11
4210,299.373060,12
4211,300.056750,13
4212,298.932210,13
4213,300.133540,11
4214,299.817530,11
4215,299.690260,10
4216,299.475590,13
4217,299.693820,10
4218,299.203490,12
4219,299.062510,12
4220,299.034760,13
4221,298.763370,11
4222,299.036530,13
4223,298.951510,15
4224,298.496910,12
4225,298.482740,12
4226,298.722250,11
4227,299.243930,13
4228,299.344700,12
4229,298.343810,13
4230,297.950150,14
4231,297.621670,14
4232,297.660660,10
4233,297.924740,12
4234,298.054080,13
4235,298.635020,12
4236,298.472520,11
4237,298.528310,16
4238,297.813110,10
4239,297.375950,12
4240,297.499120,11
4241,297.797630,13
4242,297.001940,10
4243,297.434910,9
4244,297.644350,13
4245,297.804390,14
4246,297.259550,14
4247,297.154700,12
4248,296.821620,12
4249,297.371550,14
4250,297.859210,9
4251,297.408880,19
4252,297.360140,9
4253,298.103690,13
4254,297.074310,14
4255,298.062160,15
4256,297.667020,11
4257,296.872960,12
4258,297.398560,13
4259,297.702840,13
4260,297.352800,11
4261,297.756490,11
4262,297.352970,11
4263,297.452660,12
4264,297.409500,12
4265,298.051810,10
4266,297.773910,11
4267,298.023420,12
4268,297.308400,11
4269,298.054520,12
4270,298.006350,9
4271,298.470810,11
4272,298.917600,11
4273,298.638920,10
4274,298.570310,10
4275,298.063830,9
4276,298.114760,11
4277,297.789300,10
4278,298.285590,12
4279,298.076130,8
4280,297.690880,13
4281,297.470920,12
4282,297.918190,14
4283,297.682030,12
4284,297.971340,17
4285,296.632310,15
4286,297.502580,14
4287,297.305930,16
4288,297.950900,11
4289,297.536950,11
4290,296.915810,14
4291,296.597080,17
4292,296.838460,17
4293,296.578710,13
4294,296.866540,16
4295,297.978310,16
4296,297.328210,11
4297,297.621800,16
4298,297.851300,14
4299,298.268070,15
4300,297.277560,19
4301,296.216500,17
4302,296.554960,14
4303,296.176420,17
4304,296.682380,15
4305,295.262810,16
4306,296.054800,13
4307,296.551310,15
4308,296.660290,15
4309,296.504630,13
4310,296.114290,19
4311,296.525340,19
4312,297.896220,17
4313,297.577290,17
4314,297.130240,21
4315,296.509080,16
4316,297.118490,17
4317,296.270670,17
4318,296.752070,17
4319,296.906650,14
4320,296.357210,10
4321,296.693170,13
4322,296.662240,15
4323,297.143610,12
4324,296.425740,15
4325,297.082710,12
4326,297.582380,11
4327,296.150040,12
4328,297.117090,12
4329,297.369770,13
4330,296.829690,12
4331,297.159750,13
4332,297.520320,12
4333,297.533950,13
4334,296.824500,12
4335,297.578430,12
4336,297.241580,11
4337,297.346140,14
4338,297.138690,17
4339,296.656160,13
4340,296.113100,14
4341,297.001140,15
4342,297.370020,14
4343,296.589010,13
4344,297.306190,17
4345,296.852880,13
4346,296.279440,14
4347,296.666490,14
4348,296.320620,14
4349,296.306090,13
4350,296.116090,16
4351,297.380980,15
4352,296.545520,11
4353,296.974940,13
4354,296.559610,12
4355,296.830830,14
4356,296.628410,10
4357,296.454580,8
4358,296.321400,9
4359,296.791970,9
4360,296.415760,11
4361,296.322030,12
4362,296.525230,11
4363,296.261700,6
4364,296.772720,8
4365,296.971540,5
4366,296.568840,8
4367,296.819010,8
4368,296.551820,5
4369,296.968750,10
4370,295.980990,12
4371,295.979790,12
4372,295.999810,12
4373,296.246550,14
4374,296.627120,11
4375,296.859160,9
4376,296.641230,12
4377,296.299390,12
4378,296.677210,14
4379,295.482400,13
4380,296.060050,16
4381,295.166300,15
4382,295.534200,13
4383,295.638120,19
4384,295.544010,14
4385,295.579420,16
4386,295.521960,16
4387,295.894160,13
4388,294.783600,17
4389,294.623870,14
4390,294.858760,15
4391,294.735610,14
4392,294.905570,14
4393,294.539670,14
4394,295.593600,15
4395,295.663460,15
4396,294.492430,14
4397,294.146640,13
4398,294.676160,14
4399,294.513800,14
4400,294.504050,12
4401,294.292520,9
4402,294.846390,10
4403,295.114630,12
4404,295.345250,16
4405,294.767850,12
4406,294.552180,12
4407,294.870770,9
4408,293.957020,13
4409,294.173990,9
4410,294.793260,12
4411,294.092580,12
4412,294.568990,12
4413,295.544540,14
4414,294.414470,12
4415,294.718550,11
4416,294.837100,11
4417,294.769980,14
4418,294.486800,14
4419,294.724230,12
4420,294.305260,16
4421,294.522630,14
4422,294.579370,11
4423,294.293960,12
4424,294.153980,13
4425,293.836490,14
4426,294.878780,14
4427,293.496160,11
4428,294.040050,14
4429,294.561470,14
4430,294.453330,14
4431,294.090420,10
4432,294.990330,14
4433,294.951830,12
4434,294.282440,16
4435,294.325220,14
4436,294.841750,14
4437,294.329630,10
4438,294.758000,19
4439,294.242800,14
4440,294.183680,9
4441,293.929160,7
4442,294.104250,13
4443,294.480240,12
4444,294.382160,11
4445,294.051450,8
4446,293.607660,9
4447,294.003990,8
4448,293.363320,10
4449,293.703210,10
4450,294.304600,15
4451,294.426280,12
4452,293.984950,14
4453,294.898410,13
4454,294.658990,10
4455,294.098330,11
4456,294.322110,11
4457,293.665320,11
4458,294.401590,14
4459,293.998140,9
4460,293.662590,9
4461,294.297870,12
4462,293.998810,9
4463,294.099020,12
4464,293.631210,11
4465,293.679210,10
4466,294.450660,11
4467,294.037980,9
4468,294.377000,12
4469,294.123500,11
4470,293.386360,15
4471,293.927690,11
4472,294.336820,14
4473,294.711050,14
4474,293.649300,15
4475,293.598320,15
4476,293.156170,15
4477,294.000980,16
4478,294.259710,16
4479,293.703940,13
4480,292.793710,13
4481,292.564440,15
4482,293.507730,15
4483,292.543530,13
4484,293.072050,14
4485,292.845940,14
4486,292.866030,12
4487,293.221530,10
4488,293.189560,8
4489,292.724930,12
4490,293.420040,16
4491,292.859330,12
4492,293.238030,10
4493,293.306290,16
4494,293.708670,14
4495,293.354130,16
4496,293.429700,15
4497,293.814320,16
4498,293.040720,15
4499,292.960660,9
4500,292.227350,14
4501,293.334820,14
4502,292.560630,9
4503,292.848760,11
4504,292.634260,9
4505,292.642140,13
4506,292.608490,14
4507,292.864170,16
4508,292.859340,14
4509,292.998750,13
4510,292.940740,13
4511,293.505940,12
4512,292.455090,14
4513,293.467040,13
4514,292.712620,13
4515,293.410590,12
4516,293.098270,15
4517,292.562200,14
4518,292.481100,11
4519,292.883090,13
4520,293.078430,9
4521,292.362660,14
4522,293.244920,9
4523,292.872780,10
4524,292.671400,15
4525,293.034030,10
4526,293.020700,13
4527,292.870050,11
4528,293.392620,15
4529,292.665000,12
4530,293.452390,12
4531,293.313040,16
4532,293.011510,17
4533,293.137020,12
4534,293.031640,12
4535,293.010580,16
4536,293.190600,15
4537,292.187120,15
4538,293.434530,15
4539,293.159170,11
4540,293.345390,15
4541,292.159780,10
4542,292.952160,14
4543,293.068440,11
4544,292.545090,13
4545,293.155200,14
4546,292.578570,12
4547,292.716410,11
4548,292.279310,13
4549,291.920440,14
4550,292.726460,14
4551,292.489840,13
4552,293.199780,9
4553,292.407200,14
4554,293.308920,14
4555,293.712910,15
4556,293.323590,13
4557,292.793860,13
4558,292.654370,12
4559,293.487220,15
4560,293.974680,10
4561,293.719820,11
4562,293.734230,12
4563,292.929270,11
4564,293.425560,15
4565,293.435440,11
4566,293.721440,14
4567,293.692600,11
4568,293.759870,14
4569,293.438140,13
4570,292.860600,9
4571,293.329270,11
4572,292.310550,13
4573,292.623030,11
4574,293.347020,11
4575,292.605740,12
4576,292.592570,11
4577,292.966720,9
4578,293.088380,13
4579,292.822490,10
4580,292.602790,12
4581,292.547540,11
4582,291.935730,12
4583,292.581760,11
4584,292.415510,11
4585,291.981980,13
4586,292.467050,12
4587,291.762220,12
4588,292.753270,11
4589,292.987380,10
4590,292.801260,16
4591,292.792950,13
4592,292.791160,17
4593,293.535490,14
4594,292.556630,17
4595,292.572340,16
4596,292.930480,18
4597,292.206240,17
4598,293.168240,13
4599,293.266850,13
4600,293.160080,10
4601,292.818890,9
4602,293.336410,9
4603,293.203800,12
4604,292.894480,14
4605,293.686980,15
4606,292.475600,11
4607,293.213640,10
4608,292.520040,15
4609,293.383700,12
4610,292.906330,11
4611,292.707420,12
4612,292.800030,13
4613,293.453300,14
4614,293.179010,15
4615,293.359490,14
4616,293.246770,13
4617,292.742780,14
4618,293.124340,12
4619,292.721300,15
4620,292.622540,14
4621,293.261250,16
4622,292.899960,17
4623,292.552290,14
4624,293.192240,16
4625,293.076900,12
4626,293.403930,13
4627,293.478190,15
4628,292.969980,11
4629,293.140720,13
4630,293.337690,16
4631,293.024730,18
4632,294.383730,16
4633,293.518350,19
4634,293.859250,17
4635,292.958310,19
4636,292.712940,17
4637,293.262740,17
4638,293.954560,15
4639,293.236170,15
4640,293.455340,10
4641,294.125200,14
4642,293.379850,9
4643,293.585330,12
4644,293.146000,10
4645,292.880910,11
4646,292.741200,12
4647,292.924180,8
4648,293.143330,8
4649,293.719620,11
4650,293.385970,17
4651,293.404590,13
4652,293.414460,20
4653,292.654150,14
4654,293.634320,19
4655,292.716760,17
4656,293.415800,16
4657,293.862390,15
4658,293.310180,16
4659,294.106880,19
4660,293.353130,12
4661,294.025510,13
4662,293.434480,14
4663,293.617840,15
4664,293.343910,12
4665,293.267270,13
4666,293.540240,11
4667,293.748620,17
4668,293.454840,13
4669,293.422050,11
4670,293.175110,7
4671,293.415760,10
4672,293.288060,9
4673,293.089850,11
4674,293.145610,9
4675,293.658710,11
4676,293.164480,9
4677,293.703400,11
4678,292.816880,10
4679,293.569520,12
4680,293.709180,15
4681,292.085610,15
4682,292.923080,14
4683,293.740960,15
4684,293.021350,14
4685,292.891090,17
4686,292.789170,14
4687,292.433610,11
4688,292.535410,12
4689,293.417920,16
4690,292.373850,13
4691,292.686080,13
4692,292.868370,12
4693,292.656080,14
4694,293.117430,13
4695,293.188380,15
4696,292.357140,14
4697,292.172940,13
4698,292.572550,12
4699,293.391930,14
4700,292.979950,13
4701,292.491100,16
4702,292.796220,13
4703,292.825210,13
4704,293.440010,12
4705,292.310600,15
4706,292.991060,11
4707,292.931650,18
4708,292.931600,12
4709,293.354250,13
4710,294.043830,15
4711,293.694250,12
4712,293.919190,10
4713,293.975470,14
4714,294.738070,12
4715,293.766630,10
4716,294.228100,12
4717,293.047830,12
4718,293.710790,13
4719,293.631290,12
4720,293.321430,10
4721,293.517050,12
4722,292.620310,15
4723,292.911460,13
4724,293.703090,12
4725,293.651800,11
4726,293.311170,8
4727,293.024540,9
4728,292.915110,16
4729,293.941780,11
4730,293.974760,10
4731,294.154220,12
4732,294.815540,15
4733,293.325710,10
4734,293.350370,12
4735,293.688400,14
4736,293.530670,14
4737,292.893390,11
4738,294.254610,12
4739,293.706820,13
4740,294.150890,10
4741,293.897720,12
4742,294.352810,13
4743,294.882080,10
4744,294.330650,14
4745,294.767330,13
4746,293.819950,14
4747,293.945600,13
4748,293.775170,8
4749,294.096150,10
4750,293.891770,18
4751,294.940210,16
4752,294.000300,12
4753,295.053860,15
4754,293.844310,14
4755,294.009640,13
4756,294.096920,15
4757,294.763750,13
4758,294.895860,15
4759,294.095680,11
4760,293.930640,13
4761,293.413490,17
4762,293.683470,16
4763,293.824380,16
4764,294.012020,16
4765,293.480330,15
4766,293.977980,17
4767,293.571540,13
4768,293.708550,16
4769,293.342610,14
4770,292.783850,15
4771,293.642440,12
4772,293.143360,17
4773,292.778700,15
4774,293.350590,12
4775,293.101760,14
4776,293.019950,11
4777,294.115260,15
4778,293.063130,12
4779,293.584050,11
4780,293.803060,15
4781,294.140660,12
4782,292.886430,15
4783,294.331560,12
4784,294.138850,14
4785,293.678820,11
4786,294.066140,11
4787,293.754550,12
4788,293.285610,16
4789,294.183930,11
4790,294.012250,11
4791,294.005680,13
4792,294.897790,13
4793,293.308280,12
4794,294.188950,10
4795,293.539530,13
4796,293.665600,10
4797,293.496380,11
4798,293.471170,14
4799,293.725090,14
4800,294.486590,16
4801,293.993010,12
4802,294.246520,11
4803,294.191100,16
4804,294.483120,14
4805,294.715490,14
4806,294.000460,11
4807,293.887380,11
4808,294.259260,15
4809,293.957970,13
4810,293.700020,12
4811,293.449700,9
4812,294.243470,10
4813,293.588670,14
4814,293.969530,11
4815,293.563860,9
4816,293.757180,12
4817,294.482500,11
4818,293.436260,12
4819,294.224700,12
4820,293.626960,14
4821,293.915240,12
4822,293.615170,17
4823,294.467740,13
4824,293.972270,13
4825,295.020390,15
4826,293.347040,19
4827,294.249700,11
4828,294.460680,15
4829,293.447810,15
4830,293.875860,10
4831,293.819800,10
4832,294.338630,10
4833,293.945380,11
4834,293.532630,12
4835,293.217870,8
4836,294.498090,11
4837,293.711530,9
4838,293.393140,7
4839,294.336290,11
4840,293.612820,14
4841,294.021030,13
4842,294.217120,13
4843,292.988120,14
4844,293.094600,14
4845,293.895300,12
4846,293.285920,13
4847,294.198710,16
4848,294.047610,13
4849,293.941280,15
4850,293.227090,12
4851,292.969370,15
4852,293.350830,12
4853,293.238060,12
4854,293.349640,12
4855,294.481100,16
4856,294.362140,16
4857,293.260940,14
4858,293.559850,15
4859,293.873160,14
4860,293.919070,13
4861,294.061460,17
4862,293.333970,14
4863,293.545200,15
4864,293.539770,15
4865,293.898610,14
4866,294.061380,15
4867,294.368080,17
4868,294.023200,14
4869,293.466570,18
4870,292.881800,16
4871,293.510900,13
4872,293.571700,18
4873,293.978140,13
4874,294.179970,15
4875,294.319370,16
4876,293.195660,17
4877,293.161830,14
4878,294.017880,14
4879,294.890440,20
4880,293.979630,11
4881,293.920140,11
4882,294.577540,10
4883,293.800210,11
4884,294.007740,14
4885,294.540110,9
4886,294.864910,15
4887,294.228310,15
4888,294.441170,10
4889,294.406490,13
4890,294.688690,9
4891,294.642160,10
4892,294.461390,12
4893,294.323230,11
4894,294.429330,12
4895,294.498670,9
4896,294.139660,13
4897,294.383250,12
4898,294.133700,13
4899,293.598940,14
4900,295.077500,18
4901,294.914290,18
4902,295.367190,18
4903,294.591670,15
4904,294.922080,14
4905,293.840450,15
4906,294.830660,15
4907,294.948580,14
4908,294.795510,16
4909,294.470090,15
4910,294.268760,15
4911,294.896420,11
4912,294.614530,13
4913,294.713990,17
4914,294.294050,13
4915,294.758790,13
4916,295.013440,11
4917,295.546290,16
4918,294.993110,14
4919,294.843020,15
4920,295.289990,16
4921,294.578140,18
4922,295.170360,15
4923,295.014830,15
4924,294.888820,11
4925,294.586440,13
4926,294.977530,16
4927,294.792260,16
4928,294.455150,14
4929,294.283150,18
4930,295.252010,12
4931,295.355680,10
4932,294.911060,14
4933,295.446660,12
4934,294.425150,14
4935,294.331000,19
4936,294.970660,12
4937,295.066130,13
4938,294.382080,14
4939,294.618000,13
4940,294.560920,15
4941,295.019440,8
4942,294.867220,13
4943,294.448780,15
4944,295.302960,11
4945,295.408170,11
4946,294.703050,12
4947,295.259660,11
4948,294.719650,13
4949,295.365660,13
4950,295.031810,13
4951,295.406910,12
4952,294.921380,12
4953,295.163720,9
4954,294.650900,10
4955,294.367630,11
4956,294.635600,10
4957,294.464050,11
4958,295.265790,10
4959,295.202240,11
4960,294.954560,14
4961,295.594970,10
4962,295.542660,12
4963,295.996130,13
4964,295.156600,12
4965,294.702460,10
4966,295.452890,10
4967,295.375040,9
4968,295.129190,12
4969,295.343130,9
4970,295.410320,12
4971,294.793720,13
4972,295.094360,13
4973,295.457920,16
4974,295.223340,9
4975,295.563920,12
4976,295.761920,19
4977,295.177340,12
4978,294.463070,15
4979,295.166830,15
4980,295.604760,13
4981,296.041380,11
4982,294.855650,14
4983,295.066390,11
4984,295.666790,11
4985,295.112880,10
4986,295.184520,12
4987,295.443330,13
4988,295.042480,10
4989,295.281570,14
4990,295.519610,12
4991,295.727330,16
4992,295.038780,15
4993,295.589020,15
4994,295.809630,15
4995,295.577080,16
4996,295.062900,13
4997,295.662160,14
4998,295.391000,13
4999,295.991290,14
5000,295.040430,9
5001,295.312870,12
5002,294.620270,12
5003,294.771900,14
5004,294.745180,14
5005,294.898710,14
5006,295.310020,11
5007,295.112710,11
5008,294.507660,11
5009,295.016570,12
5010,294.506420,15
5011,295.083100,10
5012,295.444730,14
5013,294.105460,17
5014,295.052540,12
5015,294.350230,15
5016,294.957260,13
5017,294.814560,14
5018,294.365600,13
5019,294.600760,16
5020,293.648120,13
5021,294.217580,14
5022,294.063420,14
5023,294.319450,14
5024,294.088340,13
5025,294.499420,13
5026,294.358980,12
5027,294.083790,15
5028,294.365740,15
5029,294.097130,11
5030,294.471840,16
5031,294.243230,13
5032,294.130060,11
5033,293.470200,12
5034,294.036990,13
5035,294.145520,17
5036,293.763060,12
5037,293.868840,16
5038,294.450090,12
5039,293.741050,13
5040,294.521480,13
5041,295.251230,14
5042,295.005120,12
5043,294.067780,12
5044,294.805720,10
5045,293.805130,9
5046,293.927370,10
5047,294.197160,14
5048,293.693580,16
5049,294.311210,10
5050,294.277960,10
5051,295.248280,11
5052,295.404930,10
5053,294.917360,9
5054,294.667540,11
5055,294.330430,11
5056,294.174680,10
5057,294.811910,11
5058,294.891840,11
5059,294.879420,8
5060,295.117950,9
5061,295.706230,15
5062,295.645650,12
5063,295.516550,10
5064,295.763440,13
5065,295.751080,11
5066,295.653800,7
5067,295.971850,8
5068,295.405090,15
5069,295.563940,9
5070,295.250240,11
5071,296.144150,10
5072,296.087930,12
5073,296.376060,13
5074,296.485280,12
5075,296.461710,12
5076,296.087090,14
5077,296.300150,11
5078,295.863410,11
5079,296.136330,14
5080,295.649380,11
5081,296.273900,12
5082,296.205760,11
5083,295.960470,10
5084,296.290010,15
5085,296.102270,12
5086,296.308800,14
5087,295.981210,12
5088,296.188900,10
5089,296.235610,11
5090,295.655230,11
5091,296.082020,11
5092,295.681500,16
5093,295.993710,12
5094,295.630120,12
5095,296.086880,10
5096,296.310920,11
5097,296.036720,10
5098,296.313670,14
5099,296.669110,8
5100,295.610840,13
5101,295.624920,17
5102,295.715850,17
5103,297.388830,17
5104,295.476940,15
5105,295.868430,14
5106,296.121580,16
5107,295.710480,14
5108,297.014650,19
5109,296.244140,15
5110,296.644510,13
5111,296.736840,10
5112,296.399770,11
5113,296.567410,11
5114,296.849170,8
5115,295.908570,12
5116,296.414120,14
5117,296.377410,9
5118,296.537340,9
5119,296.023940,11
5120,296.004240,16
5121,296.203460,16
5122,294.872210,18
5123,295.126280,18
5124,296.108300,16
5125,295.718500,16
5126,295.503790,14
5127,295.865920,15
5128,296.091060,17
5129,295.870320,16
5130,296.525600,10
5131,295.778930,12
5132,296.022750,10
5133,296.149910,14
5134,296.121610,11
5135,295.939410,15
5136,296.442960,10
5137,295.807330,9
5138,295.099010,13
5139,295.472810,13
5140,296.678790,9
5141,295.807530,13
5142,296.094090,9
5143,295.782760,13
5144,296.117390,10
5145,295.503470,11
5146,296.247460,10
5147,296.210660,10
5148,296.397950,12
5149,296.593750,12
5150,296.279200,11
5151,296.782880,12
5152,296.450920,11
5153,296.607930,12
5154,296.288460,12
5155,296.141140,11
5156,296.016750,9
5157,296.080760,10
5158,296.105210,11
5159,296.500510,12
5160,296.221230,14
5161,296.282380,15
5162,297.100650,16
5163,296.479660,16
5164,296.448820,17
5165,296.780010,16
5166,296.732050,14
5167,295.817070,16
5168,295.527440,15
5169,296.588020,15
5170,296.231940,14
5171,295.775280,14
5172,295.585980,13
5173,296.291840,14
5174,296.836190,14
5175,296.008160,13
5176,295.950500,13
5177,296.715400,13
5178,296.432730,12
5179,296.232980,12
5180,295.997560,16
5181,296.712380,10
5182,295.893460,14
5183,297.138340,11
5184,295.774270,13
5185,295.750420,18
5186,296.725650,12
5187,296.076600,13
5188,296.631660,17
5189,295.852290,16
5190,296.647360,10
5191,296.032420,11
5192,296.104260,10
5193,296.577970,7
5194,295.918400,14
5195,296.583750,13
5196,295.826070,15
5197,295.897450,12
5198,296.578030,11
5199,296.191730,15
5200,296.191730,0
