step,price,volume
0,300.351620,15
1,300.777540,16
2,300.482870,14
3,300.186760,14
4,299.654270,12
5,299.703790,14
6,300.231040,15
7,300.011440,11
8,300.638960,15
9,300.159850,13
10,299.839550,13
11,299.317880,14
12,300.366030,14
13,300.257730,9
14,299.842830,12
15,299.937820,13
16,300.162970,11
17,300.742760,13
18,299.936990,12
19,300.383670,12
20,300.933730,13
21,300.556850,15
22,300.110310,16
23,299.871590,16
24,300.588530,15
25,300.589990,18
26,299.832410,16
27,299.627420,14
28,300.790800,16
29,300.494650,15
30,300.323020,12
31,300.113550,12
32,300.387550,15
33,301.013640,15
34,301.401320,18
35,299.993150,15
36,299.487070,13
37,300.844060,14
38,299.686010,14
39,300.158350,13
40,300.573080,13
41,299.691490,13
42,299.206270,14
43,299.733860,15
44,300.151350,11
45,299.742970,18
46,299.435690,13
47,300.994290,15
48,299.839570,13
49,300.532530,14
50,300.433280,13
51,299.935610,10
52,299.285430,16
53,300.440520,14
54,299.829390,10
55,300.285100,12
56,300.257970,16
57,300.373620,13
58,300.189090,14
59,299.925540,13
60,300.147320,16
61,299.544360,12
62,299.516700,16
63,300.318830,12
64,299.191880,12
65,299.873450,11
66,299.669980,11
67,299.452210,12
68,299.815560,11
69,299.959700,13
70,299.864740,8
71,299.721910,13
72,299.765330,10
73,300.149440,9
74,300.156430,10
75,300.219810,9
76,299.824790,9
77,300.309270,13
78,299.754780,9
79,299.519120,10
80,299.166760,15
81,299.784940,12
82,299.602410,13
83,299.471320,12
84,299.993920,14
85,299.553570,15
86,299.472660,13
87,299.542660,15
88,299.722770,12
89,299.610990,13
90,300.205190,15
91,300.065130,13
92,299.556710,15
93,299.766720,18
94,300.239570,13
95,299.558090,12
96,299.275060,11
97,299.256860,14
98,299.241460,13
99,299.441080,13
100,300.401980,14
101,299.855100,11
102,299.710000,16
103,299.189310,11
104,299.614900,11
105,299.673210,11
106,299.664580,12
107,299.196550,12
108,299.293790,10
109,299.003420,14
110,298.626130,13
111,299.998670,12
112,298.531400,14
113,299.674980,14
114,299.189720,11
115,299.353730,12
116,298.922170,12
117,298.804150,13
118,298.456830,13
119,298.906790,16
120,300.020490,15
121,300.038520,11
122,299.417840,12
123,299.358510,12
124,298.897910,11
125,299.050770,11
126,299.086260,12
127,299.629130,13
128,299.400570,11
129,299.301440,12
130,299.314060,13
131,298.905170,15
132,298.514220,13
133,299.007390,17
134,298.889940,15
135,298.660720,16
136,299.153090,11
137,298.721930,16
138,298.842720,11
139,298.791640,13
140,298.874640,10
141,298.565760,8
142,298.634530,10
143,298.235610,10
144,298.001570,10
145,299.005760,13
146,298.336190,9
147,298.854350,10
148,298.505340,12
149,298.654260,14
150,298.619660,14
151,298.235340,15
152,298.219480,17
153,298.737090,13
154,298.524150,11
155,298.093240,15
156,298.278870,9
157,299.430620,12
158,298.524510,12
159,298.508810,11
160,297.711370,19
161,298.207960,15
162,298.889740,13
163,297.860160,17
164,297.580720,17
165,297.892400,18
166,298.793280,14
167,298.908130,12
168,298.114310,13
169,297.787810,10
170,298.586650,16
171,299.793520,16
172,298.570590,12
173,299.495690,15
174,298.768360,15
175,298.785800,14
176,299.166960,16
177,300.078790,12
178,298.402860,14
179,299.445970,14
180,299.301040,9
181,299.355060,12
182,299.699730,13
183,299.355380,13
184,299.621280,15
185,299.997880,12
186,299.651540,10
187,300.026780,12
188,299.811160,11
189,299.788060,10
190,300.241160,13
191,300.315610,14
192,299.373440,12
193,300.257200,14
194,300.238880,11
195,300.148610,13
196,300.585240,14
197,300.723180,16
198,299.971920,15
199,300.225440,12
200,299.561070,15
201,300.106270,13
202,299.848910,13
203,300.007290,11
204,298.953460,13
205,300.469920,14
206,300.244150,12
207,299.618900,12
208,299.672280,14
209,299.832860,14
210,301.097120,19
211,299.482760,11
212,300.208040,16
213,299.863860,16
214,298.933070,17
215,300.670220,15
216,299.372990,17
217,299.360310,17
218,300.409550,15
219,299.697880,15
220,300.447100,19
221,299.629370,11
222,299.421670,13
223,300.202250,15
224,300.081280,13
225,299.427270,18
226,300.463180,15
227,299.989920,13
228,299.996990,13
229,300.633880,17
230,299.683430,9
231,300.149680,9
232,299.706420,8
233,299.472590,12
234,299.421560,9
235,299.051740,8
236,300.149750,9
237,299.540740,11
238,299.822980,10
239,299.886040,11
240,300.722190,10
241,300.672610,15
242,300.904750,11
243,299.882600,10
244,300.649350,11
245,300.313530,10
246,300.448710,10
247,300.663730,12
248,300.372670,7
249,300.176830,11
250,300.339040,8
251,300.075340,11
252,300.206430,11
253,300.484960,7
254,300.313800,8
255,300.272170,7
256,300.446110,9
257,299.879330,9
258,300.295380,6
259,299.934000,8
260,300.349620,14
261,299.906180,18
262,299.966920,17
263,299.894150,18
264,300.518430,14
265,299.883940,17
266,300.898330,17
267,301.159020,17
268,300.889150,18
269,300.969510,19
270,301.814490,10
271,301.750280,12
272,301.444750,14
273,301.236440,15
274,301.108730,12
275,301.198850,14
276,300.830200,13
277,301.927720,15
278,301.696920,13
279,301.538280,12
280,301.499560,8
281,301.656920,14
282,301.612490,15
283,301.197540,8
284,302.003040,11
285,301.218140,13
286,301.223300,15
287,301.601100,13
288,301.006980,15
289,301.510340,12
290,301.489710,14
291,301.952940,12
292,301.339120,16
293,301.324900,13
294,301.586120,13
295,301.207620,15
296,301.735020,15
297,301.020230,14
298,301.486260,14
299,301.777480,12
300,301.150990,15
301,301.778420,17
302,301.912050,12
303,301.542190,11
304,302.057430,13
305,301.274400,11
306,301.819740,17
307,301.745580,15
308,301.436970,12
309,301.320770,12
310,301.121250,10
311,301.020760,12
312,300.744480,10
313,300.746670,9
314,300.939190,7
315,301.142000,12
316,301.007900,13
317,301.091180,11
318,301.460670,12
319,300.672210,15
320,301.761740,17
321,301.586040,10
322,301.023910,12
323,301.316180,16
324,301.061850,14
325,301.610040,14
326,301.185690,15
327,301.764490,15
328,301.002680,16
329,302.111120,16
330,301.530200,12
331,301.914410,18
332,301.631110,11
333,302.028540,15
334,301.438240,15
335,302.256870,14
336,301.223230,11
337,302.223870,13
338,302.417850,12
339,302.323790,14
340,301.736390,9
341,302.768120,15
342,302.404510,15
343,302.085100,12
344,301.348740,18
345,301.874220,15
346,302.519240,13
347,301.981410,11
348,302.402780,14
349,302.279960,10
350,302.076050,13
351,302.255170,11
352,302.594000,9
353,302.806650,10
354,302.523130,10
355,302.381670,11
356,301.873860,11
357,301.459530,8
358,302.684190,11
359,302.688610,12
360,301.688190,15
361,302.545510,15
362,302.686040,15
363,302.911970,18
364,302.147060,13
365,302.327130,14
366,302.526700,15
367,302.595750,17
368,301.959470,14
369,302.584000,12
370,302.170110,12
371,301.307980,13
372,301.945820,12
373,301.717340,14
374,301.968090,13
375,302.223180,15
376,301.737200,13
377,301.974970,12
378,301.990350,16
379,302.467460,17
380,301.399710,4
381,301.348790,8
382,301.767680,9
383,301.693310,9
384,301.383470,4
385,302.005990,10
386,301.571560,9
387,301.650970,10
388,302.442450,7
389,301.700080,5
390,302.463750,10
391,302.692820,14
392,302.358840,11
393,302.578370,9
394,302.326430,12
395,301.745990,11
396,302.939710,10
397,302.426840,14
398,302.366210,15
399,302.735610,12
400,302.430220,13
401,302.911640,12
402,302.126540,11
403,302.034110,12
404,303.399980,11
405,303.112540,9
406,302.982440,12
407,303.583370,10
408,302.711210,12
409,302.777060,12
410,303.595260,13
411,303.356940,12
412,303.654510,14
413,303.278150,11
414,302.461980,13
415,303.213650,9
416,303.273920,9
417,303.404290,11
418,303.190220,7
419,303.606810,15
420,303.758890,15
421,303.257650,13
422,304.049310,14
423,303.888640,16
424,303.882340,14
425,303.443830,16
426,303.196930,12
427,303.613270,13
428,303.671370,14
429,304.217710,15
430,303.344760,13
431,303.467880,15
432,304.909130,17
433,304.009610,16
434,304.152810,19
435,303.090960,16
436,303.760770,16
437,303.563380,13
438,304.312490,17
439,304.445230,17
440,303.400880,11
441,303.459350,14
442,304.364140,11
443,304.806140,12
444,304.517260,9
445,303.938140,12
446,303.764210,15
447,304.084640,11
448,304.762000,11
449,303.475180,14
450,304.170530,13
451,304.924070,12
452,304.176270,11
453,304.507610,13
454,305.198610,17
455,304.240320,12
456,304.055470,14
457,304.137680,11
458,304.225540,14
459,304.352960,11
460,303.994730,13
461,304.373790,12
462,304.311070,11
463,304.414720,14
464,304.041660,12
465,304.134160,9
466,304.259670,12
467,303.910090,12
468,304.184150,15
469,304.229090,8
470,303.794950,14
471,304.236130,14
472,304.088860,12
473,303.855620,13
474,304.108610,8
475,304.087380,13
476,303.789760,11
477,303.214500,16
478,304.638800,13
479,303.266490,14
480,302.851240,13
481,303.194930,9
482,303.063620,10
483,302.544320,8
484,303.328160,10
485,303.294650,10
486,303.277110,8
487,303.543420,7
488,302.764870,10
489,302.908750,12
490,303.592020,11
491,303.039320,12
492,302.528350,12
493,303.329550,8
494,303.855490,13
495,303.444620,10
496,302.972030,11
497,302.835380,12
498,303.307450,9
499,302.942880,10
500,303.365940,10
501,303.146830,9
502,303.321630,11
503,303.315700,8
504,302.973390,12
505,303.023930,14
506,303.135480,13
507,302.878970,10
508,303.415090,10
509,303.211670,14
510,303.228340,12
511,303.604780,14
512,302.989390,10
513,302.795130,13
514,303.120700,12
515,303.240420,14
516,302.533010,10
517,303.334720,12
518,303.005520,12
519,302.754870,10
520,303.584290,14
521,303.478310,14
522,303.247410,12
523,303.037170,13
524,303.171280,12
525,302.940130,15
526,303.040940,12
527,303.324580,15
528,303.465350,12
529,303.362690,10
530,303.027410,14
531,303.530580,17
532,302.845750,16
533,303.548840,15
534,303.078780,16
535,303.692700,16
536,303.111730,18
537,302.060260,15
538,302.639010,14
539,302.640170,14
540,303.475580,14
541,302.935230,16
542,302.515470,15
543,302.191450,17
544,302.302150,17
545,303.279490,14
546,302.761530,14
547,302.103290,14
548,302.589420,19
549,302.695420,15
550,302.800200,15
551,302.763530,13
552,302.879870,14
553,303.453310,13
554,302.591640,12
555,302.267520,14
556,302.754210,14
557,302.030000,15
558,301.937340,16
559,303.634410,14
560,303.492650,13
561,302.780760,10
562,302.274030,15
563,302.217980,12
564,303.122300,11
565,303.085400,12
566,301.980000,11
567,303.189270,11
568,303.356320,13
569,302.806310,14
570,303.135370,11
571,302.812510,12
572,302.831560,15
573,303.424200,13
574,303.212880,13
575,303.273920,15
576,303.075560,13
577,302.880000,15
578,302.344230,15
579,302.447410,14
580,303.615300,14
581,304.028700,14
582,303.423310,15
583,302.898930,13
584,302.674880,15
585,303.589260,16
586,302.724580,18
587,302.330080,12
588,303.331380,12
589,303.754720,16
590,303.133730,12
591,302.368340,13
592,302.337820,13
593,302.648660,11
594,302.528300,12
595,302.205990,16
596,303.140010,11
597,303.026060,14
598,302.550470,15
599,302.432300,13
600,302.912500,10
601,302.877090,9
602,302.814460,8
603,302.450850,6
604,302.625320,9
605,303.169390,8
606,303.603420,12
607,302.833960,12
608,303.061730,13
609,303.157440,8
610,303.115960,11
611,302.609330,11
612,302.307910,12
613,302.235480,14
614,303.318440,11
615,303.314890,11
616,303.371520,15
617,302.821430,13
618,303.378260,12
619,302.390370,15
620,302.875520,12
621,301.984000,13
622,303.182560,13
623,302.798800,11
624,302.902930,15
625,303.295210,12
626,302.430620,10
627,303.298530,11
628,302.273430,11
629,302.431030,10
630,302.294230,12
631,303.241950,14
632,303.022070,14
633,301.995420,14
634,303.317250,15
635,302.154480,10
636,302.641870,13
637,303.176150,14
638,302.932160,11
639,303.282540,11
640,303.240790,13
641,303.341460,15
642,303.791240,13
643,303.292620,12
644,303.424100,9
645,303.197610,15
646,303.335730,15
647,303.432970,14
648,302.959890,17
649,303.561600,16
650,303.760760,10
651,303.710570,12
652,303.268540,8
653,302.579200,16
654,302.879520,12
655,303.266740,9
656,302.776680,8
657,303.805550,13
658,303.071690,10
659,303.517640,13
660,304.520710,15
661,303.392560,15
662,302.954010,15
663,302.968550,13
664,302.627500,15
665,303.847790,17
666,303.999130,17
667,302.820660,12
668,303.831520,16
669,303.321990,14
670,302.761140,16
671,302.884530,17
672,303.184170,11
673,302.730510,16
674,303.698070,16
675,302.409230,13
676,302.703920,13
677,303.106240,16
678,302.990830,14
679,303.229180,16
680,303.775200,12
681,303.374490,12
682,303.880390,9
683,303.471560,13
684,302.797030,12
685,303.322350,14
686,303.684560,11
687,303.085710,13
688,303.904040,13
689,303.079100,12
690,303.516120,10
691,303.702670,11
692,303.474140,12
693,303.025420,12
694,302.367350,12
695,303.147850,11
696,303.392560,12
697,302.524750,12
698,303.134720,14
699,303.007690,9
700,302.788260,11
701,302.789930,8
702,303.358070,8
703,303.332240,12
704,303.124090,10
705,302.559790,13
706,303.880690,10
707,302.976920,15
708,302.986040,14
709,302.721030,13
710,302.856850,14
711,302.085490,10
712,302.359760,8
713,302.480250,11
714,302.305470,12
715,302.913810,13
716,302.069840,9
717,302.148010,13
718,302.312440,14
719,302.946950,14
720,302.499510,12
721,303.056350,12
722,302.798870,10
723,302.650660,10
724,302.943470,11
725,302.445440,11
726,302.846290,11
727,302.237210,12
728,302.503680,11
729,302.686520,10
730,302.652550,12
731,303.329590,12
732,302.400370,9
733,302.658960,10
734,302.293100,14
735,302.688080,9
736,302.805550,11
737,302.125520,10
738,302.230420,11
739,302.227520,12
740,303.024680,11
741,302.022240,8
742,302.902810,15
743,302.878110,10
744,302.850480,11
745,303.015990,9
746,303.078920,13
747,301.823380,13
748,302.459570,13
749,303.873180,14
750,302.935430,12
751,302.979040,11
752,303.235460,12
753,302.979420,13
754,303.053780,13
755,302.640350,15
756,303.674090,12
757,303.835470,16
758,302.899900,12
759,303.088230,10
760,303.262440,13
761,303.341580,13
762,302.652360,16
763,303.573080,15
764,303.445840,16
765,303.411500,12
766,302.735620,18
767,303.523220,13
768,303.264970,9
769,303.650270,16
770,303.301180,12
771,302.739290,11
772,303.705880,12
773,303.652250,13
774,304.029250,14
775,302.686030,16
776,303.270110,11
777,303.524480,12
778,304.331420,17
779,303.363890,15
780,303.609130,14
781,302.935480,15
782,303.130360,16
783,304.099270,14
784,304.196270,17
785,303.425450,15
786,302.927790,19
787,303.837590,11
788,302.930260,16
789,302.807420,17
790,302.429340,9
791,303.012180,10
792,302.034750,16
793,302.347290,9
794,302.926850,11
795,302.818880,13
796,302.592950,16
797,302.974540,9
798,302.746700,11
799,302.902290,8
800,301.911080,10
801,302.333780,10
802,302.583630,9
803,302.214140,11
804,302.580140,13
805,301.845410,12
806,302.238200,10
807,301.988360,11
808,302.658940,10
809,302.388320,11
810,301.750840,18
811,301.998390,13
812,303.023190,14
813,302.452080,9
814,302.255490,19
815,301.629740,12
816,302.999380,15
817,302.625020,14
818,301.957810,16
819,302.285920,17
820,301.006100,12
821,301.678370,5
822,301.560860,6
823,301.138480,10
824,301.968960,11
825,301.801040,8
826,301.926100,9
827,301.793700,9
828,301.548180,12
829,301.536010,9
830,301.971320,13
831,302.328970,14
832,302.076950,6
833,302.148150,6
834,302.412590,12
835,302.107990,8
836,301.841860,12
837,302.089110,11
838,301.671710,10
839,301.893480,7
840,301.342310,15
841,301.708510,15
842,301.685260,12
843,301.256010,12
844,301.910250,14
845,301.660380,12
846,301.198770,11
847,301.483140,14
848,301.922030,13
849,301.435510,13
850,301.826490,11
851,301.909570,9
852,301.563970,6
853,301.767620,10
854,301.621380,13
855,301.511460,9
856,301.957470,12
857,302.273880,13
858,301.452320,10
859,301.955780,12
860,301.399220,11
861,301.233570,12
862,302.043800,8
863,301.706150,12
864,302.335970,12
865,301.762530,10
866,301.088360,13
867,302.088850,11
868,302.082720,12
869,301.863180,10
870,301.513280,13
871,301.549560,12
872,301.825450,12
873,300.684550,12
874,300.905480,12
875,301.691740,15
876,301.229670,11
877,300.980990,14
878,301.847530,17
879,301.938940,15
880,300.809150,15
881,300.915100,17
882,301.226180,14
883,301.450790,16
884,301.593610,16
885,301.598540,18
886,301.374750,15
887,300.765380,15
888,300.682260,16
889,301.209060,15
890,301.610760,16
891,300.825850,14
892,302.197840,15
893,301.121120,14
894,300.630520,16
895,300.620830,8
896,300.679840,12
897,301.877940,15
898,301.034920,11
899,301.276240,14
900,301.319290,16
901,301.337260,13
902,301.291370,15
903,301.919950,15
904,301.649150,15
905,302.276150,18
906,301.596610,16
907,301.542920,13
908,300.753240,15
909,301.940320,12
910,301.270210,6
911,301.080200,9
912,300.990470,13
913,301.309630,15
914,301.511500,10
915,301.113240,10
916,301.073660,8
917,301.319030,7
918,301.055610,10
919,300.414830,10
920,301.907160,13
921,302.159840,17
922,301.822350,18
923,301.005730,15
924,300.647020,13
925,301.058100,15
926,301.572480,15
927,301.929370,16
928,300.345880,15
929,300.956760,14
930,301.623320,19
931,301.068880,15
932,301.213830,14
933,301.511550,14
934,300.496170,15
935,301.275120,15
936,301.710090,16
937,301.565960,16
938,301.008940,12
939,301.606380,17
940,301.446980,15
941,301.173810,15
942,301.055130,12
943,301.486710,10
944,300.968120,12
945,301.958700,15
946,300.641310,12
947,301.674570,13
948,302.130580,13
949,301.791170,13
950,301.908270,14
951,301.820250,12
952,300.954840,12
953,301.139540,13
954,301.652810,10
955,301.459470,13
956,301.850480,16
957,301.801730,9
958,301.736490,10
959,301.410880,10
960,301.641870,16
961,300.506490,15
962,301.249460,11
963,301.518740,13
964,301.137050,16
965,301.245910,15
966,301.507750,13
967,301.287970,11
968,300.642600,14
969,300.553170,15
970,300.897130,12
971,300.964940,8
972,301.151340,10
973,300.875950,11
974,300.815620,8
975,300.951880,15
976,301.029710,13
977,300.855610,12
978,301.024550,10
979,300.115620,12
980,300.924490,10
981,300.169770,12
982,301.253640,12
983,300.423350,9
984,300.463370,11
985,300.828320,14
986,300.569840,10
987,300.414530,10
988,300.503420,13
989,300.377650,12
990,299.821200,11
991,300.635830,13
992,299.921840,11
993,300.271660,11
994,300.434940,13
995,300.082920,15
996,300.419280,10
997,300.200820,11
998,300.237410,11
999,299.502380,11
1000,299.264110,14
1001,299.725450,16
1002,299.674530,13
1003,300.287620,13
1004,299.806080,13
1005,299.552610,13
1006,299.907880,12
1007,300.165940,16
1008,300.029310,14
1009,300.558590,13
1010,300.860860,16
1011,300.950330,11
1012,300.506540,12
1013,300.525000,8
1014,300.015600,13
1015,300.339560,13
1016,301.031060,11
1017,301.108860,12
1018,299.651290,13
1019,300.932090,13
1020,301.111690,12
1021,300.685060,7
1022,300.756470,10
1023,301.052020,9
1024,301.143430,10
1025,300.776260,7
1026,300.576180,10
1027,300.781040,10
1028,300.922560,7
1029,300.674750,8
1030,300.943890,12
1031,300.458110,11
1032,300.935540,14
1033,300.307780,13
1034,300.411140,11
1035,300.492390,11
1036,300.996960,11
1037,300.462740,13
1038,300.697360,14
1039,300.949280,11
1040,301.233500,11
1041,300.562220,12
1042,300.843730,12
1043,301.082170,12
1044,300.637480,7
1045,300.375670,12
1046,301.276570,10
1047,300.364650,15
1048,300.957750,13
1049,300.968010,13
1050,301.041950,11
1051,300.723230,15
1052,301.617620,11
1053,301.504350,15
1054,300.922630,12
1055,300.950570,13
1056,301.222870,12
1057,301.037430,12
1058,300.963890,12
1059,300.547290,14
1060,301.013130,17
1061,301.551500,11
1062,301.497510,16
1063,300.526140,13
1064,301.045080,15
1065,300.564980,13
1066,301.198170,11
1067,300.970170,14
1068,301.596870,14
1069,301.531990,14
1070,301.465010,12
1071,301.835150,12
1072,301.463760,11
1073,302.174140,13
1074,301.625920,11
1075,301.773070,13
1076,301.071280,11
1077,302.254970,13
1078,300.939620,13
1079,301.107800,14
1080,301.024790,12
1081,301.463400,12
1082,301.844740,11
1083,300.591460,13
1084,301.538700,14
1085,301.576280,10
1086,301.394610,11
1087,300.810440,13
1088,301.934560,14
1089,300.974200,13
1090,301.526140,19
1091,301.387890,17
1092,300.250180,18
1093,302.004780,17
1094,301.401460,14
1095,300.745500,15
1096,300.248050,19
1097,301.112790,13
1098,301.336880,17
1099,301.611170,16
1100,300.630760,14
1101,301.303910,14
1102,301.381870,12
1103,300.670590,17
1104,301.920930,14
1105,301.406740,15
1106,301.951110,12
1107,301.242920,13
1108,301.254720,12
1109,301.491360,12
1110,300.835440,14
1111,301.686390,18
1112,301.140230,15
1113,301.650620,15
1114,300.447400,18
1115,301.230620,16
1116,300.647480,17
1117,299.734690,17
1118,301.218040,16
1119,300.237330,17
1120,300.667830,14
1121,300.732190,14
1122,300.409950,11
1123,299.792890,12
1124,300.942230,11
1125,300.585060,10
1126,301.026360,15
1127,300.143800,12
1128,300.560670,12
1129,300.293560,12
1130,299.853060,14
1131,300.264120,14
1132,300.872790,15
1133,301.158010,15
1134,299.505490,16
1135,300.257590,13
1136,300.596870,14
1137,299.809350,14
1138,300.831740,14
1139,300.961300,12
1140,301.157830,17
1141,301.936670,13
1142,300.616940,14
1143,301.574390,14
1144,300.906340,16
1145,300.939180,13
1146,301.509730,13
1147,301.593210,13
1148,300.944580,16
1149,301.616480,15
1150,300.546330,16
1151,301.342610,17
1152,301.453070,16
1153,301.212690,14
1154,301.769150,12
1155,301.593920,14
1156,300.946220,16
1157,300.849400,15
1158,300.429520,16
1159,300.868770,16
1160,301.393030,13
1161,301.587880,13
1162,302.238510,11
1163,301.410530,13
1164,301.250230,11
1165,301.816960,14
1166,302.124790,13
1167,300.505960,15
1168,301.990170,12
1169,301.150830,11
1170,301.562480,12
1171,301.322400,11
1172,301.607050,12
1173,301.562480,10
1174,301.780440,12
1175,300.860640,8
1176,301.469590,12
1177,301.539050,9
1178,301.459740,10
1179,301.309420,14
1180,301.000040,10
1181,300.986380,10
1182,300.713420,7
1183,301.127370,11
1184,300.800490,7
1185,300.652840,10
1186,301.124960,9
1187,300.053820,14
1188,301.575400,10
1189,301.453650,14
1190,300.754630,12
1191,300.752520,13
1192,301.955420,17
1193,300.531780,14
1194,300.446860,14
1195,300.874660,13
1196,301.110520,14
1197,301.357650,15
1198,301.043850,12
1199,301.302910,14
1200,300.378660,11
1201,300.961050,13
1202,301.495140,13
1203,300.461300,11
1204,301.263570,12
1205,301.214010,11
1206,300.850320,12
1207,300.619880,10
1208,301.029250,13
1209,301.063580,11
1210,300.861260,14
1211,301.251820,12
1212,301.058020,13
1213,300.858660,14
1214,300.763660,10
1215,301.033840,12
1216,300.934020,16
1217,301.467410,13
1218,300.940230,12
1219,301.360410,15
1220,301.464760,16
1221,301.723070,16
1222,301.339390,17
1223,301.760000,14
1224,302.277110,16
1225,302.588610,14
1226,301.231250,18
1227,301.421660,15
1228,302.299810,17
1229,301.613200,19
1230,301.252010,16
1231,301.891760,17
1232,301.372210,16
1233,301.503850,11
1234,301.163670,16
1235,301.643180,16
1236,301.712660,15
1237,302.455420,17
1238,301.945600,14
1239,301.366060,16
1240,301.619870,11
1241,301.614870,11
1242,302.128590,12
1243,301.720610,11
1244,301.739530,13
1245,301.723210,12
1246,302.690710,14
1247,301.120050,15
1248,301.413380,12
1249,301.951500,13
1250,301.185090,10
1251,301.476420,7
1252,300.825280,9
1253,301.051950,6
1254,301.502120,11
1255,301.368180,12
1256,301.597250,7
1257,301.639930,7
1258,301.425860,9
1259,301.050180,11
1260,301.511100,12
1261,301.748770,14
1262,301.253370,11
1263,301.353320,14
1264,301.190330,11
1265,301.172170,10
1266,301.448890,10
1267,300.831400,12
1268,301.242860,13
1269,301.770070,11
1270,301.235970,17
1271,301.185820,15
1272,301.068850,15
1273,301.119480,15
1274,301.108840,15
1275,301.371490,15
1276,301.962790,19
1277,301.854260,15
1278,301.498200,17
1279,301.295300,12
1280,301.106100,18
1281,301.282520,16
1282,301.145800,15
1283,301.490100,15
1284,300.337550,12
1285,300.485850,17
1286,301.032570,14
1287,300.664240,14
1288,300.562530,16
1289,301.427100,15
1290,300.958830,10
1291,300.594580,9
1292,300.859260,10
1293,300.653090,11
1294,300.604010,10
1295,301.546370,12
1296,301.151270,8
1297,300.768020,9
1298,301.059460,6
1299,301.438120,9
1300,301.081360,18
1301,301.159500,14
1302,300.630430,15
1303,301.450130,17
1304,300.033580,16
1305,301.290640,18
1306,300.396620,13
1307,300.807280,18
1308,300.214410,14
1309,300.576000,16
1310,301.399000,15
1311,300.832370,12
1312,300.740650,14
1313,301.384100,15
1314,300.778330,15
1315,301.157710,17
1316,301.145070,17
1317,300.421360,9
1318,300.119280,11
1319,301.614410,18
1320,301.664890,9
1321,301.689610,15
1322,300.684340,12
1323,301.298860,10
1324,301.745630,13
1325,301.792900,15
1326,301.660180,10
1327,301.236370,10
1328,301.039470,11
1329,300.896610,13
1330,301.403720,15
1331,300.891540,14
1332,300.891700,16
1333,300.999270,10
1334,300.509400,14
1335,300.867000,13
1336,301.364670,16
1337,300.900040,12
1338,301.233650,14
1339,300.922840,11
1340,300.559770,10
1341,300.026130,16
1342,300.367890,10
1343,300.769570,12
1344,300.767680,10
1345,300.236210,11
1346,300.912600,10
1347,299.937690,12
1348,300.218340,10
1349,300.651960,9
1350,300.998950,18
1351,300.185470,16
1352,300.763710,16
1353,300.381490,15
1354,300.665430,16
1355,300.391810,19
1356,299.822990,18
1357,300.312860,14
1358,300.465520,20
1359,300.797900,13
1360,301.222200,13
1361,301.353100,12
1362,300.351240,12
1363,300.355780,16
1364,301.227410,15
1365,300.598500,15
1366,301.160960,15
1367,301.118430,16
1368,300.938870,15
1369,301.337100,17
1370,300.946360,16
1371,301.919060,12
1372,301.180650,13
1373,300.224260,12
1374,300.896030,15
1375,301.136130,11
1376,300.927730,14
1377,300.528620,14
1378,301.303340,10
1379,300.769410,12
1380,300.172920,17
1381,301.563940,16
1382,301.008040,12
1383,301.207200,10
1384,300.653690,15
1385,301.035710,13
1386,301.037260,16
1387,301.172190,14
1388,300.938350,14
1389,300.599140,13
1390,300.705850,12
1391,299.767650,13
1392,300.443930,11
1393,300.639760,11
1394,300.933200,14
1395,300.167620,12
1396,300.100920,12
1397,300.454650,12
1398,301.067260,15
1399,299.798390,12
1400,300.524630,12
1401,301.059250,16
1402,300.476340,17
1403,299.428700,11
1404,299.865940,13
1405,300.612420,13
1406,299.811830,12
1407,299.790390,15
1408,299.711510,12
1409,300.025880,15
1410,300.844820,10
1411,300.804820,12
1412,300.140150,15
1413,299.945980,12
1414,300.394800,12
1415,300.277180,17
1416,299.907050,10
1417,299.835570,17
1418,300.588630,12
1419,300.118480,8
1420,300.567630,14
1421,299.275670,16
1422,299.816100,12
1423,300.052660,13
1424,300.164350,12
1425,299.819030,14
1426,299.690430,13
1427,299.981990,13
1428,299.949370,11
1429,299.775350,12
1430,300.260200,10
1431,300.434620,8
1432,299.929330,10
1433,300.044610,7
1434,299.871600,12
1435,299.723710,12
1436,300.116090,11
1437,299.849060,10
1438,299.932610,9
1439,300.513600,11
1440,300.744490,10
1441,299.900800,14
1442,300.563470,11
1443,300.701100,13
1444,300.234330,14
1445,300.181720,11
1446,301.007780,14
1447,299.895600,13
1448,300.271060,13
1449,300.518480,9
1450,300.406410,14
1451,300.871020,14
1452,301.166840,15
1453,300.410590,14
1454,300.454170,15
1455,300.964460,15
1456,301.258610,13
1457,300.231110,14
1458,301.325400,15
1459,300.898550,14
1460,301.381400,16
1461,301.152990,12
1462,301.033850,12
1463,300.107220,11
1464,300.191280,14
1465,300.422830,12
1466,301.399220,12
1467,301.175660,16
1468,300.589970,11
1469,300.852030,14
1470,301.363870,11
1471,300.829520,8
1472,301.072110,11
1473,301.326960,13
1474,301.150400,16
1475,301.169840,8
1476,301.418980,14
1477,301.582410,12
1478,300.774830,9
1479,300.725580,10
1480,300.851470,16
1481,301.845580,18
1482,300.853250,17
1483,300.927480,16
1484,301.205590,18
1485,300.928340,18
1486,300.283760,18
1487,302.431200,15
1488,300.108520,17
1489,304.143490,15
1490,304.232240,12
1491,304.798630,12
1492,304.900290,15
1493,303.463560,15
1494,304.785190,13
1495,304.263260,14
1496,304.507300,12
1497,303.767700,13
1498,304.192800,14
1499,304.426810,17
1500,304.899100,13
1501,305.405270,11
1502,305.257830,10
1503,305.984990,12
1504,305.290780,12
1505,305.309600,9
1506,305.159170,11
1507,305.593840,15
1508,305.560190,12
1509,305.760930,11
1510,305.337550,11
1511,305.376750,10
1512,305.303870,10
1513,305.056220,11
1514,305.545070,7
1515,305.370220,8
1516,304.447020,11
1517,305.299750,14
1518,305.373000,13
1519,305.158450,10
1520,304.035280,12
1521,303.573140,18
1522,304.441860,13
1523,303.928560,14
1524,303.968440,16
1525,304.972000,15
1526,304.220020,16
1527,304.898740,18
1528,304.458220,17
1529,304.288940,18
1530,304.848140,9
1531,305.565670,6
1532,304.992170,8
1533,304.906440,10
1534,305.254310,9
1535,303.978530,11
1536,305.363140,12
1537,304.995090,9
1538,304.265550,8
1539,304.837240,11
1540,304.288290,13
1541,304.365110,14
1542,304.795210,12
1543,305.133460,14
1544,305.127830,16
1545,304.424120,11
1546,305.023310,10
1547,304.707220,10
1548,305.179280,13
1549,305.489910,13
1550,305.643320,11
1551,304.596060,15
1552,305.120580,16
1553,305.320590,13
1554,304.647970,14
1555,304.519380,15
1556,305.165330,11
1557,304.974970,14
1558,305.244480,10
1559,304.388360,15
1560,304.279240,14
1561,304.514880,16
1562,304.561670,14
1563,303.855940,13
1564,303.862980,14
1565,303.535950,15
1566,303.581310,17
1567,303.489920,14
1568,304.383630,17
1569,304.662500,13
1570,304.295350,10
1571,304.097240,15
1572,304.410640,13
1573,304.167660,14
1574,304.898560,13
1575,304.366440,14
1576,303.893380,15
1577,304.713780,13
1578,304.231060,15
1579,304.440050,14
1580,304.324760,12
1581,304.793160,16
1582,304.705940,13
1583,303.792450,11
1584,304.053660,15
1585,303.684650,14
1586,303.726730,13
1587,303.893030,15
1588,303.940850,16
1589,304.233310,12
1590,304.289730,8
1591,304.154210,10
1592,304.182250,13
1593,304.195090,7
1594,304.431170,10
1595,304.487290,12
1596,304.059950,11
1597,304.168020,10
1598,304.589910,12
1599,303.915960,10
1600,304.372580,16
1601,304.278990,10
1602,304.314410,13
1603,303.924930,12
1604,303.575710,16
1605,303.598560,11
1606,303.289430,13
1607,304.130320,16
1608,303.968320,11
1609,304.507060,12
1610,304.257450,15
1611,304.490590,14
1612,304.197550,11
1613,304.730450,16
1614,303.846620,15
1615,304.908400,15
1616,304.417250,13
1617,304.605510,16
1618,304.456530,11
1619,303.563730,15
1620,303.377820,11
1621,303.132620,16
1622,303.038670,13
1623,303.017720,12
1624,303.085900,12
1625,303.528870,12
1626,303.348890,11
1627,302.818710,14
1628,302.989610,8
1629,302.536610,10
1630,303.854060,11
1631,303.361090,15
1632,302.815150,11
1633,302.471770,11
1634,302.389240,15
1635,302.355160,14
1636,302.777740,10
1637,303.316490,9
1638,302.954180,11
1639,302.922280,11
1640,303.530540,12
1641,303.295840,11
1642,303.145470,11
1643,303.150220,8
1644,302.742580,13
1645,303.821620,12
1646,303.097200,15
1647,303.457740,14
1648,303.094650,9
1649,302.648820,16
1650,304.194670,15
1651,304.028630,12
1652,303.479930,19
1653,304.408000,14
1654,304.479920,15
1655,303.442310,13
1656,303.726240,19
1657,303.337540,16
1658,303.570670,15
1659,303.611070,11
1660,303.305000,13
1661,303.352140,12
1662,303.790000,12
1663,304.312840,15
1664,302.666070,12
1665,302.942500,10
1666,303.658620,15
1667,303.614090,14
1668,303.297330,13
1669,304.006110,16
1670,303.937980,13
1671,303.967700,16
1672,303.684020,16
1673,304.304260,17
1674,303.829430,18
1675,304.901700,14
1676,304.326880,14
1677,303.577570,16
1678,303.549660,16
1679,304.447760,12
1680,305.113110,12
1681,304.405220,13
1682,304.528170,11
1683,303.988630,11
1684,304.135550,16
1685,303.835450,14
1686,303.719220,11
1687,303.659120,10
1688,304.130070,10
1689,303.817100,14
1690,303.683010,15
1691,304.252130,13
1692,304.349530,12
1693,304.342020,12
1694,304.087040,14
1695,304.149720,13
1696,304.688910,13
1697,303.855830,14
1698,303.421020,17
1699,304.642880,13
1700,303.930420,12
1701,305.045030,15
1702,303.230990,19
1703,303.786270,15
1704,303.738790,15
1705,304.374000,14
1706,304.156480,18
1707,304.664830,15
1708,305.141230,17
1709,303.973270,13
1710,304.233350,11
1711,304.362550,16
1712,304.135640,12
1713,303.602750,12
1714,304.366480,10
1715,304.164000,11
1716,304.700980,11
1717,304.189340,12
1718,303.615080,11
1719,304.283070,11
1720,304.246970,15
1721,304.442020,14
1722,304.770770,11
1723,303.696210,14
1724,303.936710,12
1725,304.605770,13
1726,303.939810,13
1727,304.477890,13
1728,303.452410,11
1729,303.767240,14
1730,304.219570,14
1731,303.985230,19
1732,303.474430,16
1733,303.349640,17
1734,304.528890,17
1735,302.850410,17
1736,303.877790,18
1737,303.150300,15
1738,303.859480,20
1739,304.061460,14
1740,304.292410,13
1741,303.686830,11
1742,303.805000,8
1743,304.311090,13
1744,303.234570,11
1745,303.844570,12
1746,303.493380,12
1747,304.430940,10
1748,304.065850,11
1749,303.983720,10
1750,303.935740,17
1751,305.163890,12
1752,304.261310,14
1753,304.559420,13
1754,304.598050,17
1755,304.967900,11
1756,304.904260,13
1757,304.431210,11
1758,304.964320,16
1759,303.966780,18
1760,303.574580,16
1761,303.668650,15
1762,304.281280,12
1763,303.370720,15
1764,303.747250,15
1765,304.697810,15
1766,304.265760,14
1767,304.640150,14
1768,303.925170,15
1769,304.443840,15
1770,304.525770,13
1771,304.715070,15
1772,305.053550,13
1773,303.747670,12
1774,304.885650,13
1775,304.558950,13
1776,304.884120,13
1777,304.761450,14
1778,305.100870,11
1779,304.475410,13
1780,303.856300,13
1781,304.249250,13
1782,304.393030,15
1783,304.881510,14
1784,304.583410,16
1785,303.284930,14
1786,303.877760,13
1787,304.285190,18
1788,304.725220,15
1789,304.218100,13
1790,303.227780,7
1791,303.817760,8
1792,303.525740,10
1793,303.871430,10
1794,304.284430,10
1795,304.042700,7
1796,304.488710,13
1797,303.447880,10
1798,303.908380,9
1799,304.189130,10
1800,302.956270,8
1801,303.658810,12
1802,303.850080,9
1803,303.622650,7
1804,303.597160,7
1805,303.848900,11
1806,303.190470,14
1807,303.773110,8
1808,303.707170,11
1809,303.317290,14
1810,303.578430,11
1811,302.839820,12
1812,303.425630,10
1813,303.155920,11
1814,304.224950,13
1815,303.522280,12
1816,302.493540,13
1817,303.285620,11
1818,303.732750,13
1819,302.803170,9
1820,303.143190,12
1821,303.722400,14
1822,302.753890,16
1823,303.614900,14
1824,302.918390,13
1825,302.384430,13
1826,303.010890,12
1827,303.609750,15
1828,302.383990,14
1829,303.167870,11
1830,303.068640,12
1831,302.958010,13
1832,303.110600,10
1833,303.380300,12
1834,302.781330,9
1835,302.976520,10
1836,303.408470,12
1837,302.970770,17
1838,303.374940,11
1839,302.856420,11
1840,303.412240,10
1841,302.545680,12
1842,303.872490,13
1843,303.691660,15
1844,303.712790,16
1845,303.486860,10
1846,302.633070,12
1847,303.392460,12
1848,304.131440,14
1849,303.863280,13
1850,302.493660,14
1851,303.711940,16
1852,301.751700,16
1853,302.896860,12
1854,302.873990,16
1855,303.159090,13
1856,303.058810,13
1857,302.371240,14
1858,303.047930,16
1859,302.407770,14
1860,302.420940,8
1861,302.097160,7
1862,302.504620,8
1863,301.936450,9
1864,302.452890,5
1865,302.446870,8
1866,302.535270,7
1867,302.027210,7
1868,302.260900,5
1869,302.113410,7
1870,301.936740,10
1871,301.469740,11
1872,302.016660,11
1873,302.246050,10
1874,301.806700,18
1875,302.139950,13
1876,301.712240,11
1877,302.803920,12
1878,302.314260,10
1879,302.325400,11
1880,302.009250,12
1881,300.985500,12
1882,301.850310,11
1883,302.009850,13
1884,302.029200,16
1885,301.809320,14
1886,302.564070,15
1887,301.420370,13
1888,302.282420,14
1889,301.737270,14
1890,301.391290,10
1891,300.618500,15
1892,301.392040,12
1893,301.100040,9
1894,301.471820,11
1895,302.385710,13
1896,302.115400,13
1897,301.733290,12
1898,302.021320,11
1899,301.532390,15
1900,302.321110,14
1901,301.197980,14
1902,301.538550,14
1903,300.963860,12
1904,302.073890,15
1905,302.030920,16
1906,301.099060,13
1907,301.949770,14
1908,301.462700,11
1909,301.044920,17
1910,300.915120,8
1911,301.383090,11
1912,301.303760,9
1913,301.174590,5
1914,300.875410,11
1915,301.243530,10
1916,301.351080,10
1917,300.744800,10
1918,301.041730,6
1919,301.738630,9
1920,301.509380,10
1921,301.408610,12
1922,301.170470,15
1923,302.856660,14
1924,301.264130,12
1925,302.285170,10
1926,302.054400,13
1927,302.405520,16
1928,302.369530,13
1929,301.900700,11
1930,301.189100,16
1931,301.550210,11
1932,301.835340,14
1933,301.985570,11
1934,301.281390,11
1935,301.872850,13
1936,301.764700,12
1937,301.570350,9
1938,301.877820,10
1939,300.165300,16
1940,301.580240,14
1941,302.339220,16
1942,301.779230,16
1943,301.174830,13
1944,301.985480,15
1945,300.315350,15
1946,301.686410,17
1947,301.236310,10
1948,301.240000,13
1949,301.136450,14
1950,300.641440,15
1951,301.569690,14
1952,300.655040,16
1953,301.078020,11
1954,301.686730,15
1955,301.122980,17
1956,300.811830,14
1957,301.449470,16
1958,301.846250,18
1959,300.953170,13
1960,300.498120,12
1961,300.501500,14
1962,300.446970,13
1963,301.153770,9
1964,300.398360,14
1965,300.748660,11
1966,300.447100,14
1967,300.652700,12
1968,300.494710,14
1969,300.828860,13
1970,300.231610,11
1971,300.586150,12
1972,300.943080,10
1973,300.401820,10
1974,300.676310,11
1975,300.243300,10
1976,301.229070,8
1977,301.168640,14
1978,301.368180,11
1979,300.691330,8
1980,301.655680,13
1981,300.440630,13
1982,301.185550,14
1983,301.515530,14
1984,300.682180,15
1985,301.814630,11
1986,300.540240,10
1987,302.022470,15
1988,300.228050,16
1989,300.757150,16
1990,299.868060,15
1991,300.540970,11
1992,301.130160,12
1993,301.064580,15
1994,300.972270,10
1995,300.605550,14
1996,301.153130,11
1997,300.743320,10
1998,300.459600,13
1999,300.520360,10
2000,300.750180,12
2001,300.050060,15
2002,301.277870,13
2003,299.801560,17
2004,301.427750,16
2005,300.694740,16
2006,300.607880,12
2007,300.202200,13
2008,300.885970,13
2009,300.995810,16
2010,300.870950,10
2011,300.439690,14
2012,300.990540,10
2013,301.074060,12
2014,301.040820,11
2015,300.925260,13
2016,300.606120,14
2017,301.193620,8
2018,300.872690,13
2019,300.777160,11
2020,301.167680,10
2021,301.059320,11
2022,300.479570,10
2023,300.791940,12
2024,301.407440,13
2025,301.528180,12
2026,300.786610,15
2027,301.275280,10
2028,300.574340,15
2029,300.529720,9
2030,300.356700,11
2031,300.015310,17
2032,300.094880,15
2033,300.171190,16
2034,300.437960,11
2035,300.801310,15
2036,300.066740,14
2037,300.194460,14
2038,300.514660,11
2039,300.179460,11
2040,299.887790,16
2041,300.312240,13
2042,300.604130,14
2043,300.480250,13
2044,300.892180,15
2045,300.312770,10
2046,300.644330,13
2047,300.361940,14
2048,299.945880,18
2049,301.032180,16
2050,301.110730,12
2051,300.793230,10
2052,301.102690,5
2053,301.605810,8
2054,300.718290,13
2055,301.111480,11
2056,301.052130,9
2057,300.768540,12
2058,301.402990,11
2059,301.143840,11
2060,301.163730,9
2061,301.424990,11
2062,301.184640,14
2063,300.584500,12
2064,301.774370,12
2065,301.548080,10
2066,301.878890,12
2067,301.518000,9
2068,301.496160,11
2069,301.390480,15
2070,301.009080,11
2071,301.366880,12
2072,300.748020,11
2073,301.263600,9
2074,300.680070,12
2075,300.505740,16
2076,300.870460,12
2077,302.051670,15
2078,300.601360,14
2079,300.979650,12
2080,301.221350,18
2081,300.370890,17
2082,300.517750,16
2083,300.829260,16
2084,301.510490,14
2085,300.728990,15
2086,301.675730,13
2087,301.368320,12
2088,301.240480,13
2089,301.874440,16
2090,301.743410,14
2091,301.551230,12
2092,301.089040,9
2093,301.924770,14
2094,301.264550,11
2095,301.615090,15
2096,301.360570,12
2097,301.681850,13
2098,300.960990,14
2099,301.602980,7
2100,301.356330,9
2101,302.014860,14
2102,301.808850,9
2103,301.983040,14
2104,301.255720,11
2105,301.795040,10
2106,301.475720,14
2107,301.814370,12
2108,301.628070,10
2109,301.959130,13
2110,302.026620,9
2111,302.253470,12
2112,302.256800,13
2113,303.102510,7
2114,303.206230,12
2115,302.611850,9
2116,302.343520,9
2117,303.023610,8
2118,302.242580,8
2119,303.111300,10
2120,303.620450,14
2121,303.506740,16
2122,303.081420,11
2123,303.314630,13
2124,304.125660,13
2125,303.122030,13
2126,304.028560,12
2127,303.520560,13
2128,303.804240,14
2129,303.248920,10
2130,303.342690,10
2131,303.180240,9
2132,303.039670,12
2133,303.172620,9
2134,303.470510,14
2135,303.083410,11
2136,303.210660,12
2137,302.956370,11
2138,303.125620,13
2139,303.399820,10
2140,302.983530,13
2141,303.166120,14
2142,302.725300,13
2143,303.675210,15
2144,302.733550,11
2145,302.546160,13
2146,302.788130,15
2147,302.903740,15
2148,303.158870,12
2149,302.752580,10
2150,302.237300,14
2151,303.028670,19
2152,303.680410,15
2153,302.869540,13
2154,301.972430,13
2155,302.851560,15
2156,303.102670,14
2157,302.610860,14
2158,302.098010,16
2159,303.310050,17
2160,303.562490,11
2161,303.331150,10
2162,303.115680,8
2163,303.186710,10
2164,303.587740,12
2165,303.041350,17
2166,303.031700,10
2167,303.199100,11
2168,302.937140,13
2169,303.530730,14
2170,304.408750,14
2171,303.494040,13
2172,303.964730,13
2173,303.199280,10
2174,303.408950,10
2175,304.222680,12
2176,303.107460,14
2177,302.889900,14
2178,303.154080,14
2179,304.049100,13
2180,303.156360,13
2181,304.065960,12
2182,303.958820,11
2183,303.486080,12
2184,303.781600,12
2185,304.109690,14
2186,303.848560,14
2187,303.890950,11
2188,303.891600,11
2189,303.695630,14
2190,303.895620,9
2191,303.501020,12
2192,304.058270,12
2193,303.982360,6
2194,303.246910,11
2195,303.768080,13
2196,303.517010,14
2197,304.074370,12
2198,303.794810,9
2199,303.556170,15
2200,304.355310,12
2201,304.048600,10
2202,303.366570,12
2203,304.732620,15
2204,303.691990,13
2205,304.136730,7
2206,303.977910,13
2207,304.634900,14
2208,304.306720,12
2209,303.953050,8
2210,304.102790,14
2211,304.460160,11
2212,304.164650,11
2213,304.102140,10
2214,304.307450,11
2215,304.133360,12
2216,304.175100,9
2217,304.155300,9
2218,304.213850,9
2219,304.064130,10
2220,304.063530,16
2221,304.695450,12
2222,304.873550,12
2223,303.878000,10
2224,304.055970,9
2225,304.373480,15
2226,304.714220,12
2227,304.146400,10
2228,304.662470,13
2229,304.352140,12
2230,304.261600,12
2231,303.644300,18
2232,305.523440,15
2233,303.354160,14
2234,304.144230,15
2235,303.281240,14
2236,304.860300,15
2237,304.540380,14
2238,303.792160,14
2239,304.987070,11
2240,304.954110,18
2241,303.600840,14
2242,303.982320,16
2243,304.814060,12
2244,304.597700,15
2245,304.159160,16
2246,304.577480,14
2247,303.950600,16
2248,303.631980,14
2249,304.169850,13
2250,304.506690,17
2251,304.001300,15
2252,304.430610,16
2253,303.804550,15
2254,303.939640,14
2255,303.025890,16
2256,304.243160,17
2257,304.521700,15
2258,303.675570,13
2259,303.644620,16
2260,303.651680,9
2261,304.322110,8
2262,303.746040,10
2263,303.712790,8
2264,303.650280,8
2265,303.187720,9
2266,303.685030,8
2267,303.548870,7
2268,303.916840,9
2269,303.358650,8
2270,304.008910,14
2271,304.560100,14
2272,303.537500,12
2273,304.461090,16
2274,303.739250,15
2275,304.026360,10
2276,304.640210,17
2277,303.283220,14
2278,304.353600,14
2279,303.027130,13
2280,302.905210,13
2281,302.882920,13
2282,303.168680,10
2283,303.191020,10
2284,303.278220,10
2285,302.915650,14
2286,302.446220,11
2287,303.038620,16
2288,303.281240,11
2289,302.943240,9
2290,303.656500,10
2291,302.812240,9
2292,302.911710,11
2293,302.544960,10
2294,303.940250,10
2295,302.786330,12
2296,303.895820,9
2297,302.892980,10
2298,302.985680,9
2299,302.560310,10
2300,302.323080,12
2301,303.376100,14
2302,302.577870,14
2303,303.227890,11
2304,302.326190,14
2305,303.448300,13
2306,302.329360,13
2307,303.421200,15
2308,303.222570,14
2309,302.838400,16
2310,303.420880,8
2311,303.044550,13
2312,302.728960,13
2313,303.048120,12
2314,302.572830,12
2315,303.319720,10
2316,302.658210,9
2317,303.313000,11
2318,303.517890,10
2319,302.991290,13
2320,303.370930,13
2321,303.037490,15
2322,303.751210,12
2323,303.482910,9
2324,302.901750,11
2325,303.836710,14
2326,303.316970,8
2327,303.129420,12
2328,303.114910,13
2329,303.191880,10
2330,302.970430,12
2331,302.306090,13
2332,302.952170,12
2333,302.770380,12
2334,302.708880,11
2335,302.838230,13
2336,303.074430,8
2337,303.570060,12
2338,303.050830,14
2339,302.762050,10
2340,302.717790,13
2341,303.016520,15
2342,302.998820,15
2343,303.216950,16
2344,303.209470,13
2345,302.299590,16
2346,301.835370,15
2347,303.076390,17
2348,303.483610,17
2349,302.467540,15
2350,302.951120,11
2351,303.002160,16
2352,303.779460,10
2353,302.826540,12
2354,303.459830,13
2355,302.245550,15
2356,302.289440,14
2357,303.548940,14
2358,302.388660,12
2359,303.011680,16
2360,303.504180,9
2361,303.225750,7
2362,303.634050,9
2363,303.369890,9
2364,303.016580,12
2365,302.445790,9
2366,303.234790,12
2367,303.290690,9
2368,302.815250,14
2369,303.089910,9
2370,303.420010,12
2371,303.562610,9
2372,304.012640,13
2373,302.994020,8
2374,303.470970,8
2375,302.800960,8
2376,303.316100,11
2377,303.585820,12
2378,302.975550,12
2379,303.214400,12
2380,303.248260,13
2381,303.016530,14
2382,302.696630,8
2383,302.609310,11
2384,302.893320,10
2385,302.851330,11
2386,303.278860,11
2387,302.566080,12
2388,302.645100,9
2389,302.795110,10
2390,303.664410,12
2391,302.806980,13
2392,303.106960,10
2393,303.192220,14
2394,302.772530,10
2395,303.677740,9
2396,303.287650,12
2397,302.765050,12
2398,303.134140,12
2399,302.637460,13
2400,302.673270,12
2401,302.335220,12
2402,303.528680,14
2403,303.032920,13
2404,303.315870,15
2405,303.826210,14
2406,303.184110,14
2407,302.843800,11
2408,303.259010,12
2409,302.706130,16
2410,303.315670,13
2411,303.305810,14
2412,303.550430,12
2413,303.204090,17
2414,302.885320,15
2415,303.844750,10
2416,303.362820,17
2417,302.849630,14
2418,303.682950,13
2419,303.908710,16
2420,303.416230,14
2421,304.101970,16
2422,304.246290,13
2423,303.204160,14
2424,303.744780,14
2425,303.688040,10
2426,304.064300,15
2427,304.087420,10
2428,304.192900,15
2429,302.983530,16
2430,304.685830,8
2431,304.178410,11
2432,303.945980,13
2433,304.351380,9
2434,304.184220,10
2435,304.156160,8
2436,303.653880,9
2437,303.542770,12
2438,304.315880,9
2439,303.701710,11
2440,303.038910,17
2441,303.350310,15
2442,303.711440,14
2443,303.541590,13
2444,304.017240,11
2445,303.831480,16
2446,304.231270,14
2447,303.574610,10
2448,304.048700,15
2449,303.724550,9
2450,304.192060,17
2451,303.454910,17
2452,303.603440,15
2453,303.537230,18
2454,303.275570,16
2455,304.026960,15
2456,303.543200,17
2457,303.652820,15
2458,303.721250,16
2459,304.263490,17
2460,303.939980,15
2461,303.625620,15
2462,304.811610,15
2463,303.602650,12
2464,303.694390,13
2465,303.185250,14
2466,303.623690,15
2467,303.672500,12
2468,303.926810,12
2469,304.349030,16
2470,303.664850,14
2471,303.566890,14
2472,304.094160,12
2473,304.330310,12
2474,303.438130,12
2475,304.700730,14
2476,304.220060,8
2477,303.655720,16
2478,303.913910,10
2479,303.440780,13
2480,303.687240,8
2481,303.407470,11
2482,303.627760,9
2483,303.618000,9
2484,304.078820,6
2485,303.424890,8
2486,303.668280,11
2487,303.567720,7
2488,304.209480,8
2489,304.247980,10
2490,304.261160,12
2491,303.356530,13
2492,304.397920,12
2493,304.576850,15
2494,303.505610,10
2495,304.320050,11
2496,304.552760,12
2497,304.162230,12
2498,303.962300,11
2499,303.540860,12
2500,304.047230,18
2501,304.162220,13
2502,303.601370,11
2503,304.108130,14
2504,303.462910,10
2505,303.905160,12
2506,303.559580,15
2507,303.878120,11
2508,304.192220,7
2509,304.696110,13
2510,304.775400,10
2511,304.389930,13
2512,304.445830,12
2513,304.853390,8
2514,304.587060,10
2515,304.897140,11
2516,304.826240,13
2517,304.788150,12
2518,304.512110,15
2519,304.434350,12
2520,304.619140,12
2521,304.023960,11
2522,304.685440,14
2523,304.353850,15
2524,304.962490,13
2525,304.222360,12
2526,304.647780,10
2527,304.367340,11
2528,304.045500,13
2529,304.596470,15
2530,305.306070,15
2531,305.259390,15
2532,305.049500,13
2533,304.949210,13
2534,304.132390,14
2535,305.232260,15
2536,303.990030,17
2537,304.563190,15
2538,305.100390,16
2539,304.153590,12
2540,304.242530,11
2541,304.063080,13
2542,304.725980,11
2543,304.768470,13
2544,305.092540,11
2545,304.677060,12
2546,304.413030,12
2547,303.579250,14
2548,304.900160,15
2549,304.801560,13
2550,304.723050,13
2551,304.462730,11
2552,305.028090,18
2553,304.337260,14
2554,305.123710,16
2555,304.749990,18
2556,305.077870,15
2557,304.648960,16
2558,303.997990,16
2559,304.630940,12
2560,304.966370,15
2561,303.939590,20
2562,304.746540,16
2563,304.382340,17
2564,305.116720,15
2565,304.502790,14
2566,304.971450,17
2567,305.507920,15
2568,304.465980,18
2569,304.826120,16
2570,304.852610,14
2571,304.952220,17
2572,304.665820,16
2573,305.423670,16
2574,304.426970,16
2575,305.141140,14
2576,304.949320,17
2577,305.444700,14
2578,304.571400,17
2579,304.901790,16
2580,305.464900,12
2581,304.992550,10
2582,305.197000,16
2583,305.604120,16
2584,305.327820,14
2585,305.015420,11
2586,304.958080,13
2587,305.508570,13
2588,305.451640,12
2589,305.572800,14
2590,305.464910,14
2591,306.148230,13
2592,305.911580,13
2593,306.111890,15
2594,306.398260,12
2595,305.334410,13
2596,305.979210,15
2597,305.204880,13
2598,305.626460,13
2599,305.839830,13
2600,305.346840,16
2601,305.526380,15
2602,305.492020,12
2603,305.225130,12
2604,305.123620,10
2605,305.512990,11
2606,305.769030,14
2607,306.021460,14
2608,305.037310,12
2609,304.818630,12
2610,304.818920,14
2611,304.749390,11
2612,305.410410,15
2613,304.730630,10
2614,304.816890,13
2615,304.641420,12
2616,304.252600,14
2617,304.805340,12
2618,304.838310,10
2619,304.569670,11
2620,305.509230,17
2621,304.871670,14
2622,304.544760,15
2623,304.199760,14
2624,304.486660,18
2625,305.369170,12
2626,304.383140,14
2627,304.141450,14
2628,305.626420,17
2629,303.743520,14
2630,303.923260,15
2631,305.155010,15
2632,304.261560,17
2633,305.357360,18
2634,303.914250,15
2635,303.653160,15
2636,304.918290,14
2637,305.064770,17
2638,304.207640,16
2639,303.960180,16
2640,304.028800,9
2641,303.977390,13
2642,305.300410,11
2643,304.368750,11
2644,304.403850,14
2645,304.935040,10
2646,304.614790,12
2647,304.172570,12
2648,304.851780,10
2649,304.408180,14
2650,304.616910,16
2651,304.130740,13
2652,304.345730,15
2653,305.034880,16
2654,304.348540,15
2655,303.966750,17
2656,305.114610,12
2657,304.836980,18
2658,304.570080,16
2659,304.318850,12
2660,304.604040,16
2661,305.372440,15
2662,304.129980,16
2663,304.461090,16
2664,303.690570,19
2665,305.334080,16
2666,303.856220,15
2667,304.242670,13
2668,304.383300,17
2669,304.563590,13
2670,304.814360,13
2671,304.560570,15
2672,304.603240,16
2673,304.839470,14
2674,304.864190,15
2675,303.902710,12
2676,304.382520,16
2677,304.489850,14
2678,304.411660,11
2679,304.571560,12
2680,304.505670,10
2681,304.314730,15
2682,304.133270,13
2683,304.255460,14
2684,304.847640,16
2685,304.740180,14
2686,304.743090,9
2687,304.645190,14
2688,303.923680,13
2689,303.651540,12
2690,303.453770,13
2691,304.257780,15
2692,304.145070,14
2693,303.546400,15
2694,303.764510,17
2695,303.367300,16
2696,303.400720,14
2697,304.636280,18
2698,303.874700,15
2699,303.604260,16
2700,303.356250,14
2701,303.614910,12
2702,303.492790,14
2703,303.949960,10
2704,303.881530,11
2705,304.151020,12
2706,303.989310,13
2707,303.127180,11
2708,303.525890,12
2709,303.593330,15
2710,303.365340,11
2711,303.305330,13
2712,302.843010,12
2713,303.482740,12
2714,303.030470,12
2715,302.924800,14
2716,303.436930,10
2717,303.639450,13
2718,303.170730,16
2719,303.577380,10
2720,303.510140,11
2721,303.272240,12
2722,302.600390,10
2723,303.235950,10
2724,303.413900,9
2725,303.508820,10
2726,303.138400,12
2727,302.774720,10
2728,303.400950,10
2729,303.064450,11
2730,303.066450,9
2731,303.443500,15
2732,303.486070,11
2733,303.443290,12
2734,303.986620,14
2735,303.398180,8
2736,303.216160,13
2737,303.853420,10
2738,303.435730,13
2739,303.970410,12
2740,303.306980,18
2741,303.055860,16
2742,302.866840,15
2743,304.398740,19
2744,303.360580,15
2745,303.566250,15
2746,303.007390,16
2747,303.202340,18
2748,303.082050,18
2749,303.090880,18
2750,304.716830,8
2751,304.169360,10
2752,304.449420,8
2753,303.977600,12
2754,304.149330,12
2755,304.362460,10
2756,304.420870,8
2757,304.511730,9
2758,303.989990,8
2759,303.829010,9
2760,304.397740,12
2761,304.402580,13
2762,303.992370,15
2763,304.847890,15
2764,304.126840,12
2765,303.800470,16
2766,303.626120,17
2767,304.147880,12
2768,304.714980,11
2769,304.561580,15
2770,304.188030,11
2771,304.222170,12
2772,304.272180,13
2773,303.405180,11
2774,303.980550,9
2775,303.883760,13
2776,303.035600,16
2777,303.886700,13
2778,304.515500,10
2779,303.989890,11
2780,303.881540,12
2781,303.739430,14
2782,303.906490,13
2783,303.500400,17
2784,303.885450,12
2785,304.719460,15
2786,303.683500,13
2787,304.405870,13
2788,304.320630,17
2789,303.621590,17
2790,304.043140,12
2791,303.776520,16
2792,303.322490,15
2793,303.086170,12
2794,303.403910,10
2795,302.991490,12
2796,303.664710,12
2797,302.868540,11
2798,303.131130,16
2799,303.054480,12
2800,303.205350,10
2801,302.704800,12
2802,303.060520,9
2803,302.416800,13
2804,303.080010,6
2805,303.301490,11
2806,302.510030,12
2807,303.618610,9
2808,302.693550,10
2809,302.624150,12
2810,303.365010,10
2811,302.773770,13
2812,302.665050,11
2813,303.131950,13
2814,303.413970,13
2815,302.592870,10
2816,303.339000,13
2817,302.842510,13
2818,302.578850,11
2819,302.907700,11
2820,303.934980,10
2821,302.871460,9
2822,302.975950,11
2823,303.736690,10
2824,303.340640,11
2825,303.352770,12
2826,303.161310,14
2827,302.601680,14
2828,303.032130,9
2829,303.609150,10
2830,303.605440,12
2831,302.709530,13
2832,303.005240,12
2833,303.093460,10
2834,304.069390,11
2835,303.432510,12
2836,303.911250,12
2837,303.632930,8
2838,303.488820,10
2839,303.402520,10
2840,303.188840,13
2841,303.258550,14
2842,303.775700,12
2843,303.053720,10
2844,303.866720,8
2845,304.089230,11
2846,303.578750,13
2847,303.844100,12
2848,304.171280,10
2849,303.878670,10
2850,303.308750,12
2851,303.600570,11
2852,303.313830,16
2853,303.877610,13
2854,303.181660,12
2855,303.671920,11
2856,303.998200,13
2857,304.116010,12
2858,303.515490,11
2859,304.125660,12
2860,303.875000,13
2861,303.387160,12
2862,304.645760,13
2863,304.012400,13
2864,303.740880,10
2865,303.876050,14
2866,303.565100,13
2867,304.489010,13
2868,303.835950,13
2869,304.528690,12
2870,304.421160,14
2871,304.152320,12
2872,303.656630,12
2873,304.388420,11
2874,304.236550,11
2875,304.292570,12
2876,303.705960,10
2877,304.455760,12
2878,304.066220,15
2879,304.084270,12
2880,303.544750,16
2881,304.185290,14
2882,304.029040,13
2883,304.000140,13
2884,303.709160,14
2885,304.128140,13
2886,304.589390,14
2887,304.848120,14
2888,303.652610,15
2889,304.418510,14
2890,304.465080,8
2891,303.755680,13
2892,303.685190,12
2893,304.234490,11
2894,304.689450,13
2895,304.406520,12
2896,303.454220,12
2897,303.706250,9
2898,304.282180,13
2899,304.025960,10
2900,304.115400,14
2901,303.916120,15
2902,303.868990,13
2903,304.113950,9
2904,303.986350,15
2905,303.529290,14
2906,303.001670,16
2907,305.357390,16
2908,304.877870,12
2909,304.635300,16
2910,304.577590,12
2911,305.154590,18
2912,305.207200,14
2913,304.688960,13
2914,304.756530,14
2915,304.838420,14
2916,304.627200,15
2917,304.999260,12
2918,304.248150,14
2919,304.016480,17
2920,304.328880,6
2921,304.190550,8
2922,304.213240,9
2923,304.237180,6
2924,304.285920,9
2925,303.877970,8
2926,303.880790,5
2927,303.720860,9
2928,303.794470,9
2929,304.179410,9
2930,304.305110,13
2931,303.725470,8
2932,303.957900,14
2933,304.501610,11
2934,304.512620,12
2935,303.910930,10
2936,303.696890,10
2937,303.587290,13
2938,303.675580,14
2939,303.559610,14
2940,303.607750,12
2941,303.404210,12
2942,303.524460,13
2943,302.900070,13
2944,303.208660,9
2945,303.349660,11
2946,303.060420,9
2947,302.844170,10
2948,303.561260,15
2949,302.767310,12
2950,302.628940,11
2951,302.481950,13
2952,302.489400,11
2953,302.994530,14
2954,302.296390,12
2955,302.875940,14
2956,302.827280,11
2957,302.489120,14
2958,302.697560,12
2959,302.611660,14
2960,301.572560,11
2961,301.970570,11
2962,301.704880,10
2963,302.185090,7
2964,302.462140,8
2965,302.100280,12
2966,301.925380,9
2967,302.744110,11
2968,302.603060,12
2969,301.746080,11
2970,301.638410,12
2971,301.801340,15
2972,302.336660,13
2973,301.794800,13
2974,302.250020,13
2975,301.771500,12
2976,301.691800,16
2977,302.908870,14
2978,302.545090,12
2979,302.225070,14
2980,302.281330,13
2981,302.530030,11
2982,302.343460,12
2983,302.711770,15
2984,302.717970,13
2985,303.294310,13
2986,302.459640,14
2987,302.420990,10
2988,303.094610,15
2989,303.285760,12
2990,302.458960,11
2991,303.051740,11
2992,302.677570,13
2993,302.834840,15
2994,303.020780,11
2995,303.106950,11
2996,302.917050,15
2997,302.802240,12
2998,303.049850,15
2999,302.833940,11
3000,302.525230,11
3001,303.144960,9
3002,302.901090,13
3003,303.058890,11
3004,302.709140,10
3005,302.851200,10
3006,302.836920,9
3007,302.513150,14
3008,302.918180,7
3009,303.177430,11
3010,301.997220,12
3011,302.496740,8
3012,301.779720,11
3013,302.181680,13
3014,301.922410,10
3015,302.665380,12
3016,302.188820,10
3017,302.419020,10
3018,302.406660,12
3019,302.536260,10
3020,302.287960,14
3021,302.256730,12
3022,303.010030,14
3023,302.887820,12
3024,302.206840,13
3025,302.321380,10
3026,302.426550,13
3027,302.920740,14
3028,302.192910,12
3029,302.566350,16
3030,304.170590,17
3031,304.278650,13
3032,303.489120,15
3033,302.862150,12
3034,304.001350,14
3035,304.002130,13
3036,303.950110,15
3037,304.433440,12
3038,303.878630,18
3039,304.635970,17
3040,304.057790,7
3041,303.886950,10
3042,303.119310,11
3043,303.539580,12
3044,303.572230,9
3045,304.013330,12
3046,303.200680,13
3047,303.683870,11
3048,303.360080,11
3049,303.871800,10
3050,303.397210,11
3051,303.489180,13
3052,303.724310,11
3053,304.033910,14
3054,303.381330,11
3055,304.250110,12
3056,303.116870,12
3057,303.442370,11
3058,303.808530,13
3059,303.517960,13
3060,304.317920,12
3061,304.337700,11
3062,304.325810,12
3063,303.893920,11
3064,303.811670,10
3065,303.793080,12
3066,303.692800,14
3067,303.971940,14
3068,303.610540,14
3069,304.319250,11
3070,304.401030,8
3071,304.684060,11
3072,303.978730,14
3073,304.892060,12
3074,304.728530,13
3075,304.352930,6
3076,303.956800,12
3077,304.554240,12
3078,303.831310,14
3079,304.080870,10
3080,303.607020,12
3081,304.386780,9
3082,303.902880,12
3083,303.531620,11
3084,303.594190,11
3085,303.878600,11
3086,304.004470,12
3087,303.620140,10
3088,303.843710,12
3089,304.311330,10
3090,304.926630,11
3091,304.894630,10
3092,304.730070,13
3093,304.148150,10
3094,304.513360,12
3095,303.883300,7
3096,305.146860,14
3097,304.720680,9
3098,304.772120,9
3099,304.071460,8
3100,304.792740,13
3101,303.928950,14
3102,304.097710,15
3103,304.505410,13
3104,303.438290,16
3105,303.812400,18
3106,303.499240,13
3107,304.099270,13
3108,304.592920,18
3109,304.293070,17
3110,303.632100,11
3111,304.394330,14
3112,304.456980,16
3113,303.960370,13
3114,304.452010,17
3115,304.524650,15
3116,304.151710,13
3117,304.406570,16
3118,304.478100,15
3119,303.835900,13
3120,304.154790,12
3121,303.432190,16
3122,303.184890,13
3123,303.926660,11
3124,304.073440,14
3125,303.682720,11
3126,303.320960,16
3127,303.273330,12
3128,303.240680,14
3129,303.188670,16
3130,303.421310,13
3131,303.703950,16
3132,304.101190,13
3133,303.545740,13
3134,303.318550,12
3135,303.509320,12
3136,304.515660,16
3137,303.313730,13
3138,304.052890,13
3139,303.425570,13
3140,302.770110,10
3141,303.346180,13
3142,302.935560,12
3143,302.704570,9
3144,303.258400,9
3145,303.833350,7
3146,303.135370,6
3147,303.679680,10
3148,303.288490,12
3149,303.355100,10
3150,302.910350,9
3151,303.359010,11
3152,303.338310,7
3153,302.832620,7
3154,303.035510,6
3155,303.417830,9
3156,302.684890,7
3157,303.375130,8
3158,303.435530,13
3159,302.420910,14
3160,302.846870,14
3161,302.405840,14
3162,302.622820,14
3163,302.883120,15
3164,302.887720,14
3165,303.342050,14
3166,302.572410,19
3167,302.366920,12
3168,303.218380,12
3169,302.593750,12
3170,302.942100,16
3171,303.059790,13
3172,302.799740,13
3173,302.698340,11
3174,302.106550,11
3175,303.104800,16
3176,302.421310,12
3177,303.024270,14
3178,302.144650,13
3179,303.008280,12
3180,301.980310,16
3181,302.802330,9
3182,302.786860,9
3183,302.234640,11
3184,303.127450,12
3185,302.343220,14
3186,302.249670,12
3187,302.896800,14
3188,302.540620,13
3189,302.345780,12
3190,302.084960,15
3191,301.723300,16
3192,300.891510,16
3193,302.332800,13
3194,302.228730,15
3195,301.750200,15
3196,302.616490,15
3197,301.875230,18
3198,301.178830,16
3199,301.610190,18
3200,302.447150,8
3201,302.407840,11
3202,302.304140,9
3203,302.622840,11
3204,301.969880,8
3205,302.119850,9
3206,301.698390,12
3207,302.101310,12
3208,302.034970,14
3209,302.565030,13
3210,301.514830,10
3211,301.895560,12
3212,301.299580,16
3213,302.290160,12
3214,301.777980,12
3215,301.855550,15
3216,301.467990,10
3217,302.079500,13
3218,302.666040,13
3219,302.346280,13
3220,301.991240,11
3221,301.853660,11
3222,303.305360,11
3223,302.014460,10
3224,301.876240,11
3225,302.368270,8
3226,301.806350,10
3227,302.064330,11
3228,301.982770,13
3229,301.895820,9
3230,301.511530,14
3231,302.164630,14
3232,301.747190,6
3233,301.787120,15
3234,302.147880,11
3235,302.058670,11
3236,301.611250,12
3237,301.899360,12
3238,301.796200,11
3239,301.965220,12
3240,302.476460,9
3241,302.825490,12
3242,301.860240,12
3243,302.530190,14
3244,301.715290,11
3245,301.988420,12
3246,302.497020,11
3247,302.183770,10
3248,302.017860,7
3249,302.563310,12
3250,301.703100,19
3251,303.209060,11
3252,302.058490,16
3253,302.101780,11
3254,301.083900,14
3255,302.200200,11
3256,302.542040,13
3257,303.046290,13
3258,301.494470,13
3259,302.914680,10
3260,303.308430,9
3261,302.484240,9
3262,302.610030,10
3263,303.123590,7
3264,302.857590,11
3265,302.911810,9
3266,302.330750,13
3267,302.981590,11
3268,302.739210,8
3269,303.378490,11
3270,303.740840,15
3271,304.527180,13
3272,303.544570,12
3273,303.326590,14
3274,303.938660,15
3275,304.036000,12
3276,303.508520,12
3277,303.595200,14
3278,303.373710,12
3279,304.295850,12
3280,303.940530,16
3281,303.490380,17
3282,305.013870,15
3283,304.102710,15
3284,303.677200,11
3285,304.311000,14
3286,303.190600,16
3287,303.589860,13
3288,304.225580,17
3289,303.172390,17
3290,303.122650,15
3291,304.308780,14
3292,304.226200,12
3293,303.457800,13
3294,303.705660,11
3295,304.345420,12
3296,303.921240,13
3297,304.199090,13
3298,304.361870,10
3299,303.899270,13
3300,303.801560,14
3301,304.319520,13
3302,304.298010,15
3303,303.429910,11
3304,304.319270,7
3305,303.391680,11
3306,304.346120,13
3307,303.876310,9
3308,303.699470,8
3309,303.704190,13
3310,304.211820,15
3311,304.329460,11
3312,304.727670,17
3313,303.888420,11
3314,303.735430,13
3315,303.481290,15
3316,303.414350,14
3317,303.291490,15
3318,303.601500,14
3319,304.303400,9
3320,303.492750,14
3321,304.701390,16
3322,305.051270,17
3323,303.839100,16
3324,304.222610,14
3325,305.059340,11
3326,305.265160,12
3327,304.915010,13
3328,304.758790,17
3329,303.443800,13
3330,304.551740,15
3331,304.083140,15
3332,303.728690,14
3333,305.583670,17
3334,303.478490,13
3335,304.252690,15
3336,304.598080,15
3337,304.845820,14
3338,304.527830,12
3339,304.567620,14
3340,305.216600,13
3341,304.911550,9
3342,305.214610,12
3343,305.215270,15
3344,304.135230,11
3345,305.243150,15
3346,304.890680,12
3347,305.237440,11
3348,305.263430,13
3349,305.476900,16
3350,304.555280,9
3351,305.147310,8
3352,305.277900,10
3353,305.205270,12
3354,304.366920,9
3355,305.379780,11
3356,304.849690,11
3357,305.009670,9
3358,304.762370,11
3359,304.252600,12
3360,305.092230,12
3361,304.523670,11
3362,304.800820,12
3363,303.872500,14
3364,304.660930,8
3365,304.507480,12
3366,304.488680,14
3367,304.407840,9
3368,304.482980,14
3369,304.150990,12
3370,304.708500,14
3371,304.187030,11
3372,304.124630,12
3373,304.240510,11
3374,304.000180,11
3375,304.332070,12
3376,303.809620,10
3377,304.328140,14
3378,303.768160,14
3379,304.622460,11
3380,304.534780,15
3381,305.015030,13
3382,304.969540,10
3383,305.088410,13
3384,305.124450,14
3385,303.984700,15
3386,304.806700,10
3387,305.181210,10
3388,304.826480,15
3389,304.529400,10
3390,304.763760,15
3391,304.414630,19
3392,304.598990,14
3393,304.864820,16
3394,304.726740,14
3395,304.963950,12
3396,304.434950,12
3397,304.855630,14
3398,304.794860,16
3399,304.878540,13
3400,304.686260,15
3401,305.063500,15
3402,305.090050,11
3403,305.756450,18
3404,304.107850,11
3405,305.261260,11
3406,304.605870,14
3407,305.118120,15
3408,305.427290,13
3409,305.130420,15
3410,304.753930,12
3411,304.458380,8
3412,304.469560,7
3413,304.461210,10
3414,304.527990,11
3415,304.519380,9
3416,304.584700,10
3417,304.773880,9
3418,304.497850,10
3419,304.181310,11
3420,304.024770,13
3421,304.968900,15
3422,305.004810,12
3423,304.674230,14
3424,303.962900,14
3425,304.430080,15
3426,304.682190,13
3427,304.078600,12
3428,304.180180,14
3429,304.725010,13
3430,304.023160,12
3431,304.013960,14
3432,304.291420,15
3433,304.929010,14
3434,304.741850,14
3435,305.068760,13
3436,304.461180,13
3437,304.539710,10
3438,304.142000,11
3439,304.131200,10
3440,304.449190,12
3441,304.367930,13
3442,304.386980,14
3443,303.857240,10
3444,303.908060,12
3445,304.102480,15
3446,303.863650,9
3447,303.696360,10
3448,304.017880,16
3449,304.781410,13
3450,305.101150,9
3451,304.562160,12
3452,304.554130,10
3453,304.862690,9
3454,304.696390,8
3455,304.854980,7
3456,304.821230,6
3457,304.741690,10
3458,304.783730,8
3459,304.621550,11
3460,304.253240,15
3461,304.547540,12
3462,304.286990,9
3463,304.236310,12
3464,305.066520,13
3465,304.873410,12
3466,304.963270,12
3467,304.711370,12
3468,304.575790,11
3469,305.180790,14
3470,304.371610,15
3471,303.945130,13
3472,304.572050,12
3473,304.705190,16
3474,303.345440,11
3475,303.680450,13
3476,303.522590,11
3477,304.151590,13
3478,303.529720,13
3479,303.891410,9
3480,303.446010,16
3481,303.501110,12
3482,303.745980,16
3483,302.889420,14
3484,303.795390,13
3485,304.023440,14
3486,304.103930,13
3487,302.851820,12
3488,302.849110,11
3489,303.218270,13
3490,302.998730,14
3491,302.405680,15
3492,302.245730,11
3493,302.569110,12
3494,302.924620,15
3495,302.726910,13
3496,302.512010,11
3497,302.054690,14
3498,303.394960,11
3499,303.206160,12
3500,302.783590,11
3501,302.800220,14
3502,302.663170,12
3503,301.966320,11
3504,302.403770,12
3505,302.006270,12
3506,302.147990,15
3507,302.380920,13
3508,302.689350,12
3509,302.892110,13
3510,302.355160,11
3511,301.488560,13
3512,301.630830,9
3513,301.736640,10
3514,301.727640,10
3515,302.294990,16
3516,302.130030,13
3517,302.028700,12
3518,302.406000,12
3519,302.457580,13
3520,302.094530,13
3521,300.467790,11
3522,301.566910,12
3523,301.532590,15
3524,301.876380,14
3525,302.052100,12
3526,301.688060,14
3527,302.100280,15
3528,302.072650,15
3529,300.838110,12
3530,300.545880,16
3531,301.816990,14
3532,301.114830,13
3533,301.129860,11
3534,301.595580,13
3535,300.947300,11
3536,301.654470,13
3537,301.084690,13
3538,301.283400,10
3539,301.221830,16
3540,302.639680,13
3541,301.533580,14
3542,302.088220,9
3543,301.702910,15
3544,301.216870,13
3545,302.512410,15
3546,302.059540,17
3547,301.756670,15
3548,302.027040,13
3549,302.285210,15
3550,302.535360,12
3551,302.233000,9
3552,302.101440,12
3553,301.853770,8
3554,301.988940,11
3555,302.265940,13
3556,302.245860,8
3557,301.830290,10
3558,301.658810,8
3559,302.424850,7
3560,302.574920,15
3561,302.041260,11
3562,301.826970,12
3563,302.429890,11
3564,302.895390,13
3565,302.181870,15
3566,301.819800,16
3567,302.561380,13
3568,302.442680,15
3569,302.614250,12
3570,302.570480,11
3571,302.933230,14
3572,302.552660,13
3573,302.654670,13
3574,302.722500,12
3575,302.710450,13
3576,301.116900,13
3577,302.663440,13
3578,302.331080,13
3579,302.813820,15
3580,302.376280,15
3581,301.946080,13
3582,303.042210,16
3583,302.810590,13
3584,302.972710,15
3585,302.772540,18
3586,302.833020,12
3587,302.777910,15
3588,303.499070,14
3589,303.207330,14
3590,303.068420,12
3591,302.686290,13
3592,302.598210,13
3593,302.494930,12
3594,303.333850,10
3595,303.251820,11
3596,303.226380,14
3597,302.939530,12
3598,303.142760,13
3599,303.102040,12
3600,303.416850,12
3601,303.222900,13
3602,303.923210,12
3603,303.763840,17
3604,303.811040,11
3605,304.005350,10
3606,303.301080,13
3607,303.915560,13
3608,303.371150,15
3609,304.274240,11
3610,304.544540,16
3611,303.145870,17
3612,303.789770,15
3613,303.797180,17
3614,303.164520,16
3615,304.464100,17
3616,304.842640,13
3617,303.825760,21
3618,303.335820,16
3619,303.699400,16
3620,303.007450,13
3621,303.779940,13
3622,303.456650,14
3623,303.995910,13
3624,304.115510,13
3625,303.326750,11
3626,303.064920,13
3627,303.717990,13
3628,303.601610,12
3629,303.296640,12
3630,303.482450,16
3631,302.933570,11
3632,303.289010,14
3633,302.379100,11
3634,303.686990,14
3635,304.036860,14
3636,303.256480,13
3637,303.719280,13
3638,303.402240,12
3639,303.201520,14
3640,303.086600,11
3641,303.961140,13
3642,303.161510,10
3643,303.995250,11
3644,303.834600,10
3645,303.903380,11
3646,303.669030,10
3647,303.674790,9
3648,303.088450,11
3649,303.104020,12
3650,303.380580,14
3651,302.919130,12
3652,303.169030,15
3653,303.374470,15
3654,303.023610,11
3655,302.963800,16
3656,303.378670,15
3657,303.369360,15
3658,303.264840,15
3659,303.708950,13
3660,303.638390,14
3661,303.384390,19
3662,303.154640,16
3663,302.535950,15
3664,303.883860,8
3665,303.456490,18
3666,303.336310,17
3667,302.720570,13
3668,302.898420,16
3669,304.161640,17
3670,303.190820,13
3671,302.877580,14
3672,302.230770,14
3673,302.810940,10
3674,301.898350,14
3675,303.241360,9
3676,302.866650,10
3677,302.880320,9
3678,302.494750,15
3679,302.264130,12
3680,303.448690,11
3681,303.602270,13
3682,303.618720,10
3683,303.517420,11
3684,302.979390,9
3685,303.531930,12
3686,302.823560,12
3687,302.770860,10
3688,302.972570,11
3689,303.442070,12
3690,303.633110,13
3691,303.941450,11
3692,303.458450,15
3693,303.182010,12
3694,303.178780,14
3695,303.210410,11
3696,303.997900,16
3697,302.958670,13
3698,303.359280,14
3699,304.491920,16
3700,303.250840,16
3701,302.642270,16
3702,302.631320,13
3703,303.953520,17
3704,302.053110,14
3705,302.180080,14
3706,302.464490,13
3707,303.092270,16
3708,302.672130,15
3709,302.442270,12
3710,302.861850,15
3711,302.931670,16
3712,303.414440,17
3713,303.030500,14
3714,302.419180,16
3715,303.454130,15
3716,303.164910,15
3717,302.669250,17
3718,302.308520,14
3719,303.199890,15
3720,302.913440,11
3721,303.537140,13
3722,302.343010,10
3723,303.284380,15
3724,302.819540,12
3725,302.892240,11
3726,303.530950,15
3727,302.885420,12
3728,302.495080,13
3729,303.002150,10
3730,303.769820,12
3731,303.152880,16
3732,302.966460,12
3733,303.414640,12
3734,303.312580,13
3735,303.552450,16
3736,303.641350,15
3737,302.867320,13
3738,303.442030,17
3739,302.835870,16
3740,303.596510,14
3741,302.821210,15
3742,302.440380,12
3743,303.682910,14
3744,302.676870,13
3745,303.129870,12
3746,303.246500,15
3747,303.564890,14
3748,302.851640,12
3749,302.681140,11
3750,302.736270,12
3751,302.668680,10
3752,302.501250,10
3753,302.276520,9
3754,302.628000,10
3755,302.476460,7
3756,303.187630,11
3757,302.807180,13
3758,302.867200,12
3759,302.511630,8
3760,302.468180,13
3761,302.631850,12
3762,302.904140,18
3763,302.467700,14
3764,302.982310,17
3765,302.868660,13
3766,302.434250,18
3767,301.870820,17
3768,302.096710,18
3769,303.112950,17
3770,302.834610,12
3771,302.986420,12
3772,302.500300,15
3773,302.501660,12
3774,302.864780,13
3775,302.389260,13
3776,302.262800,12
3777,301.937290,15
3778,302.461730,15
3779,302.103700,13
3780,302.051600,16
3781,302.788070,15
3782,302.767970,14
3783,302.602910,14
3784,303.141730,18
3785,303.049280,19
3786,302.835760,16
3787,301.981310,18
3788,303.094890,15
3789,303.495210,22
3790,302.300140,12
3791,302.018830,15
3792,302.993420,15
3793,302.905640,14
3794,302.321710,13
3795,301.381150,14
3796,301.360690,14
3797,301.869250,14
3798,303.634770,16
3799,302.921590,14
3800,302.438620,14
3801,303.039090,13
3802,302.600840,10
3803,303.031060,8
3804,303.062380,11
3805,302.566890,10
3806,303.353170,13
3807,302.767360,11
3808,302.967630,13
3809,302.006040,9
3810,302.154530,14
3811,302.551230,13
3812,302.115140,13
3813,302.851980,14
3814,302.651930,20
3815,303.305860,14
3816,302.607920,14
3817,303.309380,13
3818,302.674270,15
3819,303.610180,13
3820,303.164630,11
3821,302.643480,8
3822,303.618010,10
3823,302.914490,9
3824,303.063280,10
3825,303.654160,12
3826,303.306140,12
3827,302.752890,12
3828,302.958010,9
3829,303.049880,11
3830,303.073930,13
3831,303.289650,7
3832,303.358810,5
3833,304.029330,8
3834,303.224220,12
3835,304.185460,8
3836,304.179280,10
3837,303.414440,9
3838,303.898430,13
3839,303.828060,12
3840,303.429870,10
3841,304.183820,13
3842,303.513260,14
3843,304.340860,10
3844,303.853520,12
3845,304.265880,13
3846,303.501900,15
3847,303.978810,11
3848,304.306940,12
3849,304.278590,11
3850,303.511390,15
3851,304.195100,12
3852,303.522770,14
3853,304.226400,12
3854,303.952920,13
3855,303.816170,15
3856,303.745230,13
3857,304.182610,15
3858,303.964120,16
3859,304.377860,11
3860,303.971870,14
3861,303.788690,13
3862,303.984220,11
3863,303.824720,17
3864,304.183980,8
3865,304.155030,12
3866,303.939470,14
3867,303.532220,15
3868,304.648540,13
3869,303.541790,12
3870,303.522220,15
3871,303.955230,16
3872,304.031990,14
3873,304.723950,16
3874,303.714290,16
3875,303.714620,16
3876,304.461440,16
3877,303.219830,15
3878,303.143730,19
3879,303.479370,15
3880,303.687820,9
3881,304.070160,14
3882,304.364580,15
3883,303.598180,11
3884,303.575880,11
3885,304.040730,11
3886,303.539120,15
3887,304.045540,8
3888,304.358030,13
3889,303.787480,11
3890,304.119260,15
3891,304.406230,13
3892,304.300420,16
3893,304.234870,18
3894,303.809250,13
3895,303.443170,12
3896,304.570990,15
3897,304.008040,10
3898,304.777210,14
3899,304.112190,16
3900,303.237070,13
3901,304.021770,12
3902,303.232180,13
3903,303.489550,12
3904,303.761120,12
3905,303.231170,12
3906,304.463950,13
3907,303.969780,8
3908,303.609270,13
3909,303.938960,11
3910,304.268090,14
3911,304.140340,8
3912,304.110090,12
3913,303.614920,11
3914,304.095710,14
3915,303.792170,13
3916,304.090470,13
3917,303.575460,15
3918,303.926940,12
3919,303.807730,11
3920,304.036270,11
3921,304.102250,9
3922,303.765810,9
3923,304.549180,6
3924,303.822630,10
3925,303.534180,9
3926,303.748120,9
3927,303.965660,9
3928,303.477720,10
3929,303.262590,11
3930,303.532120,13
3931,303.810560,11
3932,304.452420,12
3933,304.185330,15
3934,303.895110,12
3935,304.519980,14
3936,304.389990,14
3937,303.951840,12
3938,303.810870,14
3939,303.868540,16
3940,304.203970,11
3941,303.758320,10
3942,303.437120,16
3943,303.665210,11
3944,304.261440,13
3945,303.281230,13
3946,303.719720,13
3947,303.691920,12
3948,303.546930,12
3949,304.203500,13
3950,304.392750,13
3951,304.390950,13
3952,304.259020,13
3953,305.192850,13
3954,303.461950,15
3955,305.476620,11
3956,305.257840,13
3957,303.991900,14
3958,304.663140,12
3959,304.670140,12
3960,304.646340,16
3961,304.425380,13
3962,304.318730,18
3963,305.565200,18
3964,304.452690,16
3965,304.231150,16
3966,304.779750,15
3967,304.725040,14
3968,303.905810,18
3969,304.420780,12
3970,304.046630,13
3971,303.765310,13
3972,304.945650,13
3973,303.540740,17
3974,305.340450,14
3975,305.173050,14
3976,304.838050,14
3977,304.771930,15
3978,303.961630,11
3979,304.331900,12
3980,304.137310,16
3981,304.221330,14
3982,304.861330,16
3983,304.169170,16
3984,303.945090,16
3985,304.802570,12
3986,304.831400,17
3987,304.562570,15
3988,304.626400,15
3989,304.796280,10
3990,304.683800,8
3991,304.278670,9
3992,305.041180,11
3993,304.647300,6
3994,304.675900,9
3995,305.194600,10
3996,304.848400,10
3997,304.550440,8
3998,305.793710,11
3999,304.672710,9
4000,305.886500,16
4001,305.415850,14
4002,305.450810,13
4003,305.532770,15
4004,305.497410,11
4005,305.826230,14
4006,305.912330,14
4007,305.671840,14
4008,305.535330,16
4009,305.691400,13
4010,305.628100,14
4011,306.602420,15
4012,305.219030,13
4013,305.464720,12
4014,305.812910,13
4015,305.741010,10
4016,305.830180,11
4017,306.116050,13
4018,305.902070,11
4019,306.112760,12
4020,306.406570,9
4021,306.260470,8
4022,306.603260,10
4023,306.522960,11
4024,305.877160,11
4025,306.506910,10
4026,306.532670,13
4027,306.692630,13
4028,306.011660,16
4029,306.282900,8
4030,307.002550,12
4031,306.600370,16
4032,306.886520,15
4033,307.101780,12
4034,307.242810,14
4035,306.497140,14
4036,306.958400,12
4037,307.287050,17
4038,307.248880,13
4039,307.621380,13
4040,307.866240,15
4041,307.057260,11
4042,307.249770,12
4043,306.265990,11
4044,307.051830,10
4045,307.178380,11
4046,307.589700,9
4047,306.536430,12
4048,306.661550,11
4049,306.552060,10
4050,306.303750,12
4051,306.793560,14
4052,306.094160,13
4053,306.502560,15
4054,306.787570,12
4055,306.689970,13
4056,306.934760,14
4057,307.368650,11
4058,306.528240,15
4059,307.551030,13
4060,307.608160,12
4061,307.114660,14
4062,306.878320,13
4063,307.076630,11
4064,307.435600,16
4065,306.364870,12
4066,307.357670,14
4067,306.265350,13
4068,307.227700,14
4069,307.325660,14
4070,306.716960,12
4071,307.396620,10
4072,307.244500,14
4073,306.771560,12
4074,306.762860,14
4075,306.854070,13
4076,307.486970,14
4077,307.192160,10
4078,307.189060,15
4079,307.038620,12
4080,306.783540,12
4081,307.218940,9
4082,307.601620,11
4083,306.874810,11
4084,307.164740,11
4085,307.691370,13
4086,306.730460,12
4087,307.098070,14
4088,307.608840,13
4089,306.811490,10
4090,306.928220,12
4091,306.805770,11
4092,307.482660,13
4093,306.478520,12
4094,306.205910,10
4095,307.086840,9
4096,306.474520,13
4097,307.665650,13
4098,306.918840,15
4099,306.887260,11
4100,306.312250,8
4101,306.922210,13
4102,306.852400,12
4103,306.479530,13
4104,306.938100,11
4105,306.402070,10
4106,306.412100,10
4107,305.846480,10
4108,306.872570,15
4109,306.015660,11
4110,306.297930,16
4111,306.197170,12
4112,306.858190,11
4113,307.256290,12
4114,306.501630,9
4115,306.186650,15
4116,307.013520,12
4117,306.380120,12
4118,306.497900,11
4119,307.193620,17
4120,307.836180,18
4121,307.317520,16
4122,306.706020,19
4123,306.931400,12
4124,306.959110,16
4125,307.223110,15
4126,306.865440,20
4127,307.074600,17
4128,307.323990,13
4129,307.052710,18
4130,307.406260,15
4131,307.181620,17
4132,308.146390,15
4133,307.802150,18
4134,307.680840,11
4135,306.662270,18
4136,307.193160,16
4137,306.930000,15
4138,306.412630,15
4139,306.832370,17
4140,307.379770,17
4141,306.674950,18
4142,305.730520,16
4143,306.519440,15
4144,307.120910,14
4145,307.185430,14
4146,306.389290,15
4147,306.969510,11
4148,307.252250,14
4149,306.984680,17
4150,307.216570,18
4151,307.094560,16
4152,307.277890,17
4153,306.649270,17
4154,305.898510,19
4155,306.976840,18
4156,306.236200,18
4157,307.248150,19
4158,306.156010,16
4159,306.536980,20
4160,306.625170,13
4161,307.375610,13
4162,307.275030,17
4163,305.952270,13
4164,306.189610,14
4165,306.864900,14
4166,306.915000,15
4167,306.554010,10
4168,307.629090,16
4169,306.788630,13
4170,306.358010,11
4171,306.890930,11
4172,305.761550,15
4173,306.117850,11
4174,306.571810,10
4175,305.901690,12
4176,306.151180,11
4177,305.904760,10
4178,305.829760,14
4179,307.092880,15
4180,305.705510,12
4181,306.770570,13
4182,305.922480,11
4183,305.963470,13
4184,306.217710,13
4185,305.983520,11
4186,306.552660,16
4187,306.574070,13
4188,306.590950,13
4189,305.703060,12
4190,306.421760,10
4191,306.102550,14
4192,305.640140,11
4193,306.024950,13
4194,306.328140,10
4195,306.436320,9
4196,306.762460,13
4197,305.949940,12
4198,306.258000,10
4199,306.037790,10
4200,306.540540,14
4201,306.646500,11
4202,306.966620,14
4203,306.025950,11
4204,306.907580,12
4205,306.096470,11
4206,306.973930,8
4207,306.843430,10
4208,306.941890,12
4209,306.842890,10
4210,306.363540,9
4211,306.437170,11
4212,307.193800,10
4213,307.189370,13
4214,306.719770,8
4215,306.180440,13
4216,306.756580,7
4217,306.854590,10
4218,306.613870,14
4219,306.962010,10
4220,307.698060,13
4221,307.559070,8
4222,306.935880,14
4223,307.314700,10
4224,307.194530,9
4225,307.329210,10
4226,306.779850,11
4227,306.808690,8
4228,307.097250,6
4229,306.194230,11
4230,307.276780,12
4231,307.664010,11
4232,307.341540,12
4233,307.896900,11
4234,307.116500,10
4235,307.957770,11
4236,307.248090,10
4237,307.400110,12
4238,307.560260,9
4239,307.069870,11
4240,306.818510,10
4241,307.245560,10
4242,307.284910,11
4243,307.055230,12
4244,307.937270,14
4245,307.144760,10
4246,306.815850,11
4247,306.844410,12
4248,306.929480,8
4249,306.925030,12
4250,307.191410,15
4251,307.586150,13
4252,306.348490,15
4253,307.594240,15
4254,307.045160,11
4255,307.473470,16
4256,306.932710,14
4257,307.571840,12
4258,307.202620,19
4259,306.210130,14
4260,306.217260,12
4261,306.622960,11
4262,306.726990,12
4263,306.392080,6
4264,306.770500,14
4265,306.618690,13
4266,306.340540,8
4267,306.627730,14
4268,306.318470,9
4269,306.135010,11
4270,305.611570,12
4271,306.675780,12
4272,306.323830,12
4273,305.356740,14
4274,305.917310,11
4275,305.943160,12
4276,306.528190,13
4277,305.930240,13
4278,306.758880,10
4279,306.522490,12
4280,305.874190,13
4281,305.733560,15
4282,306.307850,14
4283,306.617970,13
4284,305.316030,12
4285,306.413490,16
4286,305.315980,13
4287,305.492610,10
4288,306.065100,12
4289,306.181760,9
4290,305.375680,18
4291,306.166870,14
4292,306.158310,14
4293,305.912390,17
4294,305.389850,16
4295,306.752280,11
4296,306.212690,17
4297,305.272360,13
4298,307.177450,16
4299,305.957060,19
4300,307.372510,14
4301,306.059990,12
4302,306.874450,13
4303,306.737960,12
4304,307.050530,13
4305,307.347770,14
4306,306.971780,9
4307,306.249820,11
4308,306.111720,15
4309,306.430390,12
4310,306.981430,10
4311,306.382340,12
4312,306.186040,13
4313,306.466720,17
4314,306.570400,14
4315,305.846750,14
4316,307.403500,13
4317,306.369810,9
4318,305.876240,15
4319,307.148820,11
4320,306.806930,9
4321,306.835150,11
4322,307.287470,8
4323,306.665280,10
4324,306.910310,9
4325,306.940160,10
4326,307.221800,12
4327,306.676820,14
4328,307.052750,14
4329,306.558530,13
4330,307.731440,15
4331,307.474980,12
4332,307.037990,12
4333,307.262150,14
4334,307.545910,14
4335,306.755630,13
4336,307.181180,13
4337,307.179870,13
4338,307.475700,13
4339,306.691890,14
4340,306.778960,13
4341,307.168340,12
4342,306.445160,16
4343,306.578110,17
4344,306.811610,11
4345,307.364200,8
4346,307.413160,14
4347,307.175200,12
4348,307.195540,14
4349,306.782190,12
4350,306.541360,14
4351,307.144050,16
4352,306.554570,15
4353,307.553080,13
4354,307.465680,14
4355,307.691390,11
4356,307.206190,11
4357,307.234110,13
4358,307.392170,18
4359,306.016100,16
4360,306.407480,12
4361,306.686580,11
4362,306.494380,11
4363,306.473290,11
4364,305.684020,16
4365,306.287960,10
4366,306.399760,7
4367,306.787880,10
4368,306.298050,11
4369,306.068520,9
4370,306.578780,13
4371,305.650250,14
4372,306.302910,9
4373,305.861690,13
4374,306.185810,12
4375,305.942270,15
4376,307.485990,16
4377,306.172520,9
4378,305.775220,15
4379,306.411690,14
4380,306.884700,10
4381,306.110350,15
4382,306.353040,14
4383,306.918600,11
4384,307.154540,15
4385,306.880370,17
4386,306.265370,7
4387,306.854540,14
4388,306.281990,13
4389,306.328520,17
4390,306.313420,16
4391,306.395420,10
4392,306.595620,11
4393,306.291900,10
4394,306.660780,14
4395,306.765130,11
4396,306.583320,8
4397,306.489400,7
4398,306.392820,10
4399,305.929600,12
4400,306.027660,11
4401,306.438750,12
4402,306.736260,13
4403,305.915630,10
4404,306.257730,11
4405,306.634530,16
4406,307.241870,15
4407,305.746380,12
4408,305.170830,11
4409,306.422110,14
4410,306.718160,16
4411,305.444770,12
4412,305.664230,13
4413,306.286910,11
4414,305.749330,10
4415,306.033820,12
4416,306.124410,11
4417,305.974580,10
4418,306.821530,13
4419,306.541940,14
4420,307.066310,13
4421,308.087750,15
4422,307.064080,8
4423,306.710670,9
4424,306.986830,12
4425,307.427080,12
4426,307.457310,14
4427,306.800290,13
4428,306.884750,13
4429,307.024180,15
4430,307.499700,13
4431,307.351170,14
4432,306.231970,15
4433,307.382900,14
4434,307.457470,15
4435,306.170390,16
4436,307.209460,12
4437,306.597540,12
4438,307.141480,14
4439,307.221080,15
4440,306.501560,11
4441,306.645470,12
4442,306.596820,13
4443,307.332200,13
4444,306.663750,11
4445,307.618430,13
4446,306.908430,10
4447,306.490940,10
4448,306.971070,10
4449,306.789280,10
4450,306.076230,12
4451,306.189810,8
4452,306.595630,13
4453,306.002420,10
4454,306.008820,8
4455,306.514700,11
4456,306.519010,12
4457,306.849850,16
4458,305.869590,11
4459,306.107450,10
4460,306.592880,14
4461,306.689850,11
4462,306.576810,9
4463,307.169010,13
4464,307.010620,9
4465,307.129840,12
4466,306.771650,12
4467,307.143810,11
4468,307.366580,11
4469,306.648300,12
4470,306.574550,11
4471,306.272590,12
4472,306.905390,13
4473,306.708180,13
4474,306.559350,15
4475,306.231660,13
4476,306.965370,9
4477,307.055670,15
4478,306.214090,12
4479,307.040860,13
4480,306.707900,12
4481,306.547380,8
4482,306.941870,5
4483,307.184360,10
4484,306.378680,9
4485,307.028420,14
4486,306.495350,13
4487,306.721280,11
4488,306.504740,9
4489,306.129980,12
4490,306.470990,12
4491,306.193340,9
4492,306.357460,10
4493,306.706540,10
4494,307.095640,11
4495,306.455630,9
4496,306.793550,8
4497,306.901430,11
4498,306.657210,8
4499,305.892240,14
4500,305.699860,11
4501,305.934460,11
4502,305.899500,15
4503,306.504090,10
4504,306.563970,15
4505,306.040390,11
4506,306.683530,13
4507,306.051490,13
4508,307.079810,11
4509,306.883160,11
4510,305.723440,9
4511,306.455300,14
4512,306.028010,13
4513,306.509050,15
4514,306.092070,10
4515,305.539210,16
4516,307.012800,14
4517,306.796160,15
4518,306.870110,13
4519,305.991900,12
4520,306.648420,14
4521,306.354460,13
4522,305.761510,9
4523,307.293400,15
4524,307.705300,14
4525,306.711830,12
4526,306.552300,11
4527,305.973280,10
4528,307.031390,16
4529,307.364070,13
4530,306.624630,13
4531,307.482100,10
4532,307.047160,11
4533,307.336010,11
4534,306.621270,12
4535,307.400600,11
4536,307.214000,13
4537,307.718750,12
4538,307.115550,13
4539,307.479300,13
4540,306.073140,13
4541,307.053710,11
4542,306.556640,9
4543,307.298840,13
4544,307.781590,13
4545,306.730760,14
4546,306.768250,11
4547,306.725480,12
4548,307.346220,13
4549,306.437870,10
4550,306.489120,7
4551,305.913330,11
4552,306.482280,9
4553,306.412080,11
4554,306.587950,14
4555,306.840850,13
4556,305.928010,10
4557,306.069550,14
4558,306.132650,11
4559,306.152330,11
4560,305.876080,14
4561,306.063720,11
4562,306.802950,15
4563,306.297670,11
4564,305.107750,11
4565,306.102550,11
4566,305.792470,12
4567,306.202920,11
4568,306.534590,18
4569,306.514150,12
4570,306.193030,14
4571,306.382120,14
4572,305.968170,13
4573,306.035890,13
4574,306.595430,16
4575,306.520950,14
4576,305.569280,13
4577,306.714200,13
4578,306.222210,14
4579,306.210960,17
4580,305.031640,17
4581,306.281780,18
4582,305.766780,14
4583,305.808340,12
4584,304.441600,17
4585,305.336980,16
4586,305.067410,18
4587,305.291350,13
4588,305.583970,18
4589,304.925820,16
4590,305.372940,10
4591,305.197600,12
4592,306.170830,12
4593,305.958700,10
4594,305.163060,10
4595,305.668950,9
4596,305.816840,8
4597,305.550760,8
4598,305.062930,14
4599,305.514130,8
4600,305.632580,11
4601,306.082870,8
4602,305.571320,12
4603,304.904770,13
4604,305.790670,12
4605,306.185260,11
4606,305.430740,10
4607,305.073410,12
4608,305.687440,10
4609,306.014380,11
4610,305.611520,10
4611,304.572750,14
4612,305.157670,13
4613,305.817230,13
4614,305.387540,14
4615,305.533830,12
4616,304.739740,13
4617,305.024940,12
4618,305.075750,14
4619,305.043490,15
4620,305.014160,15
4621,305.331960,15
4622,305.378490,17
4623,305.977820,15
4624,305.266700,17
4625,305.698160,16
4626,304.842380,13
4627,305.806890,15
4628,304.921760,16
4629,304.499640,15
4630,305.123680,11
4631,304.598790,14
4632,305.055180,14
4633,304.861630,13
4634,304.645500,13
4635,304.651020,11
4636,305.961970,12
4637,304.721190,11
4638,304.680990,10
4639,305.345100,10
4640,305.813760,9
4641,305.896610,12
4642,305.069520,13
4643,305.173310,10
4644,305.649090,11
4645,305.234000,11
4646,305.453680,11
4647,305.082210,8
4648,305.389880,6
4649,305.395750,7
4650,305.950200,12
4651,305.462670,10
4652,305.043290,18
4653,305.000990,14
4654,306.452520,15
4655,306.251230,14
4656,305.988890,11
4657,305.132160,15
4658,305.662630,14
4659,305.686880,13
4660,306.026370,17
4661,306.949140,16
4662,307.378480,17
4663,305.918730,16
4664,306.256950,14
4665,305.564250,16
4666,305.880110,16
4667,305.138800,19
4668,306.734600,15
4669,306.087180,18
4670,305.442740,13
4671,305.228050,14
4672,305.199960,13
4673,304.602710,12
4674,305.381050,14
4675,305.153250,12
4676,305.737690,13
4677,304.829620,8
4678,305.717210,14
4679,305.414390,10
4680,305.619560,19
4681,306.570790,14
4682,306.573930,16
4683,305.343440,17
4684,306.920530,17
4685,305.249140,14
4686,306.903840,15
4687,305.799590,11
4688,305.135060,17
4689,305.857500,15
4690,305.653480,9
4691,305.563540,12
4692,305.722990,12
4693,304.933590,14
4694,305.475180,7
4695,305.687330,13
4696,305.840550,11
4697,305.886710,11
4698,305.872360,13
4699,306.044840,12
4700,305.139410,18
4701,305.356860,18
4702,305.369330,17
4703,305.046200,16
4704,305.155240,16
4705,304.725460,17
4706,305.333970,16
4707,305.136670,15
4708,305.599630,15
4709,305.173710,15
4710,305.673130,7
4711,306.201600,13
4712,304.997330,15
4713,305.569160,11
4714,306.345850,10
4715,305.849880,8
4716,306.092500,10
4717,304.885300,12
4718,305.529110,9
4719,306.076700,13
4720,305.715640,15
4721,305.956430,17
4722,306.599850,14
4723,306.103600,17
4724,306.332150,12
4725,306.067840,16
4726,305.776440,13
4727,305.620360,11
4728,305.285500,17
4729,305.703770,14
4730,305.955100,12
4731,306.298710,14
4732,306.019540,12
4733,306.697630,10
4734,306.959470,14
4735,307.160950,12
4736,306.254540,11
4737,306.191010,14
4738,306.511970,11
4739,305.861810,14
4740,306.190650,16
4741,306.736670,13
4742,305.541670,14
4743,305.674780,13
4744,305.752050,12
4745,306.053440,13
4746,306.129220,16
4747,305.843120,13
4748,306.821790,12
4749,305.921140,12
4750,306.516450,10
4751,306.285900,8
4752,305.951010,10
4753,306.291790,8
4754,305.730700,13
4755,306.812530,8
4756,306.830030,9
4757,305.955930,11
4758,306.816560,11
4759,306.638260,13
4760,306.612130,13
4761,306.630120,13
4762,306.647680,8
4763,306.757860,14
4764,306.441770,7
4765,306.460740,7
4766,306.926020,13
4767,306.572050,11
4768,306.683740,13
4769,306.890980,10
4770,306.340920,10
4771,307.079360,10
4772,306.677950,14
4773,306.537320,11
4774,306.816260,6
4775,306.946240,11
4776,306.656650,12
4777,306.584670,12
4778,306.577500,10
4779,305.928670,11
4780,306.049400,15
4781,306.397430,12
4782,306.014220,12
4783,306.080730,16
4784,306.246940,11
4785,306.659960,19
4786,306.781140,14
4787,306.244990,16
4788,305.540850,13
4789,305.548150,17
4790,305.236180,15
4791,305.483050,17
4792,306.309820,12
4793,305.351270,16
4794,306.474680,17
4795,306.362200,12
4796,305.571400,15
4797,305.339020,15
4798,306.275130,14
4799,306.172970,18
4800,305.767500,17
4801,305.206350,15
4802,305.139480,17
4803,305.914440,17
4804,305.557230,16
4805,305.887320,16
4806,306.581820,17
4807,304.919140,18
4808,305.586090,14
4809,305.499140,13
4810,305.040920,17
4811,305.151030,13
4812,305.291610,12
4813,305.710990,13
4814,304.459820,15
4815,305.402900,14
4816,303.749520,18
4817,304.816070,14
4818,304.292690,12
4819,305.911530,12
4820,305.914930,17
4821,305.029460,13
4822,305.680980,15
4823,304.843120,14
4824,305.338420,16
4825,305.153000,13
4826,304.808110,15
4827,305.534660,14
4828,305.295440,14
4829,305.558510,12
4830,305.062610,17
4831,306.225720,17
4832,305.159170,13
4833,305.400130,15
4834,305.110760,14
4835,305.500030,14
4836,305.372490,19
4837,305.193510,14
4838,304.736720,15
4839,304.418400,18
4840,305.263870,12
4841,305.894080,14
4842,305.854540,14
4843,305.481960,8
4844,305.471270,15
4845,306.256470,11
4846,305.389460,15
4847,305.863100,10
4848,304.936240,11
4849,305.818900,12
4850,305.599040,15
4851,305.398190,10
4852,304.737530,14
4853,305.344540,15
4854,304.918930,13
4855,304.962130,12
4856,305.626790,13
4857,305.019390,15
4858,305.429690,16
4859,304.874530,9
4860,305.285800,11
4861,304.138900,12
4862,305.410620,13
4863,305.249530,11
4864,304.201680,10
4865,304.586870,10
4866,304.586230,11
4867,304.573590,11
4868,304.215100,12
4869,304.951850,14
4870,305.458490,8
4871,305.247520,9
4872,304.969550,8
4873,304.800640,12
4874,305.102930,10
4875,305.692130,8
4876,305.196320,10
4877,305.623100,7
4878,305.082430,8
4879,305.543240,7
4880,304.795970,16
4881,304.834130,15
4882,304.714290,13
4883,305.217970,11
4884,304.140160,14
4885,305.267950,16
4886,305.791780,13
4887,304.228490,16
4888,304.949830,15
4889,305.815710,13
4890,306.095590,11
4891,306.132330,6
4892,306.121980,9
4893,306.189680,9
4894,305.718730,9
4895,305.649700,9
4896,305.642690,7
4897,306.239170,12
4898,305.807350,9
4899,306.376790,11
4900,306.256900,5
4901,305.777420,9
4902,306.496440,12
4903,305.927820,10
4904,306.262580,9
4905,306.080440,10
4906,306.369290,10
4907,306.013430,10
4908,306.563110,9
4909,305.946040,10
4910,306.064170,14
4911,305.479630,13
4912,305.626010,13
4913,305.981610,14
4914,306.558760,13
4915,305.967900,15
4916,305.590160,15
4917,305.676340,12
4918,306.527080,15
4919,305.794720,12
4920,305.697620,11
4921,306.582730,13
4922,306.171170,12
4923,305.835360,14
4924,305.856640,12
4925,306.534640,13
4926,306.344440,14
4927,305.981140,12
4928,306.198180,12
4929,306.340440,13
4930,306.400630,13
4931,306.881140,12
4932,305.851940,13
4933,306.745490,15
4934,306.690720,12
4935,306.483120,10
4936,305.834560,12
4937,306.658470,11
4938,306.545060,14
4939,306.917870,10
4940,306.944100,11
4941,306.247170,12
4942,306.561370,13
4943,306.165630,13
4944,306.416870,14
4945,307.137060,15
4946,307.222430,14
4947,307.554360,15
4948,306.462710,12
4949,307.579100,13
4950,307.273800,16
4951,306.127770,14
4952,306.820720,14
4953,306.603970,16
4954,306.232080,18
4955,307.061980,13
4956,306.728710,15
4957,306.998180,13
4958,306.704690,17
4959,306.522280,13
4960,306.566840,8
4961,306.724920,12
4962,306.987410,11
4963,306.033070,12
4964,305.826100,14
4965,306.474910,10
4966,307.222010,15
4967,305.523540,12
4968,306.327880,11
4969,306.748190,11
4970,305.871770,15
4971,306.870820,15
4972,306.126240,14
4973,305.936390,17
4974,306.283290,15
4975,306.541540,14
4976,305.841840,12
4977,306.330210,12
4978,306.551590,11
4979,306.286920,13
4980,305.811380,10
4981,305.636760,9
4982,306.436490,12
4983,305.933630,14
4984,306.979980,15
4985,306.475550,9
4986,306.134740,10
4987,305.773800,10
4988,305.756370,7
4989,306.134340,11
4990,305.458930,13
4991,305.847610,15
4992,306.574130,16
4993,306.334950,12
4994,306.040070,13
4995,305.133270,13
4996,306.406310,13
4997,305.567010,14
4998,306.008620,9
4999,305.625040,15
5000,306.402670,10
5001,306.229680,10
5002,305.571530,14
5003,305.399830,15
5004,306.084860,12
5005,305.320510,12
5006,305.746490,15
5007,305.738930,13
5008,306.131110,12
5009,305.477290,15
5010,305.998330,19
5011,306.242460,16
5012,305.926340,18
5013,306.751160,17
5014,305.962270,16
5015,305.632800,16
5016,305.755700,15
5017,305.314360,17
5018,305.221770,19
5019,306.742590,17
5020,305.733780,12
5021,306.389810,12
5022,307.141580,15
5023,305.970250,11
5024,306.274060,15
5025,306.461540,11
5026,306.548370,14
5027,306.586420,14
5028,306.270690,13
5029,306.018700,10
5030,307.012650,15
5031,306.378220,15
5032,306.438450,10
5033,306.601560,12
5034,307.049450,12
5035,307.047930,13
5036,306.777470,14
5037,306.335710,11
5038,307.124140,11
5039,306.375690,12
5040,306.864020,12
5041,306.636630,13
5042,307.062220,12
5043,306.947090,9
5044,307.036590,10
5045,306.931920,13
5046,306.997630,10
5047,306.884080,11
5048,306.852730,13
5049,307.009050,15
5050,308.020800,11
5051,307.558020,11
5052,307.422270,9
5053,307.568750,13
5054,307.422720,13
5055,307.119690,14
5056,307.182170,13
5057,307.463770,8
5058,307.545990,11
5059,308.240870,14
5060,307.961070,14
5061,306.895250,12
5062,306.751960,14
5063,307.547080,13
5064,308.139540,13
5065,308.291710,14
5066,307.748460,14
5067,308.112450,11
5068,307.932580,13
5069,307.492850,11
5070,307.615170,15
5071,307.307830,13
5072,307.934400,13
5073,307.733930,12
5074,306.803600,12
5075,306.667450,13
5076,308.027070,13
5077,307.597020,11
5078,307.529330,15
5079,307.171320,14
5080,306.980100,13
5081,306.479430,14
5082,306.532020,16
5083,307.016580,11
5084,306.682410,12
5085,306.797040,14
5086,306.748820,17
5087,307.283600,15
5088,307.335710,13
5089,306.623750,14
5090,305.518160,16
5091,306.466000,15
5092,307.173290,12
5093,306.517080,13
5094,305.794660,15
5095,306.994910,15
5096,306.963460,12
5097,306.248460,17
5098,305.989280,12
5099,306.156390,15
5100,306.348580,12
5101,306.515550,13
5102,306.368850,14
5103,306.254490,13
5104,307.002490,15
5105,306.126700,12
5106,306.491310,10
5107,307.071470,14
5108,305.936920,15
5109,306.457010,15
5110,306.510940,12
5111,306.388420,10
5112,306.042490,11
5113,306.907110,9
5114,307.278900,13
5115,306.901950,11
5116,306.362410,12
5117,306.020680,13
5118,306.593350,17
5119,306.229660,10
5120,306.623490,14
5121,306.749490,13
5122,306.551370,10
5123,306.968830,12
5124,306.288660,11
5125,306.583340,10
5126,306.852510,16
5127,306.925820,14
5128,306.470590,11
5129,306.325930,10
5130,306.751300,12
5131,305.739240,12
5132,306.456530,13
5133,306.009980,12
5134,306.302180,16
5135,305.945860,13
5136,306.034290,14
5137,305.961460,16
5138,306.716850,12
5139,306.933980,13
5140,307.155920,16
5141,306.477110,12
5142,307.029740,13
5143,306.230550,13
5144,306.384330,12
5145,306.918770,11
5146,306.782890,14
5147,306.094140,14
5148,306.018680,17
5149,306.738340,14
5150,307.223460,12
5151,306.807720,11
5152,306.427900,17
5153,306.731260,12
5154,306.046150,8
5155,307.396640,14
5156,306.703820,14
5157,307.400000,12
5158,306.560220,16
5159,307.171540,11
5160,306.715920,13
5161,306.182130,12
5162,305.696080,12
5163,306.216930,15
5164,305.939210,14
5165,306.129020,15
5166,305.976510,12
5167,306.146660,12
5168,307.321270,14
5169,306.461970,14
5170,306.680930,16
5171,306.184670,15
5172,307.094720,14
5173,306.822310,12
5174,306.415160,12
5175,305.842550,11
5176,306.936860,13
5177,306.323600,15
5178,306.573650,12
5179,306.742330,10
5180,306.742120,17
5181,306.071350,11
5182,305.546410,13
5183,306.920780,13
5184,306.515030,14
5185,305.991070,11
5186,306.846540,12
5187,306.698370,12
5188,306.835620,13
5189,305.963890,13
5190,306.963990,15
5191,306.581110,15
5192,307.213060,18
5193,307.248940,14
5194,307.176940,14
5195,305.909490,14
5196,306.492730,16
5197,307.285480,15
5198,306.370580,16
5199,306.799810,14
5200,306.799810,0
