step,price,volume
0,299.618600,15
1,299.750460,13
2,299.725630,13
3,300.601720,14
4,299.587960,15
5,300.030100,19
6,299.415840,15
7,299.250130,18
8,299.791870,13
9,299.630920,12
10,300.519570,14
11,300.011640,15
12,300.629350,13
13,299.637600,16
14,301.052000,15
15,300.481250,12
16,300.329090,14
17,300.900050,14
18,300.868850,15
19,300.226750,16
20,299.646240,14
21,300.110960,15
22,300.119370,16
23,299.990050,13
24,299.972880,14
25,300.918480,15
26,300.252650,11
27,299.239330,15
28,300.270670,12
29,299.807760,20
30,300.090330,14
31,300.410580,17
32,300.484170,14
33,300.264210,14
34,300.437010,14
35,299.728310,17
36,300.326380,12
37,300.228110,17
38,300.813720,16
39,299.988070,16
40,300.316460,16
41,300.395580,16
42,300.449130,14
43,300.205560,17
44,300.754360,17
45,300.657130,15
46,301.093770,16
47,300.824670,13
48,299.114910,17
49,300.126630,11
50,300.609510,11
51,300.591100,16
52,300.280950,15
53,300.769890,12
54,300.833530,13
55,300.498950,16
56,299.969800,15
57,300.689950,14
58,300.085630,14
59,300.699590,14
60,299.972120,13
61,299.915070,14
62,300.008340,10
63,300.542370,10
64,300.290460,11
65,300.723520,13
66,301.151320,18
67,300.846090,15
68,300.189390,9
69,300.373130,9
70,300.348880,13
71,300.215700,11
72,300.137540,9
73,300.444070,12
74,300.256710,15
75,300.085810,13
76,300.243910,12
77,300.356090,10
78,300.262620,10
79,301.129270,10
80,299.712050,14
81,299.865030,13
82,300.503370,12
83,300.291210,9
84,299.587550,13
85,300.321110,14
86,300.407080,13
87,299.836300,12
88,300.552420,10
89,300.134420,13
90,300.042510,13
91,299.454700,16
92,299.723840,14
93,299.308560,16
94,299.479310,11
95,299.195820,14
96,299.561310,11
97,300.152390,16
98,299.301660,12
99,298.983630,13
100,299.410040,18
101,299.688390,16
102,298.721270,16
103,299.564470,13
104,299.166260,15
105,299.534160,11
106,299.617210,14
107,298.257240,15
108,299.247250,18
109,299.119750,11
110,298.982670,15
111,298.511190,14
112,298.786830,15
113,298.603240,18
114,299.569570,14
115,299.250150,16
116,299.185120,12
117,299.442640,12
118,298.836300,14
119,298.999930,12
120,299.002480,7
121,298.511860,11
122,299.477260,10
123,298.617460,10
124,298.230730,12
125,298.891550,11
126,298.762980,7
127,298.706040,11
128,298.364230,13
129,298.756750,11
130,298.741180,13
131,298.132520,12
132,298.504860,10
133,298.744950,14
134,298.356670,10
135,298.216000,15
136,298.618950,10
137,298.356940,11
138,298.043150,10
139,298.677270,13
140,299.137200,13
141,299.648020,8
142,299.467870,6
143,299.818860,10
144,299.526560,9
145,299.724370,8
146,299.868950,8
147,299.040900,9
148,299.493640,12
149,299.291740,6
150,300.281540,16
151,299.800860,15
152,299.799890,14
153,299.512040,16
154,299.638600,16
155,300.085530,18
156,300.321990,17
157,300.646530,17
158,300.416390,17
159,300.458410,14
160,299.730900,12
161,299.896510,9
162,300.658940,10
163,299.872800,9
164,300.036460,10
165,300.333330,9
166,299.914150,12
167,299.685220,10
168,300.425350,8
169,300.540390,6
170,300.997950,15
171,300.311150,11
172,300.098450,8
173,299.398810,13
174,300.841720,11
175,300.524650,8
176,300.454060,12
177,300.551940,12
178,300.985730,10
179,300.124690,12
180,300.948820,16
181,300.555340,16
182,300.666680,11
183,300.781380,13
184,301.522710,17
185,300.260850,16
186,300.988380,17
187,300.901120,15
188,300.748280,15
189,300.522670,14
190,301.026660,13
191,300.548540,14
192,300.308940,14
193,300.135090,12
194,301.135700,12
195,300.649520,14
196,301.168970,14
197,300.130550,14
198,299.849950,11
199,300.290950,12
200,300.219070,13
201,300.898380,13
202,301.374930,12
203,300.858640,9
204,300.098580,16
205,300.770020,12
206,300.243620,13
207,299.796920,12
208,301.380230,14
209,300.852590,15
210,301.889350,15
211,300.683200,9
212,300.845160,14
213,300.856080,12
214,300.718070,13
215,300.219070,12
216,300.021360,12
217,300.759000,14
218,301.301820,13
219,300.672510,13
220,301.409470,16
221,299.695600,17
222,300.573450,14
223,300.763450,15
224,300.727310,15
225,300.594840,13
226,301.453210,13
227,300.423810,16
228,300.617480,14
229,300.960370,14
230,301.598450,14
231,301.390540,20
232,301.213660,12
233,301.152450,16
234,300.707890,14
235,302.012210,19
236,300.692110,18
237,301.516080,16
238,300.572580,18
239,301.460080,18
240,300.901590,15
241,300.535910,14
242,301.024060,13
243,301.488100,14
244,301.124410,11
245,301.520930,16
246,300.888980,12
247,301.419390,11
248,301.224540,10
249,300.174690,14
250,300.230430,16
251,300.371590,15
252,300.660440,17
253,301.988980,17
254,301.008520,18
255,301.350190,15
256,300.359080,13
257,301.109190,17
258,299.979600,16
259,301.454100,14
260,301.894100,7
261,301.389060,11
262,301.441050,10
263,301.461180,10
264,301.242790,14
265,301.679140,9
266,300.889510,11
267,301.200670,10
268,301.273430,7
269,301.377540,13
270,301.757560,18
271,301.408030,13
272,301.503360,14
273,300.942810,15
274,301.128990,15
275,301.509610,15
276,301.607730,13
277,301.364220,16
278,300.982190,14
279,301.788770,13
280,300.999080,16
281,300.449240,8
282,300.246600,10
283,300.418000,9
284,300.432380,10
285,300.400760,11
286,299.871560,13
287,300.206630,8
288,300.593490,11
289,300.690710,12
290,301.243830,11
291,300.776700,7
292,301.241900,8
293,301.062020,12
294,300.919290,8
295,301.138920,12
296,300.659220,15
297,300.393190,11
298,301.087540,11
299,300.783750,10
300,301.420080,13
301,300.186430,13
302,301.042730,11
303,301.257230,10
304,300.690260,11
305,301.102280,9
306,300.773350,11
307,300.930170,13
308,300.162680,16
309,301.300360,13
310,301.672140,16
311,300.813260,16
312,302.131720,13
313,300.092750,17
314,300.853500,16
315,301.738160,17
316,300.596300,18
317,301.200570,15
318,300.779180,17
319,300.357610,14
320,299.904520,11
321,300.827430,12
322,301.223740,14
323,300.775930,11
324,301.346630,15
325,300.105960,12
326,300.801450,13
327,300.356110,13
328,300.753840,8
329,300.609200,12
330,300.735210,13
331,300.625080,14
332,300.501880,14
333,301.437690,14
334,300.271390,15
335,300.424610,12
336,300.647520,14
337,300.405040,13
338,300.661760,14
339,300.725610,12
340,301.161830,13
341,300.776160,10
342,300.144370,15
343,300.592200,12
344,301.022180,12
345,300.570080,9
346,301.487440,15
347,300.649740,8
348,301.274610,13
349,300.745380,8
350,300.985410,13
351,301.292400,15
352,300.423530,17
353,300.439520,13
354,300.722510,13
355,301.204070,16
356,301.061930,16
357,300.326670,15
358,299.923960,14
359,300.660230,13
360,300.690830,10
361,301.132030,11
362,300.705140,11
363,300.511180,9
364,301.358890,9
365,300.629720,11
366,300.718810,11
367,300.520930,7
368,300.483650,13
369,300.341340,9
370,301.552080,18
371,301.160000,13
372,300.960400,13
373,300.660840,11
374,300.286920,13
375,299.990030,14
376,300.803070,13
377,300.313280,10
378,300.015730,14
379,299.521530,15
380,299.291160,12
381,299.808570,9
382,299.055760,7
383,299.592980,12
384,299.363600,12
385,300.136280,12
386,298.739020,12
387,299.590670,13
388,299.623580,12
389,299.141210,12
390,299.701910,11
391,298.979920,10
392,299.376640,8
393,299.311180,7
394,299.010790,15
395,299.437050,8
396,299.329150,10
397,299.817210,11
398,299.871500,9
399,298.951280,13
400,298.065270,13
401,298.371530,12
402,299.018940,14
403,298.527900,14
404,298.516860,13
405,299.235040,14
406,297.669110,13
407,298.971190,16
408,299.190690,16
409,298.507470,9
410,298.691650,10
411,297.973620,12
412,298.354710,7
413,298.075150,12
414,298.960250,10
415,298.086090,10
416,298.370540,12
417,297.979830,10
418,298.353880,12
419,298.356830,8
420,298.949170,13
421,298.892400,13
422,299.322990,11
423,298.467880,16
424,299.512880,15
425,299.438630,14
426,299.434320,13
427,299.319090,12
428,298.905270,13
429,299.471330,16
430,298.669790,9
431,298.620670,10
432,298.524590,13
433,298.794980,9
434,298.864990,10
435,299.100300,13
436,299.094770,7
437,299.138460,11
438,298.920850,14
439,298.793040,9
440,298.742500,6
441,298.327530,10
442,298.785840,6
443,298.848200,8
444,298.974320,12
445,298.993100,8
446,298.477400,8
447,298.429270,11
448,298.472900,10
449,298.139210,10
450,298.516130,15
451,299.279590,12
452,299.137910,17
453,298.693890,17
454,299.345010,17
455,298.663200,15
456,299.720890,16
457,299.093680,12
458,298.862190,16
459,298.464970,10
460,299.006560,10
461,299.263000,11
462,299.059970,13
463,298.073210,10
464,298.153370,12
465,299.214040,12
466,298.115890,14
467,299.257010,11
468,299.147540,14
469,297.789410,12
470,298.236470,13
471,298.464830,10
472,297.999370,12
473,297.557820,14
474,297.865590,9
475,297.753870,11
476,298.056650,13
477,298.219430,13
478,298.577580,12
479,297.763650,14
480,297.469580,14
481,297.645240,12
482,297.584190,13
483,297.459560,12
484,296.964830,14
485,297.194450,12
486,297.393460,12
487,297.926490,17
488,297.453230,14
489,297.565100,12
490,298.822510,14
491,297.943850,11
492,297.993330,11
493,298.437690,14
494,298.501260,17
495,298.644330,13
496,297.238750,15
497,297.955320,16
498,297.962570,13
499,298.714990,16
500,298.105280,13
501,298.619140,10
502,298.465770,17
503,298.814830,14
504,298.314600,16
505,298.485790,12
506,298.916560,12
507,298.764380,12
508,299.156140,13
509,299.046470,14
510,298.887390,10
511,298.623130,11
512,298.359600,10
513,298.675230,11
514,298.424010,12
515,298.745640,12
516,298.408030,11
517,298.366720,10
518,298.984380,9
519,298.982120,13
520,298.199330,12
521,299.155150,12
522,298.676860,14
523,298.911390,12
524,298.895830,11
525,298.184040,15
526,298.499700,15
527,298.109790,14
528,298.790900,14
529,298.430030,13
530,298.138120,15
531,298.041790,12
532,298.063720,13
533,298.000780,18
534,299.096660,16
535,298.138150,12
536,298.224690,12
537,298.418840,14
538,297.855660,13
539,298.201620,13
540,297.195930,19
541,297.932490,19
542,297.701080,15
543,298.549900,17
544,298.319510,16
545,298.739490,12
546,297.918660,19
547,297.790400,14
548,298.239750,15
549,298.427800,16
550,297.849870,15
551,298.382180,15
552,297.966750,12
553,297.525290,15
554,298.086730,13
555,298.160300,20
556,297.491680,13
557,298.038770,16
558,297.360210,14
559,298.338300,16
560,296.735260,14
561,298.012970,14
562,296.464120,10
563,296.849350,14
564,297.365190,13
565,297.058900,12
566,296.979620,11
567,296.832050,13
568,297.036850,13
569,297.327030,16
570,296.515800,11
571,297.044600,10
572,297.012780,11
573,297.401330,10
574,296.986290,12
575,296.988510,10
576,297.094820,12
577,296.758980,12
578,297.421510,14
579,296.968500,12
580,296.967070,9
581,296.894830,14
582,297.086220,12
583,296.813570,12
584,297.289230,15
585,297.138040,11
586,296.594710,15
587,296.906660,10
588,296.712540,13
589,296.506400,15
590,297.451530,11
591,296.951810,11
592,296.785210,8
593,297.017340,9
594,297.212820,10
595,296.405720,11
596,296.545910,8
597,297.289990,11
598,296.665650,9
599,297.304730,10
600,297.154340,11
601,298.030410,15
602,296.699080,13
603,297.479750,12
604,296.849950,11
605,297.743370,14
606,297.003590,12
607,296.454510,14
608,298.038220,13
609,296.894540,10
610,296.700920,11
611,296.459810,9
612,296.236350,12
613,296.914800,9
614,296.705740,12
615,296.397940,11
616,296.756280,14
617,296.952450,10
618,296.625930,12
619,296.439080,10
620,296.315690,15
621,296.194880,13
622,296.904320,12
623,297.110190,15
624,296.419580,15
625,296.298130,13
626,296.920570,17
627,297.127910,11
628,296.564470,17
629,296.295590,14
630,297.171290,13
631,296.852000,12
632,296.351980,15
633,297.247620,9
634,296.006440,16
635,296.258060,12
636,296.458200,12
637,296.491800,14
638,296.048100,14
639,296.013710,14
640,296.621850,13
641,296.046100,13
642,295.319640,13
643,295.288950,17
644,295.410510,16
645,296.729430,13
646,296.618890,11
647,295.564540,16
648,296.342100,15
649,295.262910,15
650,295.986220,13
651,296.142870,10
652,295.459040,12
653,295.962520,13
654,296.254000,10
655,296.178280,13
656,296.019170,12
657,295.505840,13
658,296.271590,16
659,296.473930,12
660,296.140200,13
661,295.494820,13
662,297.181160,16
663,296.169790,15
664,296.784650,9
665,295.715340,17
666,296.148800,12
667,296.263540,14
668,297.078840,11
669,296.617950,7
670,296.330380,17
671,296.328090,15
672,295.695920,14
673,296.153740,9
674,296.572360,9
675,296.041830,9
676,295.876610,14
677,296.192910,12
678,295.745880,10
679,296.679210,12
680,295.437400,15
681,294.909740,13
682,295.869550,9
683,296.088050,16
684,295.117180,14
685,295.182600,13
686,295.940130,10
687,295.722620,14
688,295.735800,9
689,295.919290,11
690,295.370850,13
691,296.436760,12
692,295.608560,13
693,295.245360,14
694,295.484660,13
695,296.059240,10
696,295.550020,14
697,295.964600,12
698,295.881700,11
699,295.787440,11
700,295.276800,12
701,295.154900,15
702,295.428640,11
703,295.898420,17
704,295.989430,12
705,295.129970,13
706,295.387940,12
707,295.245250,16
708,295.770440,13
709,295.752880,12
710,295.359690,14
711,296.594750,14
712,295.331250,15
713,295.800020,13
714,295.410490,16
715,295.884100,14
716,296.144710,16
717,295.974180,17
718,294.701830,15
719,295.888670,15
720,295.070850,9
721,295.327110,10
722,295.086830,11
723,295.140860,12
724,294.981050,13
725,294.725680,14
726,295.477760,14
727,295.628990,11
728,295.012130,10
729,295.593160,14
730,294.816430,14
731,294.451610,13
732,295.179160,14
733,295.294050,12
734,294.946890,12
735,295.019280,10
736,294.434180,13
737,294.835990,14
738,294.624190,12
739,295.222220,13
740,293.952040,14
741,294.812620,11
742,295.166540,12
743,295.215260,13
744,294.869220,13
745,295.589810,16
746,294.747350,11
747,294.888470,14
748,294.072760,14
749,295.148440,14
750,295.124530,12
751,295.050070,14
752,294.639290,13
753,294.863470,10
754,294.893030,13
755,294.576010,13
756,294.530690,10
757,294.409420,13
758,295.191950,9
759,294.495540,12
760,294.625550,12
761,294.538960,12
762,294.982520,12
763,295.166280,10
764,295.926910,11
765,295.119560,14
766,294.918810,13
767,294.835760,13
768,294.994880,11
769,294.526000,14
770,294.752130,10
771,294.931990,13
772,294.959390,11
773,295.464630,15
774,294.983550,11
775,294.549610,9
776,295.255830,16
777,293.677470,14
778,294.988830,13
779,294.452100,9
780,293.834150,13
781,294.897090,13
782,293.892540,15
783,294.785840,17
784,293.437940,11
785,293.623570,15
786,293.359090,16
787,294.169410,15
788,294.140230,14
789,294.598000,15
790,292.902610,13
791,293.345220,14
792,293.415740,15
793,293.654940,12
794,292.923220,12
795,293.796410,12
796,293.423830,13
797,292.986110,14
798,294.047950,12
799,293.847580,14
800,294.010820,11
801,294.062450,11
802,294.053650,13
803,294.012350,11
804,294.349900,15
805,294.322470,15
806,293.743980,13
807,294.226550,13
808,293.508710,14
809,293.472680,11
810,294.803030,14
811,293.935020,15
812,293.346790,11
813,294.220420,14
814,294.347260,10
815,293.949580,15
816,294.328170,13
817,294.008270,9
818,293.563210,13
819,293.554400,12
820,294.638260,15
821,294.141070,15
822,294.497000,12
823,293.294920,15
824,293.509570,13
825,294.216960,13
826,293.251730,13
827,294.081720,16
828,294.147900,12
829,294.326030,12
830,294.135460,7
831,293.530720,10
832,293.899880,8
833,293.714650,7
834,293.818590,10
835,294.441190,9
836,294.125790,7
837,294.313510,12
838,293.823580,12
839,294.114590,8
840,294.174880,10
841,293.429570,14
842,294.135750,10
843,294.273630,11
844,294.306400,14
845,294.392380,15
846,294.284100,15
847,294.325170,11
848,294.171340,14
849,294.416630,14
850,294.595510,18
851,294.565010,13
852,294.356120,17
853,293.911780,19
854,294.693910,14
855,294.411740,16
856,294.680080,14
857,294.207040,14
858,293.992770,17
859,294.055250,18
860,294.955140,14
861,295.757570,15
862,294.389580,16
863,295.450160,14
864,295.078080,13
865,294.557770,16
866,294.774520,11
867,294.957480,15
868,294.932230,15
869,294.690730,12
870,294.599430,11
871,294.478280,12
872,294.006340,13
873,294.335940,15
874,294.765420,12
875,294.514370,13
876,294.786930,9
877,295.254910,13
878,293.915880,15
879,294.995610,14
880,295.153520,15
881,294.731440,13
882,295.416420,14
883,295.506350,14
884,295.453270,16
885,295.533870,17
886,294.831500,15
887,295.618130,13
888,295.082770,14
889,295.099510,18
890,295.022740,10
891,295.242310,13
892,295.561010,11
893,296.012800,11
894,295.778880,13
895,294.985450,13
896,296.008290,12
897,295.954570,13
898,295.226350,14
899,295.096090,15
900,295.609010,11
901,295.627300,11
902,295.130970,14
903,295.115590,14
904,295.385120,11
905,296.300350,15
906,295.589960,11
907,295.625230,12
908,295.957710,12
909,295.821010,9
910,295.519090,16
911,296.552860,10
912,296.739300,11
913,296.033780,15
914,297.225020,13
915,295.360700,13
916,295.639120,11
917,296.415330,9
918,296.454610,11
919,296.632630,14
920,296.965870,14
921,295.886020,14
922,296.550250,16
923,296.961440,15
924,296.926210,14
925,296.196740,15
926,297.077080,18
927,296.792950,15
928,296.062050,15
929,296.018160,13
930,296.280340,15
931,295.425100,13
932,295.623640,15
933,295.519320,12
934,295.824890,10
935,295.644270,16
936,296.382680,13
937,296.232460,14
938,296.224100,13
939,296.288230,12
940,295.984860,9
941,295.946530,7
942,294.984190,12
943,296.683550,11
944,296.056080,13
945,295.415180,10
946,296.481000,14
947,295.280050,11
948,296.689540,12
949,296.012620,11
950,296.524020,14
951,296.060010,13
952,295.668980,13
953,297.039820,18
954,295.362240,9
955,296.953170,15
956,295.790430,15
957,296.554590,14
958,296.544730,15
959,296.009200,15
960,295.235440,10
961,295.753820,8
962,296.073290,13
963,296.309110,11
964,295.418450,13
965,295.726050,10
966,295.421510,10
967,295.694010,9
968,296.223170,11
969,296.206040,10
970,295.881870,16
971,295.721430,16
972,296.272720,13
973,295.982180,16
974,296.317700,15
975,296.161120,20
976,296.932310,13
977,296.661260,17
978,296.112120,18
979,297.092370,15
980,297.321390,13
981,296.472890,13
982,296.384750,20
983,296.783930,15
984,297.773500,20
985,297.835250,13
986,297.594440,16
987,296.805450,12
988,296.551820,15
989,297.221010,18
990,296.989730,12
991,297.025240,12
992,297.319220,13
993,296.773980,13
994,297.488530,12
995,297.346250,11
996,297.671940,13
997,296.963410,13
998,297.661500,13
999,297.002400,12
1000,296.673760,8
1001,296.726260,15
1002,297.045240,13
1003,297.902880,13
1004,297.499210,15
1005,297.142470,13
1006,297.616790,15
1007,296.835210,13
1008,296.636330,16
1009,296.662400,14
1010,296.095830,15
1011,297.093680,14
1012,297.429900,18
1013,297.029280,14
1014,296.609390,15
1015,296.100400,17
1016,296.533760,14
1017,296.455370,17
1018,296.847520,12
1019,296.767330,18
1020,296.763650,17
1021,297.872560,18
1022,297.286980,15
1023,296.303400,15
1024,297.895860,16
1025,297.319150,14
1026,297.157070,12
1027,297.921110,16
1028,297.442410,12
1029,297.038620,17
1030,297.834350,6
1031,297.914720,8
1032,298.289080,8
1033,297.624930,9
1034,298.160100,10
1035,297.960410,7
1036,297.993330,8
1037,298.482900,10
1038,297.822080,11
1039,297.215090,9
1040,297.376780,16
1041,297.023660,15
1042,296.852910,15
1043,296.850840,13
1044,297.141500,14
1045,297.370050,11
1046,297.931050,11
1047,296.760970,16
1048,298.108750,16
1049,297.835590,15
1050,296.827050,13
1051,297.719370,12
1052,297.705270,13
1053,296.905150,11
1054,297.379370,12
1055,297.496030,11
1056,297.219100,16
1057,296.985360,15
1058,297.151250,11
1059,297.286500,14
1060,296.592910,12
1061,296.055860,12
1062,295.862960,13
1063,296.739940,12
1064,296.802960,15
1065,296.727610,12
1066,295.970320,13
1067,296.476860,13
1068,296.769700,13
1069,296.173650,12
1070,296.008270,11
1071,296.947690,15
1072,296.337180,8
1073,296.356020,10
1074,296.039150,11
1075,295.920270,12
1076,295.573290,12
1077,296.472710,10
1078,295.779050,12
1079,296.006330,14
1080,296.203790,16
1081,296.912080,13
1082,296.314950,11
1083,296.441770,10
1084,296.510570,13
1085,296.760700,14
1086,296.271920,11
1087,295.572090,15
1088,296.257800,14
1089,295.899490,12
1090,295.656750,12
1091,295.682720,11
1092,295.670740,10
1093,295.961200,14
1094,295.731960,11
1095,295.793500,12
1096,295.601860,14
1097,295.526150,13
1098,295.755440,11
1099,295.364750,11
1100,295.153420,13
1101,294.677550,11
1102,294.986990,16
1103,295.466680,7
1104,295.713690,13
1105,295.094730,10
1106,295.407410,15
1107,295.804520,11
1108,295.312360,10
1109,294.771030,9
1110,295.855400,11
1111,295.382000,12
1112,295.325320,13
1113,296.090880,15
1114,295.311670,10
1115,296.211860,15
1116,295.473070,13
1117,295.987940,13
1118,295.935420,15
1119,295.641110,14
1120,296.494390,18
1121,295.488900,12
1122,296.205170,16
1123,295.302620,16
1124,295.457790,16
1125,295.652640,14
1126,295.986960,16
1127,296.302320,13
1128,296.547420,19
1129,296.429640,16
1130,295.593460,11
1131,294.952190,11
1132,295.110350,14
1133,295.698790,12
1134,295.664380,13
1135,294.862760,15
1136,295.431340,11
1137,294.827560,17
1138,295.780050,11
1139,295.374620,13
1140,295.224470,12
1141,296.147940,14
1142,295.364230,12
1143,295.535250,12
1144,295.430390,13
1145,295.479980,13
1146,295.950300,12
1147,295.446390,10
1148,295.493630,12
1149,294.924550,13
1150,295.684810,17
1151,294.706460,14
1152,295.434070,15
1153,294.907150,14
1154,295.489240,16
1155,296.604710,19
1156,294.421500,14
1157,295.525410,14
1158,295.612180,14
1159,295.845360,14
1160,295.624480,14
1161,295.574190,10
1162,295.520830,11
1163,295.159240,11
1164,294.601520,12
1165,295.420870,12
1166,295.104990,18
1167,295.723840,14
1168,294.909320,13
1169,294.839210,15
1170,295.724980,10
1171,295.901790,11
1172,295.928810,8
1173,295.697060,11
1174,295.597630,12
1175,295.596790,12
1176,295.735660,13
1177,295.956200,11
1178,295.729950,9
1179,295.859960,14
1180,295.871210,10
1181,295.396930,11
1182,295.723000,12
1183,295.905060,11
1184,295.457550,9
1185,295.762660,15
1186,295.969330,13
1187,295.915300,11
1188,295.967240,13
1189,295.461180,13
1190,295.101620,14
1191,294.978050,12
1192,295.394730,11
1193,295.543250,13
1194,295.619990,13
1195,295.033710,13
1196,296.004590,12
1197,295.967690,12
1198,295.266260,15
1199,295.824680,14
1200,294.787360,15
1201,295.804540,15
1202,295.317550,14
1203,295.785320,16
1204,295.795060,8
1205,295.437720,19
1206,295.031730,13
1207,295.488970,9
1208,294.968690,12
1209,295.027130,15
1210,295.048600,14
1211,295.415130,12
1212,295.127060,14
1213,294.937400,10
1214,295.406660,12
1215,295.543990,15
1216,295.649680,12
1217,294.704810,14
1218,294.653940,17
1219,294.625210,12
1220,295.220050,11
1221,295.474870,16
1222,294.317260,16
1223,295.648170,16
1224,294.624860,11
1225,294.563660,15
1226,294.495840,15
1227,294.788780,16
1228,294.947080,12
1229,295.160620,15
1230,295.856090,9
1231,295.148700,8
1232,295.731090,13
1233,295.439940,8
1234,295.220220,11
1235,294.789790,10
1236,295.227510,9
1237,295.423290,15
1238,295.957470,14
1239,295.006980,10
1240,294.279960,19
1241,295.318410,17
1242,295.285420,14
1243,295.848210,16
1244,294.744270,13
1245,294.929590,12
1246,294.625560,13
1247,294.725230,13
1248,294.539690,15
1249,295.195240,14
1250,295.258040,9
1251,295.495620,12
1252,294.823980,12
1253,295.066730,9
1254,295.261100,10
1255,294.877800,10
1256,295.163430,7
1257,295.552090,10
1258,295.472340,10
1259,295.311040,9
1260,294.592230,12
1261,294.767140,11
1262,294.919410,12
1263,294.871990,12
1264,295.471470,11
1265,295.261160,14
1266,295.520500,13
1267,294.903300,14
1268,294.968720,10
1269,294.964270,12
1270,295.147320,9
1271,294.890170,11
1272,294.616930,6
1273,295.093520,11
1274,295.017950,9
1275,294.975620,9
1276,294.779610,10
1277,295.187320,10
1278,294.322060,12
1279,295.013310,9
1280,295.445320,14
1281,295.536490,19
1282,295.765870,12
1283,294.979380,16
1284,295.155590,14
1285,295.449230,14
1286,295.621120,13
1287,294.795530,14
1288,294.769000,16
1289,296.372670,17
1290,296.138520,13
1291,295.962900,13
1292,295.665600,12
1293,296.315560,12
1294,295.092700,9
1295,294.943650,14
1296,295.043260,12
1297,295.578110,13
1298,295.462970,12
1299,295.299850,13
1300,295.356010,12
1301,295.558700,15
1302,295.425740,12
1303,295.147420,13
1304,295.457150,10
1305,295.553100,15
1306,295.139800,14
1307,295.336960,12
1308,295.751520,10
1309,295.013340,13
1310,295.126730,12
1311,295.417150,11
1312,295.385760,9
1313,295.211580,11
1314,295.020640,10
1315,294.995630,14
1316,295.183520,9
1317,294.994580,7
1318,295.177220,11
1319,295.417460,13
1320,294.894680,13
1321,294.784610,13
1322,295.296080,14
1323,295.120330,13
1324,294.537360,12
1325,295.178360,14
1326,295.249720,14
1327,294.663640,11
1328,294.905300,13
1329,294.573080,14
1330,294.552450,14
1331,294.575160,12
1332,294.713770,15
1333,295.317710,19
1334,294.429770,17
1335,294.046260,14
1336,294.589370,17
1337,295.284590,17
1338,294.402070,12
1339,294.841600,16
1340,293.481870,13
1341,294.206580,11
1342,294.125940,13
1343,294.150590,11
1344,294.282270,12
1345,294.165350,13
1346,293.098320,13
1347,293.623070,11
1348,292.877340,14
1349,293.533870,14
1350,293.589370,13
1351,294.352540,14
1352,293.294040,16
1353,293.643270,15
1354,293.312760,17
1355,294.312620,15
1356,293.488230,14
1357,293.880790,17
1358,293.350500,13
1359,294.272270,17
1360,294.082630,10
1361,294.107070,14
1362,294.154450,12
1363,294.504880,9
1364,294.595260,17
1365,293.593080,10
1366,293.355610,11
1367,294.391900,12
1368,294.765960,14
1369,294.000650,11
1370,294.069340,15
1371,293.209940,11
1372,293.420610,10
1373,294.325710,11
1374,293.944730,12
1375,293.927750,12
1376,293.910710,12
1377,294.092940,11
1378,293.652600,13
1379,293.224710,11
1380,294.191060,15
1381,293.767970,12
1382,294.279890,16
1383,294.127300,13
1384,294.253770,15
1385,293.905390,14
1386,294.800730,15
1387,293.952090,12
1388,294.387690,14
1389,294.804390,15
1390,294.556620,8
1391,294.463580,10
1392,295.159680,8
1393,295.112100,12
1394,295.041550,12
1395,294.952940,10
1396,294.247310,10
1397,295.396880,9
1398,294.533540,14
1399,294.505020,12
1400,294.415030,15
1401,293.843730,12
1402,294.020480,12
1403,293.868270,9
1404,293.836490,10
1405,294.224270,11
1406,294.402700,13
1407,293.186270,15
1408,294.068080,11
1409,293.900130,11
1410,294.601040,15
1411,293.548760,15
1412,293.687010,13
1413,294.478510,15
1414,293.929820,16
1415,294.362730,15
1416,293.933890,15
1417,293.521760,14
1418,293.991630,15
1419,294.022490,16
1420,294.763760,8
1421,293.918540,8
1422,294.426000,7
1423,294.258320,9
1424,294.416580,7
1425,294.280960,11
1426,294.428010,9
1427,294.261120,5
1428,294.931340,11
1429,294.825850,12
1430,294.380540,14
1431,294.057890,15
1432,294.465040,14
1433,294.009710,14
1434,294.500430,17
1435,294.772710,16
1436,294.678760,12
1437,294.097310,13
1438,293.664180,18
1439,293.527460,14
1440,294.610270,16
1441,293.506480,15
1442,294.448000,15
1443,294.161380,10
1444,294.000820,16
1445,294.574520,15
1446,294.294660,14
1447,293.987450,13
1448,294.713670,12
1449,294.406390,12
1450,294.190000,12
1451,293.421470,15
1452,294.314910,9
1453,294.783060,16
1454,294.168560,12
1455,293.937300,12
1456,294.403500,14
1457,294.585640,14
1458,294.348770,12
1459,294.440250,13
1460,293.688310,14
1461,293.440940,13
1462,294.907140,13
1463,294.210670,10
1464,293.477090,11
1465,294.185420,11
1466,294.434380,13
1467,294.093120,9
1468,293.343620,15
1469,294.281080,9
1470,294.524770,11
1471,293.780010,14
1472,294.223620,13
1473,293.729210,13
1474,294.285470,11
1475,294.440820,10
1476,294.004680,10
1477,294.876740,14
1478,293.885710,16
1479,293.799250,13
1480,293.710470,16
1481,294.668620,15
1482,294.371540,13
1483,294.349200,14
1484,294.418780,15
1485,294.405240,18
1486,293.567470,15
1487,293.819560,18
1488,294.637960,15
1489,294.591580,15
1490,295.997790,16
1491,295.643390,15
1492,296.034180,17
1493,296.347060,15
1494,295.604550,13
1495,295.325500,13
1496,295.308010,18
1497,295.409720,13
1498,295.768240,14
1499,295.444910,16
1500,294.984880,14
1501,295.256000,14
1502,295.426880,15
1503,295.099440,13
1504,294.747240,17
1505,295.625330,16
1506,295.683510,14
1507,295.160270,15
1508,295.433650,15
1509,294.878760,17
1510,295.565680,9
1511,295.042310,15
1512,295.580050,10
1513,295.158570,9
1514,295.019230,12
1515,295.838110,10
1516,294.859890,11
1517,294.266630,10
1518,295.746470,11
1519,295.094630,11
1520,294.976670,11
1521,295.982660,11
1522,295.480100,10
1523,295.724350,12
1524,295.678030,13
1525,295.548340,12
1526,295.545440,12
1527,294.975290,10
1528,295.542750,11
1529,295.519430,13
1530,295.513850,16
1531,295.893140,13
1532,295.293270,11
1533,295.836680,13
1534,295.229270,11
1535,294.967990,16
1536,294.966250,15
1537,295.741250,13
1538,295.755450,12
1539,295.989080,16
1540,295.068070,15
1541,295.226010,11
1542,294.862200,14
1543,294.527860,12
1544,295.169430,15
1545,294.945370,10
1546,295.309590,11
1547,295.668580,15
1548,295.607660,10
1549,295.160270,13
1550,295.392220,17
1551,294.911340,10
1552,295.020720,13
1553,295.324400,13
1554,294.567400,13
1555,294.598440,13
1556,294.588440,11
1557,295.193210,14
1558,295.118680,12
1559,295.017690,14
1560,296.019560,14
1561,295.707580,14
1562,295.298330,11
1563,296.141480,15
1564,295.782700,12
1565,295.947490,12
1566,295.457320,8
1567,295.790280,10
1568,295.334360,17
1569,295.745510,14
1570,295.937350,14
1571,295.715800,13
1572,295.284790,15
1573,295.216400,12
1574,295.870950,13
1575,295.859960,15
1576,295.597000,12
1577,296.012280,13
1578,295.386000,13
1579,295.650860,17
1580,295.884180,11
1581,295.797840,11
1582,295.664460,15
1583,295.743040,12
1584,295.535560,9
1585,295.507420,12
1586,295.159800,13
1587,295.015560,10
1588,295.546000,12
1589,295.652230,13
1590,296.260240,9
1591,296.019760,10
1592,295.546110,9
1593,295.883340,11
1594,295.785330,10
1595,295.454770,13
1596,295.562010,12
1597,295.671440,11
1598,295.373570,11
1599,295.665850,13
1600,295.711820,10
1601,295.544080,11
1602,296.624180,11
1603,295.560830,8
1604,295.466920,12
1605,296.086070,8
1606,296.375310,12
1607,296.156380,15
1608,295.723340,11
1609,295.419450,13
1610,296.236790,15
1611,295.926270,12
1612,296.010900,13
1613,295.855560,14
1614,295.893130,10
1615,296.346680,16
1616,295.647340,11
1617,295.915390,15
1618,295.905130,12
1619,296.525690,11
1620,295.748730,10
1621,295.679050,9
1622,296.003900,12
1623,295.806300,12
1624,295.749330,8
1625,295.955520,13
1626,296.082900,10
1627,296.124370,11
1628,295.382300,11
1629,296.379650,9
1630,295.280240,12
1631,295.415790,12
1632,295.663440,14
1633,295.038990,12
1634,295.735000,11
1635,294.919030,11
1636,295.200090,12
1637,296.110920,10
1638,294.689750,12
1639,295.110590,10
1640,295.308420,12
1641,295.360440,17
1642,295.652310,14
1643,294.987690,15
1644,295.178700,14
1645,294.918540,11
1646,294.955640,11
1647,294.744920,11
1648,294.442510,14
1649,294.789160,10
1650,295.273340,13
1651,294.627830,16
1652,294.776640,16
1653,295.006870,12
1654,295.080430,10
1655,294.666220,16
1656,294.815920,13
1657,295.114120,16
1658,295.247060,14
1659,294.641620,11
1660,295.346080,16
1661,295.793290,22
1662,295.095070,16
1663,295.012920,14
1664,294.921830,16
1665,294.124180,20
1666,294.069340,18
1667,294.658690,20
1668,294.366410,16
1669,294.004040,18
1670,295.216460,11
1671,293.842040,12
1672,294.560610,14
1673,294.367830,12
1674,294.155660,12
1675,294.466290,13
1676,294.945520,12
1677,294.594490,10
1678,294.466840,13
1679,293.994950,13
1680,294.648310,10
1681,294.137380,11
1682,293.993270,11
1683,294.324300,12
1684,294.366280,11
1685,294.752260,12
1686,294.730660,10
1687,294.850530,14
1688,294.485000,9
1689,294.468600,13
1690,294.785640,18
1691,294.777130,18
1692,293.929190,19
1693,294.460650,16
1694,294.565560,20
1695,294.218060,15
1696,294.250620,20
1697,295.081650,18
1698,295.026680,19
1699,294.643460,15
1700,295.083390,16
1701,295.328010,17
1702,294.789550,13
1703,295.428640,13
1704,295.000710,15
1705,294.477850,14
1706,294.846570,14
1707,295.261380,12
1708,294.261260,13
1709,295.028730,13
1710,295.170620,11
1711,295.687830,15
1712,294.238490,15
1713,294.536340,12
1714,294.372200,13
1715,294.170160,14
1716,294.189780,13
1717,295.018930,13
1718,294.773550,14
1719,295.261930,13
1720,294.993340,17
1721,295.520670,15
1722,294.969570,12
1723,295.798900,15
1724,295.283900,15
1725,295.536470,13
1726,295.509700,13
1727,295.670740,18
1728,295.330060,16
1729,295.568310,16
1730,295.734190,19
1731,295.961190,14
1732,295.200850,17
1733,296.267920,15
1734,296.146620,15
1735,295.071240,13
1736,295.900090,13
1737,295.967060,13
1738,295.333420,18
1739,295.439350,18
1740,295.940820,15
1741,296.009470,14
1742,295.766830,11
1743,295.640630,14
1744,296.118490,16
1745,295.680170,16
1746,295.274830,13
1747,295.486660,15
1748,294.755360,17
1749,295.717130,13
1750,294.914760,11
1751,295.298250,15
1752,294.874200,12
1753,294.974200,13
1754,295.455910,13
1755,295.087320,12
1756,295.649240,13
1757,294.738000,12
1758,294.605690,13
1759,295.867210,11
1760,295.579900,12
1761,296.278680,9
1762,295.690610,8
1763,296.184170,9
1764,295.532890,12
1765,295.037880,11
1766,296.295540,12
1767,295.754300,8
1768,295.722880,13
1769,296.600020,14
1770,296.123050,11
1771,296.018060,13
1772,296.134670,17
1773,295.895140,13
1774,296.531860,11
1775,295.344280,15
1776,296.415180,14
1777,296.677330,16
1778,295.923080,14
1779,296.775250,12
1780,296.437420,11
1781,296.369040,10
1782,295.812230,9
1783,296.051030,10
1784,296.325270,8
1785,296.137300,12
1786,295.973470,9
1787,296.320840,12
1788,296.644150,11
1789,296.067320,11
1790,296.496490,10
1791,296.655650,13
1792,296.266970,9
1793,296.969260,10
1794,296.778070,13
1795,296.644730,10
1796,296.450680,15
1797,297.178400,10
1798,296.647670,13
1799,297.055510,9
1800,297.797920,12
1801,297.505920,11
1802,297.491240,10
1803,297.023150,12
1804,297.745570,13
1805,296.980420,10
1806,296.985470,14
1807,297.106780,9
1808,297.668240,13
1809,297.096800,9
1810,297.078390,17
1811,296.802630,15
1812,297.233400,16
1813,296.552420,16
1814,297.608330,13
1815,298.061310,16
1816,296.185110,16
1817,297.562860,16
1818,297.070410,12
1819,298.062910,18
1820,295.657170,11
1821,296.959890,14
1822,296.066850,9
1823,295.312930,13
1824,295.583480,13
1825,295.438700,12
1826,296.212160,9
1827,295.746660,14
1828,295.689990,10
1829,296.240300,12
1830,295.488400,9
1831,295.454380,10
1832,295.528700,12
1833,296.099120,8
1834,295.477680,11
1835,295.775600,10
1836,295.344350,14
1837,295.847320,10
1838,296.037290,12
1839,296.004110,14
1840,296.303780,15
1841,296.073730,16
1842,296.799550,13
1843,297.027500,14
1844,295.769890,13
1845,295.973180,11
1846,296.902320,13
1847,295.790720,12
1848,295.922030,13
1849,296.884910,13
1850,296.509870,17
1851,296.816150,12
1852,296.300170,18
1853,295.907840,17
1854,297.682910,16
1855,297.543620,17
1856,297.197990,14
1857,297.833100,19
1858,297.606590,17
1859,297.524040,20
1860,297.878830,10
1861,298.149420,12
1862,297.794220,9
1863,298.052250,13
1864,298.463550,7
1865,296.982100,16
1866,297.945750,13
1867,298.300340,12
1868,298.304210,12
1869,298.160360,11
1870,297.357010,11
1871,298.315420,13
1872,297.347620,10
1873,297.488810,11
1874,297.931110,12
1875,297.313040,13
1876,298.177300,14
1877,297.319310,13
1878,297.243300,12
1879,297.402140,14
1880,297.393630,12
1881,297.513770,13
1882,297.153370,13
1883,297.376640,12
1884,296.739340,16
1885,297.680720,12
1886,297.587970,14
1887,297.215150,13
1888,297.842530,13
1889,297.793080,15
1890,297.072590,9
1891,297.334810,12
1892,297.251800,10
1893,296.242220,11
1894,296.911370,9
1895,297.078010,13
1896,296.948410,11
1897,297.352770,8
1898,296.498740,10
1899,296.741980,14
1900,296.847870,9
1901,296.909830,10
1902,296.975680,13
1903,297.259100,15
1904,297.025370,9
1905,296.657370,9
1906,296.921740,13
1907,295.835810,13
1908,296.491870,13
1909,296.358750,12
1910,296.962890,12
1911,296.644960,13
1912,295.968730,13
1913,296.031870,13
1914,296.407990,13
1915,296.447720,12
1916,296.095530,11
1917,296.706910,16
1918,296.902900,11
1919,296.851670,13
1920,295.824490,13
1921,297.157720,15
1922,296.660790,16
1923,296.015240,11
1924,296.495850,13
1925,296.790240,12
1926,296.403180,16
1927,296.611120,14
1928,296.431010,18
1929,296.791860,13
1930,296.591330,9
1931,296.729550,13
1932,296.986010,8
1933,296.830650,10
1934,296.198460,13
1935,296.721570,8
1936,297.276670,12
1937,297.053730,10
1938,296.808450,13
1939,296.428060,8
1940,296.563820,14
1941,296.788820,14
1942,297.365470,15
1943,296.538650,13
1944,297.496660,15
1945,297.587100,14
1946,297.522490,10
1947,296.986560,11
1948,296.604530,15
1949,296.385280,12
1950,296.779440,13
1951,296.540980,14
1952,296.952880,13
1953,296.831710,12
1954,297.449440,13
1955,297.316150,12
1956,297.586800,14
1957,296.625910,10
1958,296.833520,14
1959,296.871950,13
1960,296.466980,13
1961,296.634740,9
1962,296.856410,12
1963,297.054510,11
1964,297.103680,12
1965,297.211970,7
1966,297.432770,13
1967,297.355900,9
1968,297.125380,9
1969,296.569080,12
1970,297.258130,12
1971,295.841260,17
1972,296.719120,13
1973,296.287280,17
1974,297.285050,15
1975,297.574230,18
1976,297.072500,16
1977,296.567750,17
1978,297.751670,16
1979,295.909290,15
1980,297.252880,13
1981,296.652080,12
1982,296.322890,12
1983,296.761920,13
1984,296.630470,12
1985,296.590740,9
1986,296.522840,13
1987,296.681390,12
1988,296.397130,12
1989,296.837100,10
1990,298.107350,15
1991,296.717690,15
1992,296.629050,12
1993,296.875070,11
1994,296.895680,14
1995,296.634680,11
1996,297.700040,13
1997,297.119820,15
1998,298.122180,13
1999,297.798620,13
2000,297.612910,14
2001,297.920300,13
2002,297.104180,16
2003,297.737460,14
2004,298.256760,14
2005,297.751350,13
2006,296.816310,14
2007,298.071420,15
2008,297.411360,14
2009,297.533670,17
2010,298.339760,14
2011,298.813750,11
2012,297.610160,13
2013,297.909310,13
2014,298.274140,16
2015,298.493250,12
2016,298.274510,14
2017,297.777260,14
2018,297.906500,15
2019,297.619480,14
2020,298.423150,14
2021,298.793820,15
2022,297.790850,11
2023,298.038050,11
2024,298.212930,14
2025,297.916440,10
2026,298.715970,12
2027,298.566330,9
2028,297.643810,10
2029,298.196030,14
2030,298.029200,15
2031,299.393090,17
2032,298.606820,15
2033,297.439920,13
2034,299.102640,15
2035,299.067700,15
2036,298.811840,15
2037,298.226960,17
2038,298.850860,14
2039,299.026170,18
2040,299.633410,11
2041,298.896160,14
2042,298.797030,12
2043,299.915650,11
2044,298.895900,9
2045,299.403030,12
2046,299.698980,14
2047,298.920780,13
2048,298.873760,12
2049,299.111800,14
2050,299.455300,12
2051,299.818310,13
2052,299.054600,12
2053,300.009650,12
2054,299.252880,9
2055,299.461390,10
2056,299.243440,13
2057,299.558290,12
2058,299.318750,15
2059,299.936120,15
2060,299.741610,15
2061,300.332750,8
2062,300.362150,10
2063,299.374050,10
2064,299.747960,14
2065,300.590060,10
2066,300.300780,11
2067,299.972760,11
2068,300.070180,14
2069,300.009450,14
2070,299.821220,10
2071,299.527290,15
2072,299.994180,12
2073,299.544490,8
2074,299.408480,10
2075,299.823680,12
2076,299.353120,14
2077,300.291340,12
2078,300.171130,12
2079,299.749200,14
2080,299.041200,12
2081,299.847940,15
2082,299.116580,13
2083,299.324910,12
2084,299.742390,11
2085,299.489540,10
2086,299.140300,15
2087,298.950690,16
2088,299.063680,14
2089,299.350260,15
2090,298.811310,11
2091,299.106760,12
2092,298.492190,10
2093,298.347180,8
2094,298.904550,12
2095,298.340470,13
2096,298.941190,11
2097,298.291950,12
2098,297.796510,13
2099,298.573410,15
2100,298.701340,10
2101,298.894880,11
2102,298.885340,10
2103,298.587290,11
2104,299.486770,11
2105,299.092620,13
2106,298.598350,13
2107,298.644450,9
2108,299.567500,14
2109,298.379840,8
2110,298.551570,17
2111,298.035100,17
2112,298.226020,13
2113,297.977050,13
2114,297.926870,14
2115,298.620670,13
2116,297.609030,18
2117,298.407810,13
2118,298.438010,14
2119,298.242500,13
2120,298.207320,10
2121,298.282170,14
2122,298.311410,11
2123,297.419450,13
2124,298.544670,14
2125,297.990450,14
2126,298.523710,13
2127,298.187160,14
2128,297.666180,12
2129,297.950580,8
2130,298.124000,15
2131,297.949230,12
2132,298.127020,15
2133,297.494210,15
2134,298.107010,12
2135,297.323760,10
2136,298.584320,16
2137,298.636260,13
2138,298.643690,15
2139,298.125510,15
2140,297.940930,8
2141,297.841910,13
2142,297.533530,10
2143,298.413820,11
2144,298.064260,10
2145,298.004080,12
2146,297.229150,14
2147,297.510810,11
2148,297.739720,11
2149,298.234980,12
2150,298.186580,12
2151,298.389060,13
2152,297.655570,9
2153,297.457890,14
2154,298.072220,8
2155,297.790960,13
2156,297.714580,10
2157,297.671540,15
2158,297.556410,11
2159,298.914570,14
2160,298.436150,19
2161,298.610750,17
2162,298.714650,16
2163,298.593620,15
2164,298.193870,19
2165,298.805230,17
2166,297.454740,18
2167,298.308940,20
2168,297.979720,12
2169,297.522680,19
2170,297.627780,12
2171,297.605300,12
2172,297.106260,10
2173,297.658340,13
2174,297.501260,13
2175,297.536580,14
2176,297.389380,14
2177,296.890510,10
2178,297.642700,12
2179,297.573290,12
2180,297.314500,14
2181,297.469820,14
2182,297.565040,15
2183,296.642890,11
2184,297.288710,13
2185,297.475120,12
2186,297.738130,13
2187,297.291070,14
2188,296.972190,16
2189,297.797020,11
2190,297.926230,10
2191,297.469520,11
2192,297.483540,11
2193,298.622350,16
2194,297.650990,11
2195,297.987660,10
2196,297.893730,12
2197,297.666220,10
2198,297.296090,13
2199,297.784140,9
2200,297.924800,11
2201,297.007380,15
2202,297.467420,14
2203,297.487980,13
2204,297.660210,15
2205,298.079140,14
2206,297.895370,14
2207,296.954590,13
2208,298.402940,14
2209,298.550820,14
2210,297.408560,14
2211,296.566990,14
2212,297.759220,12
2213,296.951940,15
2214,296.548240,12
2215,297.611790,13
2216,297.885990,12
2217,297.098530,13
2218,296.721310,14
2219,297.027160,17
2220,295.716240,14
2221,295.800850,14
2222,295.879970,12
2223,295.761980,14
2224,295.918530,12
2225,295.806570,12
2226,295.653740,13
2227,295.443100,13
2228,295.383760,14
2229,296.157590,14
2230,296.367650,10
2231,296.124720,12
2232,295.668930,11
2233,296.340120,12
2234,296.087270,10
2235,296.230890,10
2236,296.390330,12
2237,295.794920,11
2238,295.335020,10
2239,296.088610,11
2240,296.020790,10
2241,295.948510,9
2242,295.879030,13
2243,296.238330,14
2244,296.685060,9
2245,296.733010,15
2246,296.277250,7
2247,296.057690,14
2248,296.145570,10
2249,295.463460,13
2250,296.659440,7
2251,296.441280,8
2252,296.991400,12
2253,296.230420,10
2254,296.020910,9
2255,296.113950,12
2256,296.122200,11
2257,296.026880,11
2258,296.930640,12
2259,296.783900,11
2260,296.166830,16
2261,296.651220,15
2262,296.655100,11
2263,297.293910,14
2264,297.439700,17
2265,296.742200,10
2266,296.419040,12
2267,297.076530,13
2268,297.065720,14
2269,297.757940,11
2270,297.371850,11
2271,297.771830,11
2272,297.966640,16
2273,297.637640,12
2274,298.588080,12
2275,297.055460,15
2276,297.222720,14
2277,296.795440,15
2278,298.144180,13
2279,297.717380,12
2280,297.676500,10
2281,297.534960,10
2282,297.463420,14
2283,297.664320,9
2284,297.532470,12
2285,296.752230,13
2286,297.311580,11
2287,296.734490,10
2288,298.195840,12
2289,297.391020,11
2290,297.635890,16
2291,297.357550,10
2292,296.860660,15
2293,297.877160,13
2294,297.893180,15
2295,297.960080,13
2296,297.643630,14
2297,297.026030,13
2298,297.637970,16
2299,296.754780,14
2300,297.915600,11
2301,297.957970,9
2302,297.371700,7
2303,297.700680,8
2304,297.428000,14
2305,297.460040,12
2306,298.400430,12
2307,297.851400,12
2308,297.327120,14
2309,297.771870,12
2310,298.139290,16
2311,298.052840,14
2312,297.784530,15
2313,298.191210,12
2314,297.540890,14
2315,297.846600,17
2316,297.722390,12
2317,296.886240,14
2318,297.648280,11
2319,296.992640,17
2320,297.233750,13
2321,296.966850,14
2322,296.707360,8
2323,297.380200,9
2324,297.194050,12
2325,296.901570,11
2326,296.778150,12
2327,296.578650,13
2328,296.472660,14
2329,296.250800,12
2330,296.436830,14
2331,296.424490,12
2332,296.796070,12
2333,297.083850,16
2334,296.553220,14
2335,296.325750,15
2336,296.999630,16
2337,296.988040,14
2338,295.858910,16
2339,296.240080,11
2340,297.437790,14
2341,296.369820,12
2342,297.084480,12
2343,295.875730,12
2344,296.432170,15
2345,296.493000,13
2346,296.360190,15
2347,297.164940,15
2348,297.256650,10
2349,296.580710,12
2350,295.889980,12
2351,296.415940,13
2352,296.078400,11
2353,296.508670,12
2354,296.954730,14
2355,296.183950,13
2356,296.837330,11
2357,296.820790,12
2358,295.869750,13
2359,296.070330,14
2360,295.784570,10
2361,295.498670,11
2362,296.392910,11
2363,296.530160,9
2364,296.319830,10
2365,296.729660,12
2366,296.213570,8
2367,296.524760,10
2368,296.570070,13
2369,296.084040,7
2370,296.093530,14
2371,296.657250,11
2372,295.978070,14
2373,295.978820,12
2374,296.825640,13
2375,296.185840,11
2376,296.553760,11
2377,296.603400,9
2378,296.074100,12
2379,295.624190,14
2380,295.563740,14
2381,294.874300,12
2382,295.592060,10
2383,295.442120,12
2384,295.456170,12
2385,294.871570,12
2386,295.768320,11
2387,295.552180,9
2388,295.654670,11
2389,295.433870,11
2390,295.782580,14
2391,296.051020,11
2392,295.420350,9
2393,295.720850,9
2394,295.682300,11
2395,295.709950,8
2396,296.082530,10
2397,295.836320,14
2398,296.464710,11
2399,295.553150,11
2400,294.630950,14
2401,295.518760,13
2402,295.319390,16
2403,294.699470,14
2404,295.214800,9
2405,295.303820,14
2406,295.263230,13
2407,295.352450,14
2408,295.104630,9
2409,295.239750,12
2410,295.179230,10
2411,295.770430,13
2412,294.837390,14
2413,294.613180,11
2414,295.122950,12
2415,295.362240,12
2416,295.549350,9
2417,295.647850,15
2418,294.699420,11
2419,294.704560,12
2420,294.233050,10
2421,294.405220,12
2422,294.682660,11
2423,294.657970,12
2424,294.731930,10
2425,294.375790,13
2426,294.597650,12
2427,294.902560,10
2428,294.725660,8
2429,294.441070,17
2430,294.072720,10
2431,294.573980,11
2432,294.454850,11
2433,294.779710,11
2434,294.940230,9
2435,295.205800,13
2436,294.459010,12
2437,294.714550,9
2438,294.584100,6
2439,294.266790,7
2440,294.336850,15
2441,294.493820,12
2442,293.914100,13
2443,294.447840,11
2444,293.467680,13
2445,294.542050,10
2446,294.762920,14
2447,294.367810,10
2448,294.146470,10
2449,294.036180,9
2450,294.601380,7
2451,294.540590,10
2452,294.269570,9
2453,294.147640,10
2454,294.602250,10
2455,294.159500,13
2456,294.474930,13
2457,294.181400,11
2458,294.094900,15
2459,294.287890,14
2460,294.814330,13
2461,293.813500,16
2462,294.707130,15
2463,294.365820,13
2464,293.639440,18
2465,294.306580,17
2466,293.991700,13
2467,293.879400,18
2468,293.621800,16
2469,294.896630,18
2470,293.839490,12
2471,294.242980,15
2472,293.786760,13
2473,293.542790,15
2474,292.807260,13
2475,293.274170,15
2476,293.690440,13
2477,293.840790,14
2478,293.530420,15
2479,292.913530,13
2480,292.848450,15
2481,293.636470,15
2482,293.762290,15
2483,293.575620,13
2484,292.850000,16
2485,293.258910,14
2486,294.278980,14
2487,293.342340,15
2488,293.509710,16
2489,293.511010,14
2490,294.050690,11
2491,294.172700,17
2492,293.712490,12
2493,293.413290,14
2494,293.916960,13
2495,293.914020,14
2496,294.070520,11
2497,293.166060,14
2498,293.487770,16
2499,293.645010,12
2500,293.406680,12
2501,293.613760,15
2502,294.493540,14
2503,293.669050,14
2504,293.583710,13
2505,294.000530,13
2506,293.549820,13
2507,293.735830,12
2508,292.923590,15
2509,293.038120,13
2510,292.962370,13
2511,293.282700,16
2512,293.003800,13
2513,292.902820,14
2514,292.741170,10
2515,292.811290,11
2516,293.821770,12
2517,293.077630,13
2518,293.907110,13
2519,293.996150,14
2520,293.327540,10
2521,292.906320,11
2522,292.814720,9
2523,292.919220,13
2524,293.537230,14
2525,292.734270,14
2526,293.688110,15
2527,293.177370,11
2528,293.001150,13
2529,292.286930,12
2530,293.733310,12
2531,293.646890,12
2532,293.167540,13
2533,292.780640,12
2534,292.826870,13
2535,292.706380,13
2536,293.659020,15
2537,294.227470,18
2538,293.733990,13
2539,293.196770,13
2540,293.001320,15
2541,293.159250,13
2542,292.826950,12
2543,293.180190,16
2544,292.969180,14
2545,292.353170,13
2546,293.267130,14
2547,292.487400,13
2548,292.272160,16
2549,291.636980,14
2550,291.210880,14
2551,291.454990,11
2552,292.350220,13
2553,291.987480,9
2554,291.126010,17
2555,291.385740,13
2556,292.094270,12
2557,291.562110,10
2558,291.510950,14
2559,291.060270,11
2560,290.815290,13
2561,291.520110,15
2562,290.938100,14
2563,291.780250,14
2564,290.934020,17
2565,290.649460,17
2566,291.514730,11
2567,291.583800,15
2568,290.635940,13
2569,290.655690,11
2570,290.594170,17
2571,290.586260,14
2572,290.568000,9
2573,290.553580,15
2574,290.590870,9
2575,291.191280,12
2576,290.688960,16
2577,290.815770,12
2578,290.404800,10
2579,290.768620,14
2580,291.301380,12
2581,291.222560,11
2582,291.683470,17
2583,291.737690,14
2584,291.524840,14
2585,291.150040,6
2586,291.624580,14
2587,291.648620,10
2588,291.493330,14
2589,290.703840,13
2590,290.998030,18
2591,291.944470,19
2592,291.380420,13
2593,291.589320,14
2594,290.629770,18
2595,290.872560,13
2596,291.345960,15
2597,290.413500,19
2598,290.528580,12
2599,290.683130,16
2600,290.747640,13
2601,290.544170,13
2602,291.014550,11
2603,290.793600,16
2604,291.145130,9
2605,291.171150,13
2606,290.849050,14
2607,290.763060,16
2608,291.382700,15
2609,291.496280,15
2610,290.772490,15
2611,289.801500,12
2612,290.831620,14
2613,290.387810,10
2614,290.772630,17
2615,290.270200,12
2616,290.343090,15
2617,289.805480,10
2618,290.063780,10
2619,290.091680,11
2620,290.445830,9
2621,290.257020,11
2622,290.635930,11
2623,290.225970,11
2624,290.685020,13
2625,290.375980,11
2626,290.327150,11
2627,290.541030,8
2628,290.522940,9
2629,290.294530,13
2630,291.025780,11
2631,289.691230,11
2632,288.666920,14
2633,290.389500,13
2634,288.823700,12
2635,289.591520,12
2636,289.887950,10
2637,289.064640,12
2638,289.202610,13
2639,289.555490,11
2640,289.065000,14
2641,289.595890,14
2642,289.531510,13
2643,288.675760,13
2644,289.428060,11
2645,288.961560,11
2646,289.291120,13
2647,289.827680,12
2648,289.651090,12
2649,290.026490,13
2650,289.210250,14
2651,290.027750,18
2652,290.023010,14
2653,289.537940,14
2654,289.091090,13
2655,290.172880,17
2656,289.300760,13
2657,289.871250,15
2658,289.908100,11
2659,288.899040,17
2660,289.987250,12
2661,289.390700,10
2662,289.331620,12
2663,290.282770,9
2664,289.667500,8
2665,289.330250,12
2666,289.960170,12
2667,289.659560,12
2668,289.151180,12
2669,289.588480,11
2670,290.067650,11
2671,289.346690,9
2672,289.631250,14
2673,289.626600,13
2674,289.078710,14
2675,289.108470,11
2676,289.235620,8
2677,289.311900,11
2678,289.748470,12
2679,289.860840,10
2680,289.422780,12
2681,289.565320,10
2682,288.946420,10
2683,288.819950,11
2684,288.652360,13
2685,289.467990,10
2686,288.673010,14
2687,289.210060,11
2688,288.777040,10
2689,289.525520,12
2690,288.045800,14
2691,288.288100,13
2692,288.359410,10
2693,288.343800,16
2694,288.508040,13
2695,287.942150,12
2696,288.358900,14
2697,288.404600,6
2698,288.393810,13
2699,288.542950,11
2700,287.566950,14
2701,288.259050,19
2702,288.356470,13
2703,287.722300,18
2704,287.430810,12
2705,287.595260,15
2706,288.547750,13
2707,287.671920,13
2708,287.756300,13
2709,287.917190,17
2710,286.889270,16
2711,287.701750,9
2712,287.629010,11
2713,287.834960,11
2714,287.661330,15
2715,287.649010,15
2716,287.217720,14
2717,287.193430,13
2718,287.335560,13
2719,287.605550,11
2720,287.648560,12
2721,287.218650,15
2722,288.010350,15
2723,287.385340,13
2724,287.499530,13
2725,287.530150,15
2726,287.872360,14
2727,287.165740,13
2728,287.562060,15
2729,287.058120,13
2730,287.725970,12
2731,287.695380,8
2732,287.190790,14
2733,287.275970,11
2734,286.993530,15
2735,287.973260,15
2736,288.074980,12
2737,287.895000,13
2738,287.587410,10
2739,287.519960,10
2740,287.560980,13
2741,287.996630,12
2742,287.233630,10
2743,287.582870,13
2744,287.492010,10
2745,287.941210,13
2746,287.979070,13
2747,287.686430,12
2748,287.564040,15
2749,287.034810,11
2750,287.437340,11
2751,287.698640,10
2752,287.442940,10
2753,287.461530,12
2754,287.636800,14
2755,287.444140,13
2756,287.127540,9
2757,287.592790,9
2758,288.376370,12
2759,286.872540,12
2760,287.788140,11
2761,287.348270,13
2762,288.115770,12
2763,287.538400,14
2764,287.498650,10
2765,287.825700,13
2766,288.086070,12
2767,288.082190,17
2768,287.854940,9
2769,287.280310,12
2770,287.427220,8
2771,287.370030,11
2772,287.184290,8
2773,287.232100,12
2774,287.207090,11
2775,286.875200,14
2776,287.622430,13
2777,287.181800,8
2778,287.944750,13
2779,287.749200,11
2780,287.918140,13
2781,287.690750,8
2782,287.829500,12
2783,287.787230,12
2784,287.474000,12
2785,288.015740,13
2786,288.043730,11
2787,287.612570,10
2788,287.894870,13
2789,287.403670,13
2790,287.466710,6
2791,287.684050,11
2792,287.190910,10
2793,287.640780,7
2794,287.902020,9
2795,287.541350,8
2796,287.887150,11
2797,287.325940,9
2798,287.467070,10
2799,287.836290,7
2800,288.154270,14
2801,287.790210,14
2802,287.033920,14
2803,287.910300,12
2804,287.162910,13
2805,288.123120,16
2806,287.888550,13
2807,287.427230,13
2808,287.666790,11
2809,287.681340,8
2810,287.507010,20
2811,287.889890,17
2812,287.598640,16
2813,288.285380,15
2814,287.338840,16
2815,287.137020,14
2816,288.540790,19
2817,288.414000,13
2818,288.490660,18
2819,287.683940,16
2820,287.568140,14
2821,287.066280,9
2822,287.550050,5
2823,287.421550,12
2824,287.285580,14
2825,287.092220,12
2826,287.245420,9
2827,288.095850,10
2828,287.582160,10
2829,287.129450,13
2830,287.697790,17
2831,287.741310,15
2832,287.494490,17
2833,288.058160,15
2834,287.563880,12
2835,287.572560,15
2836,287.205250,17
2837,287.206320,14
2838,286.985010,19
2839,287.247310,10
2840,288.128660,11
2841,286.731170,16
2842,287.252790,13
2843,287.512030,15
2844,287.553420,15
2845,287.293920,13
2846,287.994610,14
2847,287.490520,12
2848,286.797780,15
2849,287.894910,12
2850,287.631980,18
2851,287.406460,14
2852,286.903080,14
2853,287.321120,18
2854,287.748620,15
2855,287.053920,17
2856,288.004390,18
2857,287.457390,12
2858,287.656220,15
2859,288.214270,16
2860,288.276080,10
2861,287.780390,10
2862,288.024230,10
2863,288.122470,8
2864,287.743100,9
2865,288.148610,8
2866,288.093630,10
2867,288.394520,11
2868,287.850930,13
2869,287.935460,9
2870,287.298150,16
2871,288.599720,18
2872,288.182850,16
2873,288.552490,16
2874,287.946260,15
2875,288.296740,18
2876,287.357070,13
2877,288.369740,14
2878,287.512800,19
2879,287.948020,18
2880,288.378390,12
2881,288.038660,11
2882,288.157220,13
2883,288.772490,12
2884,288.141430,12
2885,288.531120,16
2886,288.642520,12
2887,287.901700,14
2888,288.154320,12
2889,287.676140,13
2890,287.171030,12
2891,287.911480,11
2892,288.622710,11
2893,287.163490,16
2894,287.879190,10
2895,287.196810,14
2896,287.417520,9
2897,287.474590,8
2898,287.533260,14
2899,288.086400,12
2900,287.803270,10
2901,287.746250,13
2902,287.854590,10
2903,287.532710,11
2904,288.012080,10
2905,287.496380,10
2906,287.919330,11
2907,287.513260,10
2908,287.419380,9
2909,288.009150,12
2910,288.113110,10
2911,288.050910,13
2912,288.256600,11
2913,287.761120,10
2914,288.230690,11
2915,287.460800,9
2916,288.153140,14
2917,288.408740,13
2918,288.337420,13
2919,288.185210,11
2920,287.477590,14
2921,287.686300,10
2922,288.094420,11
2923,287.973210,9
2924,288.051310,11
2925,287.806000,10
2926,287.520620,13
2927,287.893800,13
2928,288.159670,13
2929,287.943150,12
2930,288.301450,11
2931,287.961680,12
2932,287.723780,13
2933,288.313800,12
2934,287.660910,10
2935,288.095760,11
2936,288.567450,13
2937,287.909790,11
2938,287.188950,10
2939,288.075370,13
2940,287.706350,10
2941,288.107130,10
2942,287.865420,13
2943,287.299780,15
2944,288.131660,10
2945,287.906560,11
2946,287.549460,11
2947,288.022140,13
2948,288.368770,10
2949,288.290440,13
2950,287.561400,6
2951,287.379750,11
2952,287.851030,9
2953,288.185650,12
2954,287.617060,12
2955,288.051520,10
2956,287.596160,7
2957,287.600630,9
2958,288.016050,9
2959,287.652000,9
2960,288.162860,14
2961,287.881340,13
2962,287.953090,15
2963,287.396360,15
2964,287.508130,9
2965,287.348550,13
2966,288.155090,12
2967,287.426710,13
2968,287.856800,13
2969,287.275920,14
2970,288.177120,14
2971,288.381110,13
2972,287.277150,12
2973,287.507310,15
2974,288.371550,15
2975,288.548410,15
2976,288.577690,13
2977,287.544950,15
2978,288.093130,14
2979,287.726730,14
2980,287.829640,8
2981,287.510990,10
2982,288.441220,9
2983,288.345290,11
2984,288.039200,9
2985,287.645240,13
2986,287.827950,9
2987,287.769720,12
2988,288.316720,9
2989,288.222470,10
2990,287.308060,10
2991,287.930680,16
2992,287.428840,12
2993,287.331330,14
2994,287.150280,14
2995,286.550130,17
2996,287.749970,11
2997,286.982570,14
2998,287.519690,10
2999,287.051180,11
3000,287.085990,8
3001,287.368290,10
3002,286.846870,9
3003,286.505720,12
3004,286.845670,8
3005,287.110950,8
3006,286.684060,11
3007,286.986260,13
3008,286.870830,9
3009,286.630090,9
3010,286.492920,17
3011,286.202480,11
3012,285.937500,15
3013,286.167930,13
3014,286.218520,16
3015,286.401480,16
3016,287.116170,15
3017,286.899840,15
3018,286.428340,14
3019,285.739610,15
3020,285.517330,11
3021,286.510020,13
3022,286.675970,19
3023,285.825170,13
3024,286.199640,13
3025,285.518680,14
3026,285.873760,15
3027,286.485890,15
3028,286.342140,9
3029,286.601890,16
3030,286.158540,12
3031,286.070000,9
3032,286.043120,11
3033,286.460750,11
3034,286.157660,12
3035,286.298470,13
3036,286.155290,12
3037,286.323560,10
3038,286.987030,10
3039,286.134280,10
3040,286.092580,15
3041,286.643860,13
3042,286.579560,16
3043,285.973130,12
3044,285.757140,16
3045,286.424470,12
3046,286.336580,14
3047,286.054730,16
3048,286.457960,13
3049,285.712020,12
3050,287.162610,13
3051,286.461100,10
3052,286.687120,16
3053,286.387310,11
3054,286.836770,13
3055,286.241480,9
3056,286.299520,15
3057,286.572250,11
3058,285.825570,14
3059,286.242850,12
3060,286.094410,15
3061,286.853360,14
3062,285.624480,8
3063,286.207620,14
3064,285.584640,15
3065,287.491530,14
3066,286.250300,10
3067,286.587410,15
3068,286.876660,13
3069,286.761540,11
3070,285.964600,16
3071,286.535240,14
3072,286.430860,9
3073,287.334380,14
3074,286.293830,14
3075,286.447020,14
3076,286.912390,11
3077,286.309050,12
3078,287.050800,11
3079,286.595570,14
3080,286.795470,12
3081,286.743630,17
3082,287.198390,11
3083,286.414320,14
3084,287.036550,11
3085,287.378030,8
3086,287.550060,14
3087,287.473380,13
3088,287.231840,13
3089,287.627600,13
3090,287.392530,13
3091,288.079180,14
3092,287.497840,14
3093,287.622630,12
3094,287.277490,13
3095,287.138690,12
3096,287.901090,14
3097,287.746280,18
3098,287.831890,13
3099,287.986300,12
3100,287.835500,12
3101,287.769990,17
3102,287.062590,15
3103,288.224210,16
3104,287.338290,12
3105,286.985030,16
3106,287.784660,14
3107,287.656730,13
3108,287.811250,14
3109,288.386680,16
3110,288.325850,12
3111,288.131510,14
3112,287.199600,7
3113,287.336370,8
3114,287.013080,10
3115,287.780970,11
3116,287.463740,10
3117,287.654850,10
3118,286.924410,15
3119,287.379300,10
3120,287.830430,13
3121,287.010150,15
3122,287.874030,12
3123,287.956660,14
3124,287.144540,14
3125,287.894420,15
3126,288.288130,12
3127,287.823290,13
3128,287.608140,15
3129,288.288110,16
3130,288.201770,13
3131,287.576440,13
3132,287.115160,16
3133,288.131900,9
3134,287.936430,13
3135,287.725750,16
3136,287.760390,10
3137,287.870200,14
3138,288.494380,12
3139,287.966870,17
3140,287.801360,14
3141,287.779430,13
3142,287.629160,11
3143,288.262080,16
3144,287.984140,14
3145,287.962810,11
3146,288.267610,13
3147,288.277010,12
3148,288.444550,17
3149,288.341700,16
3150,288.409700,10
3151,288.616150,14
3152,288.462890,16
3153,288.927230,12
3154,287.800190,14
3155,288.483870,16
3156,287.998290,12
3157,288.736990,15
3158,287.792320,19
3159,288.329530,16
3160,288.458170,11
3161,289.209050,12
3162,288.760460,12
3163,288.606720,10
3164,288.391670,10
3165,288.275750,11
3166,288.816330,8
3167,289.149690,11
3168,288.339370,10
3169,288.600970,9
3170,288.461880,12
3171,288.059490,10
3172,288.635150,13
3173,288.248540,11
3174,288.506980,15
3175,288.582890,11
3176,288.628500,10
3177,288.317590,8
3178,288.970620,12
3179,288.816680,14
3180,288.020020,14
3181,288.516090,11
3182,289.109980,12
3183,288.496430,11
3184,288.691750,12
3185,288.770810,14
3186,287.945480,12
3187,288.781400,11
3188,288.374460,10
3189,288.473330,13
3190,288.698660,14
3191,288.061610,9
3192,288.087650,11
3193,288.306490,9
3194,288.314650,13
3195,288.495510,11
3196,288.819000,15
3197,288.785520,11
3198,288.118600,16
3199,288.567370,13
3200,288.896590,16
3201,287.973300,16
3202,288.949010,16
3203,288.180810,16
3204,289.071440,17
3205,289.253510,12
3206,287.865520,16
3207,288.681340,14
3208,288.928630,16
3209,289.601280,16
3210,288.220490,12
3211,288.499370,10
3212,288.619860,10
3213,288.815440,10
3214,288.969870,10
3215,288.735550,7
3216,288.216580,14
3217,288.594400,11
3218,288.203830,9
3219,288.248070,12
3220,288.470950,11
3221,288.208930,11
3222,289.522700,13
3223,289.196950,13
3224,288.758560,12
3225,288.143240,11
3226,289.097590,14
3227,289.060160,9
3228,289.048340,12
3229,288.516170,12
3230,288.319130,14
3231,287.944050,15
3232,288.848200,12
3233,288.632550,10
3234,288.008000,12
3235,288.464040,14
3236,288.779670,10
3237,288.174990,12
3238,288.964440,18
3239,288.539840,12
3240,287.961830,20
3241,288.536690,17
3242,288.825120,15
3243,289.190180,12
3244,287.883120,17
3245,287.555480,18
3246,288.718480,19
3247,287.070910,20
3248,288.685010,14
3249,287.483040,14
3250,287.674000,14
3251,288.389610,11
3252,288.356150,11
3253,288.515870,13
3254,288.594040,14
3255,287.178590,15
3256,289.081630,9
3257,288.655970,10
3258,287.902090,13
3259,287.683750,13
3260,288.390660,12
3261,287.741210,11
3262,288.161350,12
3263,288.731280,12
3264,288.370140,13
3265,287.862910,14
3266,288.824400,11
3267,287.929580,8
3268,289.027870,15
3269,287.869830,13
3270,288.013830,9
3271,288.817620,13
3272,287.930990,10
3273,288.524430,11
3274,287.888740,15
3275,288.461110,12
3276,288.664920,13
3277,288.158700,12
3278,287.540060,13
3279,287.604200,15
3280,288.359070,14
3281,288.612460,17
3282,288.827500,12
3283,288.636150,13
3284,288.072170,14
3285,287.402850,13
3286,288.747820,12
3287,287.905260,16
3288,288.381710,14
3289,288.608130,15
3290,288.511360,10
3291,288.449800,13
3292,288.096230,11
3293,289.374650,9
3294,288.670370,9
3295,288.248450,9
3296,288.747880,12
3297,288.810630,14
3298,289.076060,9
3299,288.837330,13
3300,288.524870,11
3301,288.506010,12
3302,289.250570,10
3303,288.851810,12
3304,288.909170,8
3305,289.007910,10
3306,288.915630,12
3307,288.883470,11
3308,288.495540,12
3309,288.349020,11
3310,289.220290,10
3311,288.619720,16
3312,288.450240,12
3313,288.406830,15
3314,289.089280,15
3315,288.569230,11
3316,288.861140,14
3317,288.331230,18
3318,288.631660,15
3319,289.335140,12
3320,288.748470,13
3321,287.912250,14
3322,289.024230,15
3323,288.836810,15
3324,288.954970,15
3325,289.637770,18
3326,287.847230,17
3327,288.073610,15
3328,288.419660,16
3329,287.830170,16
3330,287.985780,12
3331,287.630720,14
3332,289.164650,13
3333,287.973760,15
3334,288.264250,13
3335,288.324340,14
3336,289.063450,17
3337,287.746840,17
3338,288.175960,11
3339,288.300600,13
3340,287.582230,12
3341,288.360770,12
3342,287.676980,9
3343,288.165450,12
3344,287.405490,13
3345,287.632560,11
3346,287.751660,11
3347,287.330850,18
3348,288.020820,12
3349,288.592110,14
3350,287.879760,10
3351,287.862610,9
3352,288.491160,9
3353,288.636670,13
3354,288.313440,11
3355,288.255650,12
3356,288.179740,12
3357,287.841690,13
3358,287.652250,13
3359,287.863620,10
3360,288.367670,15
3361,287.905280,15
3362,288.260980,14
3363,287.323950,16
3364,288.302880,12
3365,287.365890,13
3366,287.508450,14
3367,287.751260,13
3368,287.033180,13
3369,287.311000,12
3370,287.150580,8
3371,287.032290,11
3372,286.938490,13
3373,287.564080,10
3374,287.304520,11
3375,287.077250,10
3376,287.093000,13
3377,287.180300,10
3378,287.550540,15
3379,287.357340,11
3380,286.921230,12
3381,286.547810,15
3382,286.785390,14
3383,287.238080,16
3384,286.904600,8
3385,286.248120,15
3386,286.692880,9
3387,288.020270,14
3388,287.588530,13
3389,287.120200,11
3390,287.306630,17
3391,287.209680,11
3392,287.511490,16
3393,286.585020,11
3394,287.331190,14
3395,286.651800,14
3396,286.796000,12
3397,286.498960,18
3398,286.739650,15
3399,286.860380,13
3400,286.740480,10
3401,286.679250,9
3402,287.070440,9
3403,287.180810,12
3404,287.147130,8
3405,287.094310,9
3406,286.716710,10
3407,287.146240,10
3408,286.623780,6
3409,287.041790,8
3410,286.783550,13
3411,286.390950,12
3412,286.517040,9
3413,287.278090,15
3414,287.000080,14
3415,287.306060,15
3416,286.529530,10
3417,286.619750,13
3418,286.529790,13
3419,286.290630,11
3420,285.884480,11
3421,286.263950,13
3422,286.569640,10
3423,286.498260,11
3424,286.391020,11
3425,286.447930,11
3426,286.168140,9
3427,285.962300,9
3428,285.847960,10
3429,285.965300,11
3430,285.376980,11
3431,286.351470,11
3432,286.990210,15
3433,286.275890,9
3434,286.397890,16
3435,286.597770,11
3436,286.140220,14
3437,286.188680,8
3438,286.447070,11
3439,286.493010,9
3440,286.119810,13
3441,285.609770,16
3442,286.036510,15
3443,286.219160,12
3444,287.276830,14
3445,286.387420,12
3446,286.356570,13
3447,286.249590,14
3448,286.969050,13
3449,286.599180,11
3450,286.939030,13
3451,287.682100,14
3452,287.082040,15
3453,286.858980,9
3454,286.743440,12
3455,287.244790,15
3456,287.456480,11
3457,287.108090,14
3458,287.348630,11
3459,286.929130,19
3460,287.527160,19
3461,286.375860,18
3462,287.759470,14
3463,287.599430,18
3464,286.853930,17
3465,287.509470,17
3466,287.026810,15
3467,287.253670,15
3468,287.897050,16
3469,286.602880,13
3470,287.438810,10
3471,287.065640,12
3472,286.925510,10
3473,287.697920,13
3474,286.767000,11
3475,287.523870,11
3476,287.234670,11
3477,287.167130,11
3478,286.669990,14
3479,286.737930,12
3480,287.764000,12
3481,287.861740,12
3482,287.578450,11
3483,287.564550,8
3484,287.577670,7
3485,287.514250,14
3486,287.722770,13
3487,287.820550,13
3488,287.906050,11
3489,286.926100,10
3490,287.076040,15
3491,287.175530,16
3492,287.847990,15
3493,287.229540,19
3494,287.451130,17
3495,286.489850,16
3496,286.607540,16
3497,287.072420,15
3498,287.555720,14
3499,287.138110,16
3500,287.037340,8
3501,287.291700,10
3502,287.339130,13
3503,286.721210,11
3504,287.054710,9
3505,286.810330,11
3506,286.908650,13
3507,286.996540,13
3508,287.903840,9
3509,286.851920,7
3510,286.772690,15
3511,286.680220,15
3512,287.694120,13
3513,287.918180,17
3514,286.502080,18
3515,286.824000,18
3516,287.361760,14
3517,287.808790,13
3518,287.248440,16
3519,287.497720,16
3520,287.432400,13
3521,286.756880,15
3522,286.555940,13
3523,286.432560,10
3524,287.314850,11
3525,287.231370,10
3526,287.194250,12
3527,287.626370,13
3528,286.843980,11
3529,287.448160,12
3530,287.881440,11
3531,286.935150,10
3532,287.691180,12
3533,287.054750,13
3534,288.066810,11
3535,287.880810,14
3536,287.067290,11
3537,288.135340,14
3538,287.443650,10
3539,287.271270,11
3540,287.537160,14
3541,287.038560,14
3542,287.932890,17
3543,286.905520,14
3544,286.754850,14
3545,286.996060,14
3546,286.834750,15
3547,287.533590,17
3548,286.949300,14
3549,287.199650,13
3550,287.918140,17
3551,287.956250,13
3552,287.059190,14
3553,287.877020,15
3554,287.218670,11
3555,287.013260,16
3556,287.095520,13
3557,287.128760,17
3558,288.145220,17
3559,287.560670,16
3560,287.785820,16
3561,288.044820,14
3562,287.507560,16
3563,287.838450,15
3564,287.491670,14
3565,288.532430,13
3566,287.227880,17
3567,288.214160,10
3568,288.554570,16
3569,287.325760,15
3570,287.461920,10
3571,287.255170,13
3572,287.989250,13
3573,287.444960,12
3574,288.082730,12
3575,287.741610,14
3576,287.419850,10
3577,287.354700,8
3578,286.837930,11
3579,287.732880,10
3580,287.739400,10
3581,287.787990,9
3582,287.542060,12
3583,287.475340,12
3584,287.804590,9
3585,287.813880,12
3586,288.971500,11
3587,288.121250,9
3588,287.840970,9
3589,287.596130,10
3590,287.244170,7
3591,287.171350,12
3592,287.499630,11
3593,287.113440,11
3594,287.811570,9
3595,287.204610,7
3596,287.220060,6
3597,287.711430,9
3598,287.546730,9
3599,287.596420,8
3600,287.286830,11
3601,286.870550,16
3602,286.778720,16
3603,286.879450,15
3604,287.423580,13
3605,287.784580,16
3606,287.200810,10
3607,286.871250,16
3608,287.563130,11
3609,287.243650,15
3610,286.683680,12
3611,287.420900,10
3612,286.603600,11
3613,287.397820,15
3614,286.684100,14
3615,286.758870,14
3616,287.135380,12
3617,286.895300,14
3618,286.963630,14
3619,287.330630,11
3620,286.982960,14
3621,286.698540,13
3622,286.863330,12
3623,286.905270,15
3624,286.950930,9
3625,287.689610,11
3626,286.716180,12
3627,286.578670,11
3628,286.761510,9
3629,287.874070,12
3630,287.724110,9
3631,287.486430,12
3632,287.986780,15
3633,288.442620,11
3634,288.131340,13
3635,288.181550,11
3636,288.544310,13
3637,288.486430,15
3638,287.774540,13
3639,288.007690,13
3640,288.290810,12
3641,288.071610,15
3642,288.100720,16
3643,288.282080,14
3644,288.530560,16
3645,288.069110,15
3646,288.473380,12
3647,288.231470,15
3648,287.399830,16
3649,287.514550,13
3650,288.051040,13
3651,287.325740,11
3652,287.670980,12
3653,287.262120,16
3654,287.249130,10
3655,287.551200,11
3656,287.592960,12
3657,287.920100,16
3658,287.881600,16
3659,287.770510,10
3660,289.001470,14
3661,288.277130,11
3662,288.932390,11
3663,289.388200,10
3664,288.148980,11
3665,288.131760,10
3666,288.633260,11
3667,288.687880,9
3668,288.263370,14
3669,288.264640,8
3670,288.768200,15
3671,288.576180,14
3672,287.923700,14
3673,288.155010,14
3674,288.480560,8
3675,287.541930,16
3676,288.788290,15
3677,287.403070,14
3678,287.765340,12
3679,288.872000,14
3680,288.562380,12
3681,288.123220,15
3682,288.311360,11
3683,288.442570,13
3684,288.056170,15
3685,288.276480,17
3686,288.362970,11
3687,288.981630,13
3688,288.502500,12
3689,288.112810,13
3690,289.117850,11
3691,288.738660,12
3692,288.969510,13
3693,288.671100,19
3694,288.399580,11
3695,288.534460,11
3696,287.940820,16
3697,287.599870,17
3698,288.149270,16
3699,289.466390,14
3700,288.718690,9
3701,288.436340,13
3702,288.051950,11
3703,288.027280,14
3704,288.697450,10
3705,288.231230,8
3706,288.781000,12
3707,288.446680,11
3708,288.684000,11
3709,288.181160,12
3710,288.250560,14
3711,289.676710,14
3712,288.595500,9
3713,288.955280,10
3714,289.185810,12
3715,289.263290,11
3716,289.326700,13
3717,288.568770,11
3718,289.469750,12
3719,289.198970,14
3720,289.041780,11
3721,288.914010,11
3722,289.394000,14
3723,288.744140,11
3724,289.785180,13
3725,289.549560,14
3726,289.878610,13
3727,289.486390,11
3728,289.032080,13
3729,289.646030,14
3730,289.301770,13
3731,288.675910,19
3732,289.047210,11
3733,289.082760,12
3734,289.336920,14
3735,289.466460,14
3736,288.830980,14
3737,289.703270,13
3738,289.521470,12
3739,289.365170,13
3740,288.576100,13
3741,289.207690,14
3742,289.230320,12
3743,289.003990,10
3744,288.399390,11
3745,288.033810,17
3746,288.826280,11
3747,288.623410,14
3748,289.271340,11
3749,288.563480,15
3750,288.372770,12
3751,288.460320,12
3752,288.527250,14
3753,288.127970,14
3754,288.691950,12
3755,289.060650,14
3756,288.972380,11
3757,288.675710,15
3758,287.928570,14
3759,289.195480,13
3760,289.419300,13
3761,288.788250,13
3762,290.110670,16
3763,288.494290,13
3764,288.561070,13
3765,288.895620,13
3766,288.988050,13
3767,289.167100,12
3768,288.781170,12
3769,289.512080,15
3770,288.484700,12
3771,288.751200,12
3772,288.413860,13
3773,289.054740,12
3774,289.569440,12
3775,289.693960,14
3776,288.748880,10
3777,289.245040,12
3778,288.458140,13
3779,289.265550,11
3780,290.074320,14
3781,289.686150,15
3782,288.695910,15
3783,289.903330,11
3784,289.962330,13
3785,289.959580,15
3786,290.153640,12
3787,288.863930,15
3788,289.823640,13
3789,289.767720,14
3790,290.119960,15
3791,289.954430,17
3792,289.444480,18
3793,290.435590,14
3794,289.904370,13
3795,290.099310,14
3796,290.079900,14
3797,289.366840,13
3798,290.070920,13
3799,289.372150,14
3800,289.168940,14
3801,290.154970,13
3802,289.759970,13
3803,290.394120,9
3804,290.194270,11
3805,289.761020,12
3806,290.104860,13
3807,289.477530,10
3808,288.993060,16
3809,290.081290,11
3810,290.369010,14
3811,290.014690,15
3812,289.559600,12
3813,289.665400,15
3814,290.031180,16
3815,290.206390,13
3816,289.439130,15
3817,289.753490,13
3818,290.402950,14
3819,289.728570,13
3820,288.894550,13
3821,289.707430,14
3822,290.288040,14
3823,289.865490,15
3824,290.388670,13
3825,290.101230,11
3826,290.042600,19
3827,289.584720,12
3828,289.115260,13
3829,289.550170,14
3830,289.849920,14
3831,288.659910,15
3832,289.497040,12
3833,289.461330,14
3834,289.410100,16
3835,288.842030,16
3836,289.385050,11
3837,289.430860,15
3838,289.519840,13
3839,289.162150,14
3840,288.495550,15
3841,289.509910,17
3842,289.526520,12
3843,289.440740,13
3844,288.730750,14
3845,289.682260,15
3846,289.520620,14
3847,288.976130,15
3848,289.072730,15
3849,288.514150,17
3850,289.338790,12
3851,288.427330,11
3852,288.656140,14
3853,288.175490,11
3854,288.967860,15
3855,288.242090,12
3856,288.064780,15
3857,288.797890,10
3858,288.343660,16
3859,288.987250,12
3860,288.441420,14
3861,288.390310,14
3862,287.948500,16
3863,288.075550,14
3864,287.914410,13
3865,289.022930,11
3866,287.971720,11
3867,288.106820,11
3868,288.079140,12
3869,288.546900,12
3870,288.390950,8
3871,288.000160,8
3872,288.426540,11
3873,288.460410,11
3874,288.223960,9
3875,288.525380,11
3876,288.256640,12
3877,287.985240,9
3878,287.772440,11
3879,288.503470,10
3880,287.647270,13
3881,287.686750,14
3882,288.515760,14
3883,287.368850,14
3884,287.372750,12
3885,287.135560,16
3886,287.026340,15
3887,287.999850,14
3888,288.020400,16
3889,288.064800,12
3890,288.060670,11
3891,287.783610,15
3892,287.777000,12
3893,288.524030,13
3894,288.003400,12
3895,287.752200,13
3896,288.195720,13
3897,288.019590,11
3898,287.621300,14
3899,288.571070,13
3900,288.553130,11
3901,288.013320,11
3902,288.097650,12
3903,288.367140,12
3904,287.775340,11
3905,287.797240,10
3906,288.295100,12
3907,287.308590,14
3908,288.079330,10
3909,288.365500,10
3910,288.932250,12
3911,288.453470,9
3912,288.282680,11
3913,288.344840,10
3914,288.261830,11
3915,288.841600,10
3916,287.894890,12
3917,288.824620,14
3918,289.141390,12
3919,288.580920,13
3920,289.501870,13
3921,288.470320,15
3922,289.011570,12
3923,289.635040,15
3924,288.853030,10
3925,289.171780,13
3926,288.788000,14
3927,288.903220,9
3928,289.574230,12
3929,288.600070,11
3930,288.537870,11
3931,287.997180,10
3932,288.251780,12
3933,288.309940,10
3934,288.051090,12
3935,288.288690,11
3936,288.488000,9
3937,288.502540,8
3938,288.672240,14
3939,288.307640,10
3940,287.708200,10
3941,288.407490,12
3942,288.033070,9
3943,288.379770,9
3944,288.591940,12
3945,287.657950,13
3946,288.675080,11
3947,287.484160,15
3948,288.712800,13
3949,288.241060,7
3950,288.009960,14
3951,288.465860,10
3952,288.333720,13
3953,288.740580,12
3954,288.113070,16
3955,288.910490,14
3956,288.023050,14
3957,289.024690,13
3958,288.026280,11
3959,289.309790,14
3960,288.856590,14
3961,289.121590,17
3962,288.741630,14
3963,288.856280,16
3964,288.895700,13
3965,288.482640,16
3966,288.415800,15
3967,288.901640,14
3968,288.586780,11
3969,288.169580,17
3970,288.956310,15
3971,288.587190,15
3972,288.618510,11
3973,289.223670,15
3974,289.704280,12
3975,289.087710,16
3976,289.033830,14
3977,289.165480,11
3978,288.736710,16
3979,287.817650,16
3980,289.318040,13
3981,288.770360,12
3982,289.718530,14
3983,288.981410,15
3984,288.361730,13
3985,289.171680,10
3986,289.259270,17
3987,288.590310,10
3988,289.482830,14
3989,288.679220,14
3990,287.796560,14
3991,288.500070,12
3992,288.924950,14
3993,288.202950,10
3994,288.692320,14
3995,288.192810,12
3996,288.438650,11
3997,289.232620,16
3998,288.030780,16
3999,288.607550,11
4000,288.913340,18
4001,289.112140,16
4002,288.692560,16
4003,289.233650,16
4004,288.760410,19
4005,289.494510,15
4006,289.456880,16
4007,289.342040,22
4008,288.844010,17
4009,288.973110,18
4010,289.818910,13
4011,289.122980,8
4012,289.237660,9
4013,288.695890,14
4014,289.243470,13
4015,289.376810,15
4016,289.403690,10
4017,289.069550,12
4018,289.006310,11
4019,290.282910,14
4020,290.160590,12
4021,289.567730,10
4022,289.466550,18
4023,288.504980,10
4024,289.675690,12
4025,289.763880,14
4026,289.269180,13
4027,289.152580,14
4028,289.220400,11
4029,289.310800,16
4030,289.582570,16
4031,289.497560,20
4032,289.558370,18
4033,288.631990,14
4034,288.982530,20
4035,288.792330,16
4036,289.111580,15
4037,288.923770,13
4038,288.712430,18
4039,289.042230,16
4040,289.842230,12
4041,289.528620,12
4042,289.191560,13
4043,289.175920,14
4044,289.530050,14
4045,288.437230,13
4046,288.851220,12
4047,289.196880,12
4048,289.022830,11
4049,288.878680,16
4050,288.356240,17
4051,288.712880,13
4052,288.286720,10
4053,288.695240,14
4054,288.137860,14
4055,288.556450,13
4056,288.360220,15
4057,288.592710,14
4058,288.537270,11
4059,288.436660,11
4060,288.764970,12
4061,288.847890,13
4062,288.296140,10
4063,288.457680,12
4064,287.960760,10
4065,288.289000,10
4066,288.310060,13
4067,288.645640,14
4068,288.612540,6
4069,287.992350,11
4070,288.102340,12
4071,288.530730,12
4072,288.783750,20
4073,288.667720,13
4074,288.862690,17
4075,288.198730,15
4076,288.200230,15
4077,288.259990,15
4078,288.218620,16
4079,287.906880,16
4080,288.346900,13
4081,288.583450,13
4082,288.859620,14
4083,287.802640,15
4084,288.861890,11
4085,288.845790,15
4086,287.674590,14
4087,288.801260,13
4088,287.557300,12
4089,288.756050,13
4090,288.699820,10
4091,288.576960,9
4092,288.220990,10
4093,288.134280,13
4094,288.357500,10
4095,288.854830,13
4096,288.594900,11
4097,288.381380,13
4098,288.952760,12
4099,289.306090,13
4100,288.432390,13
4101,289.021310,12
4102,288.630100,13
4103,288.447410,11
4104,288.808860,13
4105,289.110560,13
4106,289.581970,15
4107,289.327510,12
4108,289.484620,13
4109,288.643290,10
4110,288.856440,5
4111,288.867640,14
4112,288.821950,12
4113,288.340080,11
4114,288.731630,15
4115,288.779880,13
4116,288.820700,11
4117,288.330400,14
4118,289.236970,11
4119,289.316550,16
4120,288.962160,13
4121,288.714890,16
4122,289.242790,12
4123,289.404520,13
4124,288.608690,14
4125,289.416150,13
4126,289.514350,14
4127,289.696050,9
4128,289.495810,14
4129,288.858030,15
4130,289.496630,12
4131,289.519760,10
4132,288.909050,10
4133,290.007320,10
4134,288.795390,14
4135,288.769820,11
4136,288.956900,11
4137,289.420950,10
4138,288.773810,10
4139,289.504820,13
4140,289.769600,12
4141,288.885020,15
4142,289.162180,10
4143,289.783530,13
4144,289.619570,10
4145,289.439700,11
4146,289.547730,13
4147,289.289600,10
4148,289.110450,14
4149,288.988660,12
4150,290.028650,14
4151,289.155960,7
4152,289.667860,12
4153,289.794570,13
4154,289.370300,12
4155,289.668420,10
4156,289.732380,15
4157,289.398910,8
4158,289.719300,11
4159,289.364970,8
4160,289.897440,13
4161,289.755170,10
4162,288.898230,12
4163,290.203320,13
4164,289.792820,9
4165,289.234770,13
4166,289.629230,11
4167,289.706780,12
4168,288.650320,12
4169,289.609440,9
4170,288.734360,18
4171,288.568000,18
4172,289.547430,13
4173,289.820170,10
4174,289.168600,13
4175,290.791770,16
4176,288.380580,14
4177,289.423760,14
4178,289.455170,13
4179,289.898030,17
4180,289.745490,10
4181,290.190990,11
4182,289.078190,12
4183,289.203040,11
4184,289.511350,9
4185,289.850790,11
4186,288.972300,17
4187,289.983030,12
4188,289.825200,12
4189,289.840820,10
4190,289.030340,16
4191,289.263840,13
4192,289.863340,17
4193,289.079970,10
4194,288.888510,15
4195,289.473030,13
4196,289.454410,13
4197,289.877520,13
4198,290.276210,14
4199,289.751390,9
4200,289.195180,13
4201,289.563180,11
4202,289.133690,15
4203,289.300340,17
4204,290.247900,11
4205,290.000850,13
4206,289.995940,11
4207,289.829350,12
4208,290.032870,11
4209,289.479640,14
4210,290.073100,13
4211,289.842470,16
4212,289.290220,16
4213,290.502220,13
4214,290.712590,15
4215,289.627060,14
4216,290.522160,14
4217,290.148950,14
4218,290.267680,15
4219,289.517100,17
4220,290.377090,14
4221,291.032960,10
4222,291.098510,9
4223,290.816270,12
4224,291.422630,8
4225,290.472660,14
4226,291.374750,10
4227,291.262980,12
4228,291.413500,11
4229,290.892590,8
4230,291.528980,16
4231,292.057300,14
4232,291.892390,16
4233,292.211910,16
4234,291.717890,12
4235,291.517680,15
4236,291.023710,10
4237,291.458670,14
4238,291.001580,12
4239,291.284640,16
4240,291.827140,13
4241,291.699620,16
4242,291.751400,13
4243,291.829340,15
4244,291.355930,16
4245,291.399100,15
4246,290.949310,15
4247,291.320860,13
4248,291.677080,12
4249,291.519460,16
4250,292.797200,14
4251,292.694400,14
4252,291.676610,17
4253,292.151630,16
4254,292.692210,17
4255,292.425430,13
4256,291.904070,15
4257,292.512160,16
4258,292.713390,14
4259,292.576990,14
4260,292.668460,12
4261,292.566750,11
4262,293.184400,10
4263,292.428160,12
4264,292.818100,12
4265,292.960390,11
4266,292.896500,8
4267,293.243880,11
4268,293.287190,8
4269,292.771050,11
4270,292.915610,8
4271,293.187330,9
4272,292.368790,10
4273,292.621180,12
4274,292.927100,10
4275,292.477580,11
4276,292.501290,10
4277,292.831400,8
4278,292.457230,8
4279,292.263830,9
4280,291.864040,15
4281,292.242300,14
4282,292.291660,10
4283,292.040840,17
4284,291.961540,12
4285,292.013680,12
4286,291.985980,17
4287,292.793970,12
4288,292.294120,14
4289,292.978370,14
4290,292.582230,10
4291,292.548440,9
4292,292.370470,14
4293,291.868960,9
4294,292.229380,12
4295,292.812030,10
4296,292.497010,12
4297,292.303130,14
4298,292.243450,11
4299,292.693440,6
4300,292.309460,11
4301,293.083230,15
4302,292.383210,13
4303,292.723540,11
4304,292.755560,11
4305,292.426490,12
4306,292.437030,11
4307,293.641000,13
4308,292.981000,13
4309,292.435310,9
4310,292.278670,14
4311,292.397310,13
4312,291.739520,11
4313,292.644400,11
4314,292.541620,15
4315,292.228980,16
4316,292.597720,14
4317,292.439450,17
4318,291.853810,16
4319,292.370350,14
4320,292.868860,12
4321,292.652420,15
4322,292.484720,10
4323,292.886680,13
4324,292.623620,16
4325,292.656230,14
4326,292.643860,11
4327,292.102810,14
4328,292.275600,13
4329,292.146870,14
4330,291.694770,13
4331,291.625140,15
4332,293.541890,16
4333,291.218370,13
4334,291.640370,13
4335,291.924670,16
4336,292.661040,16
4337,292.294760,15
4338,292.546260,14
4339,293.169610,11
4340,291.857790,9
4341,291.905990,14
4342,291.442340,12
4343,291.897610,13
4344,292.342530,14
4345,291.542460,10
4346,291.924910,11
4347,292.520770,12
4348,292.118530,12
4349,291.925250,11
4350,291.759850,15
4351,292.323570,15
4352,292.353820,14
4353,291.873900,13
4354,292.309100,14
4355,291.891040,15
4356,292.109470,13
4357,291.451800,16
4358,293.034500,11
4359,291.541100,17
4360,291.442390,13
4361,291.872640,14
4362,291.836060,16
4363,291.952460,15
4364,291.972280,13
4365,291.080030,14
4366,292.286330,14
4367,292.137810,13
4368,292.447460,13
4369,291.777810,17
4370,292.418810,11
4371,292.821020,10
4372,292.969350,13
4373,292.126990,11
4374,292.498520,13
4375,292.725990,10
4376,292.909220,10
4377,292.374780,10
4378,292.935330,7
4379,292.528970,11
4380,292.267390,13
4381,292.794330,12
4382,292.270830,14
4383,292.663210,8
4384,292.693990,13
4385,292.278420,11
4386,292.451930,11
4387,291.574380,12
4388,292.145140,11
4389,291.802400,11
4390,292.623760,18
4391,292.023020,17
4392,292.453630,17
4393,292.609080,18
4394,293.041690,19
4395,292.555370,16
4396,291.882330,14
4397,293.092420,17
4398,292.406820,18
4399,291.680450,13
4400,293.314840,15
4401,293.123750,13
4402,291.352240,13
4403,292.279470,12
4404,292.908110,15
4405,292.895750,14
4406,292.905880,15
4407,292.381790,10
4408,292.687400,15
4409,291.708650,15
4410,293.227390,9
4411,292.636910,8
4412,292.722490,10
4413,292.970160,9
4414,292.564910,10
4415,292.669390,11
4416,292.470910,8
4417,292.897390,12
4418,292.631250,8
4419,292.733160,9
4420,292.547980,15
4421,293.339950,12
4422,292.741740,12
4423,292.925210,11
4424,293.546520,10
4425,292.767660,11
4426,293.684890,14
4427,292.353690,13
4428,293.509830,11
4429,293.388080,14
4430,294.534090,14
4431,293.268020,12
4432,294.377660,13
4433,293.676800,11
4434,294.591970,12
4435,294.233930,14
4436,293.476700,15
4437,293.779870,14
4438,293.229080,17
4439,293.881650,12
4440,293.881620,17
4441,294.276140,9
4442,294.422020,14
4443,293.942070,10
4444,294.785210,12
4445,294.366110,11
4446,294.029540,12
4447,294.490720,11
4448,294.181330,15
4449,294.464910,10
4450,294.222930,10
4451,294.454340,12
4452,293.861480,16
4453,295.006590,16
4454,294.780390,13
4455,294.266880,14
4456,294.921490,13
4457,295.181980,13
4458,294.815920,14
4459,294.142590,15
4460,293.493240,13
4461,293.927590,12
4462,292.858970,11
4463,293.428670,13
4464,293.157260,10
4465,293.392400,14
4466,293.749920,13
4467,293.368400,10
4468,294.137710,15
4469,293.549350,14
4470,292.969510,13
4471,292.140650,11
4472,292.603480,13
4473,293.572850,12
4474,293.188050,12
4475,292.032340,15
4476,293.908030,18
4477,293.151060,12
4478,292.781280,13
4479,291.971260,16
4480,292.763530,10
4481,292.693860,11
4482,292.853990,11
4483,292.379990,9
4484,292.073510,13
4485,292.611280,9
4486,292.197580,12
4487,292.139830,13
4488,292.631140,13
4489,292.275450,11
4490,291.957890,13
4491,291.856000,15
4492,291.587380,12
4493,292.634440,9
4494,292.355200,12
4495,291.793330,10
4496,291.815810,14
4497,292.344760,11
4498,291.945550,12
4499,291.601920,14
4500,292.446910,16
4501,291.550770,9
4502,291.565920,13
4503,291.255370,14
4504,291.655220,14
4505,292.024550,13
4506,292.273500,15
4507,291.965800,12
4508,292.096510,12
4509,291.192320,15
4510,291.494960,16
4511,292.045840,10
4512,291.516080,11
4513,291.701460,13
4514,291.822560,13
4515,291.126190,15
4516,290.885940,11
4517,290.991300,12
4518,291.780560,12
4519,290.487630,12
4520,291.496550,11
4521,291.759880,14
4522,291.462640,10
4523,292.582280,14
4524,291.548880,12
4525,292.485200,16
4526,292.470520,13
4527,292.182480,12
4528,290.938190,13
4529,291.688390,15
4530,291.505070,12
4531,291.355320,12
4532,291.364940,8
4533,291.595470,15
4534,291.871310,13
4535,291.041110,10
4536,291.956010,12
4537,291.373870,13
4538,292.196260,18
4539,291.836460,12
4540,292.188970,15
4541,291.625800,14
4542,291.993970,12
4543,292.239340,16
4544,291.342300,14
4545,291.649070,14
4546,290.730940,18
4547,291.402300,17
4548,291.946530,13
4549,292.235180,12
4550,292.191020,11
4551,292.363910,12
4552,292.183600,14
4553,292.766810,15
4554,292.271170,10
4555,292.406140,11
4556,292.125940,12
4557,291.969790,15
4558,292.640960,12
4559,292.256230,13
4560,292.069300,17
4561,291.910480,11
4562,291.743960,16
4563,292.301400,14
4564,290.987080,17
4565,291.723300,14
4566,291.490130,15
4567,291.874340,15
4568,292.244160,12
4569,292.400430,12
4570,292.681010,18
4571,292.877580,9
4572,292.634020,13
4573,292.044160,14
4574,293.117430,12
4575,292.733480,19
4576,292.979810,14
4577,293.124720,15
4578,292.619000,15
4579,292.210720,15
4580,292.874130,10
4581,292.300650,10
4582,292.692380,12
4583,292.386300,11
4584,292.410600,9
4585,292.874050,14
4586,292.593660,8
4587,292.677340,12
4588,292.809450,11
4589,292.672540,8
4590,292.495880,17
4591,292.742110,13
4592,291.789860,11
4593,292.422610,16
4594,292.121540,9
4595,291.888850,16
4596,291.781060,15
4597,291.808980,12
4598,292.153590,16
4599,291.934120,16
4600,291.786910,16
4601,291.472790,8
4602,291.252130,18
4603,290.945970,15
4604,291.449250,12
4605,291.444210,17
4606,291.709160,17
4607,292.191140,9
4608,291.716910,14
4609,292.297920,17
4610,293.030740,17
4611,290.345940,15
4612,292.661380,12
4613,292.354130,16
4614,291.363060,18
4615,292.389140,15
4616,292.629370,15
4617,291.040690,18
4618,291.431180,15
4619,292.292000,17
4620,292.224380,20
4621,293.685150,21
4622,292.700290,15
4623,292.055680,14
4624,293.150730,18
4625,292.486670,16
4626,292.639670,15
4627,291.998680,17
4628,292.493720,18
4629,291.633260,15
4630,292.934010,9
4631,293.019900,10
4632,292.508800,10
4633,292.392230,8
4634,293.076660,10
4635,292.423590,11
4636,292.421310,14
4637,293.573290,11
4638,292.521140,12
4639,293.436250,12
4640,293.108750,14
4641,292.461670,9
4642,293.074590,12
4643,292.288930,16
4644,292.526360,11
4645,292.504380,13
4646,292.128130,15
4647,292.549190,12
4648,293.207400,14
4649,292.624390,13
4650,292.515590,12
4651,292.693830,14
4652,292.814180,15
4653,292.717670,12
4654,291.982730,18
4655,292.851140,17
4656,292.601040,17
4657,293.013720,17
4658,292.848710,13
4659,293.092840,12
4660,292.452680,16
4661,292.511740,10
4662,292.425580,11
4663,293.020340,10
4664,292.746760,12
4665,293.038920,13
4666,292.625190,14
4667,293.085290,10
4668,293.253300,14
4669,293.097340,11
4670,292.476490,19
4671,292.970510,13
4672,293.409770,17
4673,292.965250,16
4674,292.349300,16
4675,292.803690,17
4676,292.529560,16
4677,292.786600,15
4678,292.905210,14
4679,293.195040,13
4680,292.569580,16
4681,293.307080,13
4682,293.122200,13
4683,292.808330,12
4684,292.975230,11
4685,293.037190,14
4686,293.209410,10
4687,292.996610,16
4688,292.356580,14
4689,293.192980,14
4690,293.254900,13
4691,292.691800,17
4692,293.121750,13
4693,292.548830,16
4694,293.352750,14
4695,293.487000,14
4696,293.248300,16
4697,293.514920,20
4698,292.845970,13
4699,292.937080,14
4700,293.408580,10
4701,293.380990,7
4702,293.325560,7
4703,293.169660,13
4704,293.332520,9
4705,293.109410,7
4706,293.506640,8
4707,293.587360,10
4708,292.499740,10
4709,293.136220,6
4710,292.528810,14
4711,292.781510,14
4712,292.655140,14
4713,292.749370,11
4714,292.871120,13
4715,292.405640,12
4716,292.561850,14
4717,292.758620,12
4718,292.553250,12
4719,292.959640,14
4720,292.709810,14
4721,292.979870,19
4722,292.518050,13
4723,292.699570,17
4724,293.371810,18
4725,293.291590,17
4726,293.121420,15
4727,293.293830,19
4728,292.363370,16
4729,293.060640,17
4730,292.789840,13
4731,292.908530,16
4732,292.967640,15
4733,292.489220,16
4734,293.711520,17
4735,292.954980,16
4736,293.436570,16
4737,293.131680,14
4738,293.584490,17
4739,293.705260,11
4740,292.636580,17
4741,294.047900,16
4742,293.422130,13
4743,292.715000,14
4744,293.970540,15
4745,293.265280,16
4746,292.969130,13
4747,294.015940,14
4748,293.565610,14
4749,293.567000,13
4750,292.822190,13
4751,292.810420,11
4752,292.492830,8
4753,292.445670,11
4754,292.907680,9
4755,292.692830,11
4756,292.687680,10
4757,292.662280,11
4758,293.212580,9
4759,292.346970,10
4760,292.237170,11
4761,292.113030,13
4762,292.011330,10
4763,292.253630,12
4764,292.352900,9
4765,292.510620,10
4766,292.137790,11
4767,292.568610,10
4768,292.540560,11
4769,292.310490,10
4770,292.197290,16
4771,293.058330,12
4772,293.574270,14
4773,292.411980,12
4774,292.379720,17
4775,292.862500,15
4776,292.538070,11
4777,292.908410,15
4778,293.083590,11
4779,293.148890,16
4780,292.902030,15
4781,293.117190,17
4782,292.684760,14
4783,291.995110,14
4784,293.157140,15
4785,293.129920,14
4786,292.343190,15
4787,293.373910,15
4788,292.482210,14
4789,292.831570,16
4790,293.834440,16
4791,293.101530,13
4792,292.822850,12
4793,293.242020,11
4794,292.877670,12
4795,292.296430,15
4796,293.076700,12
4797,293.026450,7
4798,293.281210,14
4799,293.545700,11
4800,293.082710,14
4801,293.158310,9
4802,293.049590,10
4803,293.387350,12
4804,293.564230,8
4805,293.394650,13
4806,293.571030,10
4807,292.686610,9
4808,293.127820,9
4809,293.005720,13
4810,293.351710,15
4811,293.202230,17
4812,292.045900,18
4813,292.730580,17
4814,292.595150,16
4815,292.609780,18
4816,293.061130,16
4817,292.426740,15
4818,292.348450,14
4819,292.577720,13
4820,292.632120,12
4821,293.278440,12
4822,293.000380,14
4823,293.124050,10
4824,292.510780,12
4825,293.121700,13
4826,292.857130,12
4827,292.575130,15
4828,292.379500,15
4829,292.770210,11
4830,292.723030,12
4831,293.422390,11
4832,292.500280,14
4833,292.680390,12
4834,293.545850,11
4835,293.329690,12
4836,292.560790,9
4837,292.790950,13
4838,293.294610,11
4839,293.239970,12
4840,293.015940,10
4841,292.837480,14
4842,292.729130,9
4843,293.175280,12
4844,292.819830,10
4845,292.827960,10
4846,292.738570,10
4847,292.949790,12
4848,292.672060,10
4849,293.092450,9
4850,293.347210,14
4851,293.849300,14
4852,293.634130,15
4853,293.346450,16
4854,293.931850,13
4855,292.973790,10
4856,292.951040,12
4857,293.149370,12
4858,293.655680,14
4859,293.362250,15
4860,291.878560,15
4861,292.644950,12
4862,292.309760,15
4863,293.126750,11
4864,292.990050,13
4865,292.778050,17
4866,292.876820,14
4867,293.238810,15
4868,292.664490,13
4869,293.386250,13
4870,292.847460,8
4871,293.174210,13
4872,292.548320,12
4873,293.289590,9
4874,293.369200,14
4875,292.633890,11
4876,292.912620,8
4877,292.661710,9
4878,292.639880,9
4879,292.799320,7
4880,293.373970,13
4881,293.205490,10
4882,292.107140,13
4883,293.088260,12
4884,293.188690,10
4885,293.146090,13
4886,293.016250,13
4887,292.417420,11
4888,293.041330,10
4889,293.104980,13
4890,293.562860,13
4891,293.325410,16
4892,293.094210,12
4893,292.803560,13
4894,293.388290,12
4895,293.113140,12
4896,293.569540,14
4897,292.999080,12
4898,293.380860,12
4899,293.598380,12
4900,293.589320,9
4901,293.093900,11
4902,293.496460,11
4903,293.731870,9
4904,292.967190,12
4905,293.830750,11
4906,293.346380,7
4907,293.399390,12
4908,293.295170,11
4909,292.567760,14
4910,293.158120,10
4911,292.745820,7
4912,293.445500,10
4913,293.013950,8
4914,293.509650,10
4915,292.696640,8
4916,293.401230,12
4917,293.800770,11
4918,293.132210,8
4919,292.758650,12
4920,292.396320,9
4921,292.842810,6
4922,292.532240,11
4923,292.947550,13
4924,293.476390,13
4925,292.652710,11
4926,293.175200,10
4927,292.636440,7
4928,292.533690,8
4929,293.514420,12
4930,292.440980,12
4931,293.412600,11
4932,293.221020,10
4933,292.661690,13
4934,292.400180,19
4935,292.443760,16
4936,293.220920,14
4937,293.333370,12
4938,293.346860,17
4939,292.676700,15
4940,293.007630,9
4941,292.396190,11
4942,292.868100,13
4943,293.582990,13
4944,292.487830,14
4945,293.424020,14
4946,292.566860,13
4947,292.609380,11
4948,292.578500,10
4949,292.523570,12
4950,293.161180,10
4951,292.957900,8
4952,292.748710,9
4953,292.164360,10
4954,292.523230,11
4955,292.593830,11
4956,292.345730,10
4957,293.428790,11
4958,293.311360,7
4959,292.654460,9
4960,292.518530,10
4961,292.967220,13
4962,292.494480,13
4963,292.344360,12
4964,292.172700,10
4965,292.951380,14
4966,292.365670,14
4967,292.860930,16
4968,292.682940,14
4969,292.645240,12
4970,291.701470,13
4971,292.591340,10
4972,292.419270,14
4973,291.637210,16
4974,293.063000,11
4975,292.668890,15
4976,292.202450,14
4977,292.065730,12
4978,291.731920,15
4979,292.344160,10
4980,292.071910,11
4981,292.777910,16
4982,292.444480,15
4983,292.549380,16
4984,292.622770,12
4985,291.660660,13
4986,292.488320,13
4987,292.380590,16
4988,292.465610,10
4989,292.107620,20
4990,292.180940,10
4991,292.788980,11
4992,292.466120,11
4993,292.449540,11
4994,292.142390,11
4995,292.761470,9
4996,293.000080,9
4997,292.466500,12
4998,292.927610,14
4999,292.367220,11
5000,291.908020,17
5001,292.795980,13
5002,292.566840,12
5003,291.905580,15
5004,292.012200,18
5005,292.745890,14
5006,291.940550,15
5007,292.277360,14
5008,292.213260,11
5009,292.085280,14
5010,292.229340,13
5011,292.231180,12
5012,291.851720,12
5013,291.948360,13
5014,291.795600,11
5015,292.101610,15
5016,292.376030,15
5017,291.180490,11
5018,291.627650,9
5019,291.731980,16
5020,291.546810,11
5021,292.204580,11
5022,291.620550,8
5023,291.247490,12
5024,292.305830,11
5025,292.339210,12
5026,291.652460,11
5027,292.087310,9
5028,292.036370,9
5029,291.703610,8
5030,292.190970,12
5031,291.892500,14
5032,292.072230,14
5033,292.244810,15
5034,292.986230,16
5035,292.471240,13
5036,292.385200,13
5037,291.873650,10
5038,292.128340,18
5039,292.078830,13
5040,292.017900,16
5041,291.426340,15
5042,291.680950,12
5043,291.941050,15
5044,291.270230,15
5045,291.180080,14
5046,291.622900,17
5047,291.707030,17
5048,291.188980,16
5049,291.493810,12
5050,291.320950,16
5051,291.289590,14
5052,291.137670,14
5053,292.252950,13
5054,290.624590,19
5055,292.393400,13
5056,292.286730,14
5057,291.171190,14
5058,291.939300,11
5059,290.917280,15
5060,291.402220,12
5061,290.807930,10
5062,291.312140,12
5063,290.727720,9
5064,290.786070,12
5065,291.462360,11
5066,291.031820,10
5067,291.111670,11
5068,290.788500,9
5069,290.322930,11
5070,290.047120,11
5071,290.557480,12
5072,290.092700,12
5073,290.833440,13
5074,290.773570,13
5075,290.642210,11
5076,290.823750,13
5077,290.760590,11
5078,291.004980,15
5079,290.577820,13
5080,290.849890,12
5081,290.890870,10
5082,290.454680,15
5083,291.178890,12
5084,290.996870,13
5085,291.723960,12
5086,291.120530,10
5087,291.121420,12
5088,291.466370,9
5089,290.676740,13
5090,291.067510,12
5091,290.174540,14
5092,290.746050,11
5093,291.135130,11
5094,290.248820,13
5095,290.799040,11
5096,290.570020,13
5097,290.193990,13
5098,290.793840,11
5099,289.672840,14
5100,289.523960,11
5101,290.212370,13
5102,290.224130,12
5103,290.155490,11
5104,289.722210,14
5105,290.153000,12
5106,289.487700,13
5107,289.969040,13
5108,290.049710,13
5109,290.038340,11
5110,290.033610,14
5111,290.271280,13
5112,290.028850,16
5113,290.928550,12
5114,289.945740,16
5115,290.363680,11
5116,290.829010,17
5117,289.737330,13
5118,289.409130,14
5119,289.856320,18
5120,290.736170,10
5121,290.869650,11
5122,290.001010,8
5123,290.710510,10
5124,290.823230,11
5125,290.077290,13
5126,290.311140,9
5127,290.377760,9
5128,289.955720,13
5129,290.335500,12
5130,289.881540,10
5131,289.846510,10
5132,290.123830,12
5133,290.292070,13
5134,290.454550,11
5135,290.059460,10
5136,290.682950,9
5137,290.229700,14
5138,289.762300,10
5139,290.346280,11
5140,290.044590,12
5141,289.783870,12
5142,289.449880,13
5143,289.869370,14
5144,290.523540,13
5145,289.956130,11
5146,289.909300,12
5147,290.437700,7
5148,290.015080,11
5149,290.579920,8
5150,290.465790,12
5151,290.500470,12
5152,291.079350,12
5153,290.134830,8
5154,290.539740,9
5155,290.957980,15
5156,290.262250,13
5157,290.518520,13
5158,290.868760,15
5159,291.152540,8
5160,290.971110,10
5161,291.086560,11
5162,291.435380,11
5163,291.021950,12
5164,290.906170,9
5165,291.537710,11
5166,290.776810,14
5167,291.136800,13
5168,291.248740,12
5169,290.713820,9
5170,291.240750,16
5171,291.398350,13
5172,291.251870,16
5173,291.201050,14
5174,291.127740,15
5175,290.716860,9
5176,291.848180,17
5177,291.026390,14
5178,291.586390,16
5179,290.633280,15
5180,291.522780,15
5181,291.224060,19
5182,291.126230,12
5183,290.664080,15
5184,290.428350,16
5185,290.964820,14
5186,291.603200,15
5187,291.219430,13
5188,291.048490,18
5189,291.529380,14
5190,290.387340,12
5191,291.067370,13
5192,291.093860,8
5193,291.570110,17
5194,291.512070,12
5195,291.172210,12
5196,291.073650,14
5197,290.080520,13
5198,290.845910,11
5199,291.016170,11
5200,291.016170,0
