{
  "out_of_group_mass_distribution": {
    "n": 1440,
    "min": 1.733934755299149e-05,
    "median": 2.4524585663210363e-05,
    "mean": 2.4476273793486314e-05,
    "q95": 2.7813959420985857e-05,
    "max": 3.2234185150525896e-05,
    "frac_flagged_gt_0.10": 0.0
  },
  "marginal_disposition": {
    "p_sell_gain": {
      "mean": 0.7625094353103928,
      "lo": 0.7558962497729521,
      "hi": 0.7682868234742325,
      "boot_mean": 0.762406693963562,
      "boot_sd": 0.003234240382481422,
      "n": 228,
      "frac_positive": 1.0
    },
    "p_sell_loss": {
      "mean": 0.7480373203434338,
      "lo": 0.7408132258885217,
      "hi": 0.7543732873722301,
      "boot_mean": 0.7480556323055396,
      "boot_sd": 0.0034371994749318137,
      "n": 252,
      "frac_positive": 1.0
    },
    "disposition_proxy": {
      "mean": 0.014472114966958993,
      "lo": 0.005032713371407927,
      "hi": 0.023992312950978756,
      "boot_sd": 0.004884964842600535,
      "frac_positive": 1.0,
      "n_gain": 228,
      "n_loss": 252
    }
  },
  "paired_disposition": {
    "disposition_proxy_paired": {
      "mean": 0.01724409469100792,
      "lo": 0.010234458018481753,
      "hi": 0.024867169305815593,
      "boot_mean": 0.017415527789084843,
      "boot_sd": 0.003818057437155591,
      "n": 240,
      "frac_positive": 0.6208333333333333
    },
    "per_pair_diffs_summary": {
      "mean": 0.01724409469100792,
      "median": 0.022192714122056922,
      "sd": 0.058328178477249706,
      "min": -0.1505706590171596,
      "max": 0.16954353173891068,
      "q10": -0.06245215502818368,
      "q90": 0.08574497162773759
    }
  },
  "ath_asymmetry": {
    "ath_asymmetry": {
      "mean": -0.008304755903377713,
      "lo": -0.010949252091211654,
      "hi": -0.005557167499715306,
      "boot_mean": -0.008287465390420762,
      "boot_sd": 0.0013833847318619065,
      "n": 240,
      "frac_positive": 0.3375
    },
    "ath_asymmetry_by_sign": {
      "gain": {
        "mean": -0.0013809834305502757,
        "lo": -0.004260534459099933,
        "hi": 0.001459490702767565,
        "boot_mean": -0.001372079314178399,
        "boot_sd": 0.0014382435621067041,
        "n": 127,
        "frac_positive": 0.41732283464566927
      },
      "loss": {
        "mean": -0.016086340894962532,
        "lo": -0.02045684469861669,
        "hi": -0.011695492548974309,
        "boot_mean": -0.016086631504111763,
        "boot_sd": 0.0021563601401493548,
        "n": 113,
        "frac_positive": 0.24778761061946902
      }
    },
    "per_pair_diffs_summary": {
      "mean": -0.008304755903377713,
      "median": -0.0085308604746549,
      "sd": 0.0208949973100727,
      "min": -0.0628513946109509,
      "max": 0.0652145227854829,
      "q10": -0.03438659994857372,
      "q90": 0.01848914953011681
    }
  },
  "n_exploration": {
    "random": 480,
    "disposition_pairs": 240,
    "ath_pairs": 240
  }
}