{
  "decision": "PASS_STAGE2_LOSS_CONDITIONAL",
  "verdict": "ATH asymmetry is POSITIVE in the (now-valid) LOSS context => ATH effect is loss-conditional. Proceed to Stage 2 with v_ATH identification restricted to the loss context.",
  "provisional_v1_decision": "YEE_SHARMA_FALLBACK",
  "rule": "loss-context ATH>0 -> Stage2 loss-conditional; gain>0 -> Stage2; both null -> MODEL-baseline/P1",
  "metrics": {
    "out_of_group_mass": {
      "n": 1440,
      "median": 2.4570036660009897e-05,
      "max": 3.2234185150525896e-05,
      "frac_flagged": 0.0
    },
    "disposition_proxy_paired": {
      "mean": 0.023250126498286613,
      "lo": 0.016249464173647695,
      "hi": 0.03009835724335571,
      "boot_mean": 0.023405238531886887,
      "boot_sd": 0.0035519054285864317,
      "n": 240,
      "frac_positive": 0.65
    },
    "disposition_proxy_marginal": {
      "mean": 0.024789651616125785,
      "lo": 0.015119285441542119,
      "hi": 0.03446016092860822,
      "boot_sd": 0.00494920216143093,
      "frac_positive": 1.0,
      "n_gain": 228,
      "n_loss": 252
    },
    "clean_probe_ath": {
      "gain": {
        "mean": -0.0013809834305502757,
        "lo": -0.004260534459099933,
        "hi": 0.001459490702767565,
        "boot_mean": -0.001372079314178399,
        "boot_sd": 0.0014382435621067041,
        "n": 127,
        "frac_positive": 0.41732283464566927
      },
      "loss": {
        "mean": 0.010697365746230501,
        "lo": 0.006714423828077565,
        "hi": 0.01460816588816247,
        "boot_mean": 0.010676984662936926,
        "boot_sd": 0.0020159426248607206,
        "n": 113,
        "frac_positive": 0.6814159292035398
      },
      "overall": {
        "mean": 0.00430590597351734,
        "lo": 0.0017351049125621095,
        "hi": 0.006988155891053816,
        "boot_mean": 0.004315020954311756,
        "boot_sd": 0.001310619043918524,
        "n": 240,
        "frac_positive": 0.5416666666666666
      }
    },
    "behavioral_framing_ath": {
      "gain": {
        "mean": 0.003933266222370109,
        "lo": -0.001987391350194613,
        "hi": 0.00954703140849177,
        "boot_mean": 0.003668791339025563,
        "boot_sd": 0.0029108472663588823,
        "n": 127,
        "frac_positive": 0.5039370078740157
      },
      "loss": {
        "mean": -0.07036474910923358,
        "lo": -0.08344165593903564,
        "hi": -0.05730726108208544,
        "boot_mean": -0.07001451668608588,
        "boot_sd": 0.0064715881283694794,
        "n": 113,
        "frac_positive": 0.10619469026548672
      },
      "overall": {
        "mean": -0.031048715996259964,
        "lo": -0.039475281043227395,
        "hi": -0.023387528237262874,
        "boot_mean": -0.030926983322329207,
        "boot_sd": 0.0041571735020884985,
        "n": 240,
        "frac_positive": 0.31666666666666665
      }
    },
    "n_exploration": {
      "random": 480,
      "disposition_pairs": 240,
      "ath_pairs": 240
    }
  },
  "canonical_wording": "sec1_faithful",
  "robustness_caveat": "ATH loss-context sign is framing-dependent: clean-probe +0.0107 [+0.0067,+0.0146] vs behavioral-framing -0.0704 [-0.0834,-0.0573]. PASS uses canonical clean-probe; Stage 2 must verify direction across >=1 other neutral wording (small ~1pp effect; power held-out n). Yuito to confirm PASS-with-caveat vs gate-fail."
}